# Sci-fi chess by Drummyfish (CC0); converted for OTBMaster3D
v -3.8483541 2.8309300 -1.7844901
v -3.9445796 2.9190590 -1.4892929
v -3.8541572 2.7993944 -1.7750754
v -3.8708665 2.7716622 -1.7667962
v -3.8964667 2.7510788 -1.7606512
v -3.9278703 2.7401266 -1.7573814
v -3.9612889 2.7401266 -1.7573814
v -3.9926922 2.7510788 -1.7606512
v -4.0182924 2.7716622 -1.7667962
v -4.0350018 2.7993944 -1.7750754
v -4.0408049 2.8309300 -1.7844901
v -4.0350018 2.8624656 -1.7939049
v -4.0182924 2.8901978 -1.8021841
v -3.9926922 2.9107811 -1.8083291
v -3.9612889 2.9217334 -1.8115988
v -3.9278703 2.9217334 -1.8115988
v -3.8964670 2.9107811 -1.8083291
v -3.8708665 2.8901978 -1.8021841
v -3.8541572 2.8624659 -1.7939049
v -3.5241649 2.8309298 -1.7844901
v -3.6203902 2.9190588 -1.4892929
v -3.5299678 2.7993939 -1.7750754
v -3.5466774 2.7716618 -1.7667962
v -3.5722775 2.7510786 -1.7606511
v -3.6036808 2.7401261 -1.7573814
v -3.6370997 2.7401261 -1.7573814
v -3.6685030 2.7510786 -1.7606511
v -3.6941032 2.7716618 -1.7667962
v -3.7108126 2.7993939 -1.7750754
v -3.7166157 2.8309298 -1.7844901
v -3.7108126 2.8624654 -1.7939049
v -3.6941032 2.8901973 -1.8021841
v -3.6685030 2.9107809 -1.8083291
v -3.6370997 2.9217329 -1.8115988
v -3.6036808 2.9217329 -1.8115988
v -3.5722775 2.9107809 -1.8083291
v -3.5466774 2.8901973 -1.8021841
v -3.5299678 2.8624654 -1.7939049
v -3.4801571 3.1035247 -4.6862898
v -3.4801571 3.0803304 -4.6461158
v -3.4801571 3.0339420 -4.6461158
v -3.4801571 3.0107479 -4.6862898
v -3.4801571 3.0339420 -4.7264633
v -3.4801571 3.0803304 -4.7264633
v -3.3916037 3.1035247 -4.6534300
v -3.4107344 3.0803304 -4.6191616
v -3.4107344 3.0339420 -4.6191616
v -3.3916037 3.0107479 -4.6534300
v -3.3724728 3.0339420 -4.6876984
v -3.3724728 3.0803304 -4.6876984
v -3.3495355 3.1035247 -4.5996189
v -3.3780980 3.0803304 -4.5744390
v -3.3780980 3.0339420 -4.5744390
v -3.3495355 3.0107479 -4.5996189
v -3.3209727 3.0339420 -4.6247988
v -3.3209727 3.0803304 -4.6247988
v -3.3495355 3.1035247 -4.5996189
v -3.3780980 3.0803304 -4.5744390
v -3.3780980 3.0339420 -4.5744390
v -3.3495355 3.0107479 -4.5996189
v -3.3209727 3.0339420 -4.6247988
v -3.3209727 3.0803304 -4.6247988
v -3.3415718 3.1035247 -4.5148869
v -3.3782220 3.0803304 -4.5156398
v -3.3782220 3.0339420 -4.5156398
v -3.3415718 3.0107479 -4.5148869
v -3.3049219 3.0339420 -4.5141335
v -3.3049219 3.0803304 -4.5141335
v -3.3525684 3.1035247 -1.9459605
v -3.3892183 3.0803304 -1.9467134
v -3.3892183 3.0339420 -1.9467134
v -3.3525684 3.0107479 -1.9459605
v -3.3159184 3.0339420 -1.9452074
v -3.3159184 3.0803304 -1.9452074
v -3.3545942 3.0983095 -1.8327296
v -3.3912442 3.0780697 -1.8440824
v -3.3912442 3.0368962 -1.8654513
v -3.3545942 3.0159626 -1.8754675
v -3.3179440 3.0362024 -1.8641145
v -3.3179440 3.0773759 -1.8427455
v -3.3563440 3.0383387 -1.7326169
v -3.3929942 3.0247724 -1.7514448
v -3.3929942 2.9964476 -1.7881818
v -3.3563440 2.9816887 -1.8060901
v -3.3196940 2.9952548 -1.7872620
v -3.3196940 3.0235796 -1.7505255
v -3.3597183 2.9316461 -1.6905508
v -3.3963685 2.9262493 -1.7131209
v -3.3963685 2.9140034 -1.7578638
v -3.3597183 2.9071543 -1.7800364
v -3.3230684 2.9125509 -1.7574661
v -3.3230684 2.9247966 -1.7127235
v -3.3650455 2.6981425 -1.6529486
v -3.4016957 2.6992092 -1.6761308
v -3.4016957 2.6998374 -1.7225146
v -3.3650455 2.6993985 -1.7457173
v -3.3283956 2.6983314 -1.7225351
v -3.3283956 2.6977034 -1.6761513
v -3.3665621 2.5968969 -1.6682746
v -3.4032123 2.6042337 -1.6902909
v -3.4032123 2.6174636 -1.7347524
v -3.3665621 2.6233571 -1.7571983
v -3.3299122 2.6160200 -1.7351820
v -3.3299122 2.6027904 -1.6907206
v -3.3704708 2.3129158 -1.8703403
v -3.4071209 2.3287370 -1.8873179
v -3.4071209 2.3592448 -1.9222627
v -3.3704708 2.3739316 -1.9402306
v -3.3338208 2.3581100 -1.9232533
v -3.3338208 2.3276026 -1.8883085
v -3.3718939 2.2528095 -1.9877439
v -3.4085441 2.2756219 -1.9920027
v -3.4085441 2.3209219 -2.0019908
v -3.3718939 2.3434103 -2.0077205
v -3.3352439 2.3205976 -2.0034618
v -3.3352439 2.2752979 -1.9934735
v -3.3758721 2.2499814 -3.7536447
v -3.4125223 2.2731681 -3.7546043
v -3.4125223 2.3194299 -3.7580249
v -3.3758721 2.3425057 -3.7604866
v -3.3392222 2.3193190 -3.7595272
v -3.3392222 2.2730572 -3.7561064
v -3.3783603 2.3214796 -3.8937702
v -3.4150105 2.3348866 -3.8748281
v -3.4150105 2.3629003 -3.8378539
v -3.3783603 2.3775074 -3.8198211
v -3.3417103 2.3641009 -3.8387635
v -3.3417103 2.3360872 -3.8757377
v -3.3801742 2.4059844 -3.9577956
v -3.4168243 2.4193912 -3.9388537
v -3.4168243 2.4474049 -3.9018793
v -3.3801742 2.4620121 -3.8838465
v -3.3435242 2.4486055 -3.9027889
v -3.3435242 2.4205918 -3.9397631
v -3.7507315 3.4941628 -4.1851096
v -3.7507315 3.4941628 -2.9394288
v -3.7507315 4.2449594 -4.1851096
v -3.7507315 4.2449594 -2.9394288
v -3.1854575 2.8532877 -3.3387995
v -2.8374209 2.8532877 -3.3387995
v -2.8374209 2.8539071 -2.1313424
v -3.1854575 2.8539071 -2.1313424
v -3.1854575 2.8971586 -3.3387995
v -2.8374209 2.8971586 -3.3387995
v -2.8374209 2.8965392 -2.1209912
v -3.1854575 2.8965392 -2.1209912
v -2.8374209 2.8217711 -1.9978921
v -3.1854575 2.8217711 -1.9978921
v -2.8374209 2.8623171 -1.9811385
v -3.1854575 2.8623171 -1.9811385
v -2.8374209 2.7534018 -1.8951226
v -3.1854575 2.7534018 -1.8951226
v -2.8374209 2.7858512 -1.8655982
v -3.1854575 2.7858512 -1.8655982
v -2.8374209 2.6562691 -1.8223904
v -3.1854575 2.6562691 -1.8223904
v -2.8374209 2.6681602 -1.7801616
v -3.1854575 2.6681602 -1.7801616
v -2.8374209 2.5120540 -1.7864501
v -3.1854575 2.5120540 -1.7864501
v -2.8374209 2.5169866 -1.7428572
v -3.1854575 2.5169866 -1.7428572
v -2.8374209 2.3704007 -1.8126183
v -3.1854575 2.3704007 -1.8126183
v -2.8374209 2.3546224 -1.7716827
v -3.1854575 2.3546224 -1.7716827
v -2.8374209 2.2565472 -1.8774507
v -3.1854575 2.2565472 -1.8774507
v -2.8374209 2.2224541 -1.8498404
v -3.1854575 2.2224541 -1.8498404
v -2.8374209 2.1729727 -1.9806473
v -3.1854575 2.1729727 -1.9806473
v -2.8374209 2.1388798 -1.9530370
v -3.1854575 2.1388798 -1.9530370
v -2.8374209 2.1280389 -2.0977941
v -3.1854572 2.1280389 -2.0977941
v -2.8374209 2.0859079 -2.0855603
v -3.1854572 2.0859079 -2.0855603
v -2.8374209 2.0453849 -2.8199680
v -3.1854572 2.0453849 -2.8199680
v -2.8374209 2.0015142 -2.8198080
v -3.1854572 2.0015142 -2.8198080
v -2.8374209 2.0488238 -3.4125366
v -3.1854572 2.0488238 -3.4125366
v -2.8374209 2.0049534 -3.4123769
v -3.1854572 2.0049534 -3.4123769
v -2.8374214 2.8539066 -4.5477500
v -3.1854577 2.8539066 -4.5477500
v -2.8374214 2.8965392 -4.5581007
v -3.1854577 2.8965392 -4.5581007
v -2.8374214 2.8217709 -4.6812000
v -3.1854577 2.8217709 -4.6812000
v -2.8374214 2.8623171 -4.6979542
v -3.1854577 2.8623171 -4.6979542
v -2.8374214 2.7534013 -4.7839699
v -3.1854577 2.7534013 -4.7839699
v -2.8374214 2.7858510 -4.8134942
v -3.1854577 2.7858510 -4.8134942
v -2.8374214 2.6562691 -4.8567019
v -3.1854577 2.6562691 -4.8567019
v -2.8374214 2.6681600 -4.8989305
v -3.1854577 2.6681600 -4.8989305
v -2.8374214 2.5120540 -4.8926420
v -3.1854577 2.5120540 -4.8926420
v -2.8374214 2.5169864 -4.9362350
v -3.1854577 2.5169864 -4.9362350
v -2.8374214 2.3704004 -4.8664742
v -3.1854577 2.3704004 -4.8664742
v -2.8374214 2.3546224 -4.9074097
v -3.1854577 2.3546224 -4.9074097
v -2.8374214 2.2565470 -4.8016415
v -3.1854577 2.2565470 -4.8016415
v -2.8374214 2.2224538 -4.8292522
v -3.1854577 2.2224538 -4.8292522
v -2.8374214 2.1729724 -4.6984453
v -3.1854577 2.1729724 -4.6984453
v -2.8374214 2.1388795 -4.7260551
v -3.1854577 2.1388795 -4.7260551
v -2.8374214 2.1280384 -4.5812984
v -3.1854577 2.1280384 -4.5812984
v -2.8374214 2.0859077 -4.5935316
v -3.1854577 2.0859077 -4.5935316
v -2.8374214 2.0453846 -3.8591242
v -3.1854577 2.0453846 -3.8591242
v -2.8374214 2.0015140 -3.8592844
v -3.1854577 2.0015140 -3.8592844
v -3.5420077 3.0566373 -4.4570842
v -3.5420077 3.0566373 -2.2933297
v -3.1938992 3.0025852 -5.0224295
v -3.1938992 3.0025852 -1.8604057
v -3.1938992 2.3691669 -4.9927511
v -3.1938992 2.3691669 -1.9790115
v -3.1938992 2.8832030 -5.0557666
v -3.1938992 2.8790367 -1.8232569
v -2.7369061 3.0025852 -5.0224295
v -2.7369061 3.0025852 -1.8604057
v -2.7354212 2.8832030 -5.0557666
v -2.7369061 2.8790367 -1.8232569
v -3.1938992 2.9700892 -1.7322638
v -3.1938992 2.8455257 -1.7658523
v -2.7369061 2.9700892 -1.7322638
v -2.7369061 2.8455257 -1.7658523
v -3.1938992 2.8460209 -1.6247475
v -3.1938992 2.8113556 -1.7326076
v -2.7369061 2.8460209 -1.6247475
v -2.7369061 2.8113556 -1.7326076
v -3.1938992 2.7264645 -1.5942310
v -3.1938992 2.7188387 -1.7072679
v -2.7369061 2.7264645 -1.5942310
v -2.7369061 2.7188387 -1.7072679
v -3.1938992 2.6649282 -1.7588784
v -3.1938992 2.5833211 -5.1474285
v -3.1938992 2.8830233 -4.9105229
v -2.7354212 2.8830233 -4.9105229
v -3.5420077 3.9787853 -2.2933297
v -2.7354212 2.5811200 -5.0105324
v -3.5420077 3.9787853 -4.4570842
v -2.7354212 2.5833211 -5.1474285
v -3.1938992 2.5811200 -5.0105324
v -2.7356644 2.8823695 -4.5635180
v -2.7368259 2.8792520 -2.1378536
v -2.8253121 2.5788417 -4.4540691
v -2.8256238 2.5756195 -2.2443609
v -2.7370944 2.5755801 -2.2478352
v -2.7359328 2.5786977 -4.4541903
v -2.8253553 2.8792913 -2.1340086
v -2.8250439 2.8825135 -4.5633836
v -3.5757375 3.4941628 -3.2971036
v -3.5757375 4.2449594 -3.2964180
v -3.5757375 4.2449594 -3.8111176
v -3.5757375 3.4941628 -3.8113046
v -4.0634236 4.1806669 -2.9394288
v -4.0363913 4.1613989 -2.9394288
v -4.0243855 4.1221299 -2.9394288
v -4.0362411 4.0841737 -2.9394288
v -4.0614324 4.0651226 -2.9394288
v -4.0634236 4.1806669 -1.8992002
v -4.0363913 4.1613989 -1.8992002
v -4.0243855 4.1221299 -1.8992002
v -4.0362411 4.0841737 -1.8992002
v -4.0614324 4.0651226 -1.8992002
v -4.0654845 4.2098050 -1.8989371
v -4.0248456 4.1808391 -1.8989371
v -4.0067973 4.1218047 -1.8989371
v -4.0246201 4.0647440 -1.8989371
v -4.0624905 4.0361042 -1.8989371
v -4.0654845 4.2098050 -1.6802176
v -4.0248456 4.1808391 -1.6802176
v -4.0067973 4.1218047 -1.6802176
v -4.0246201 4.0647440 -1.6802176
v -4.0624905 4.0361042 -1.6802176
v -4.0677495 4.1714792 -1.6802176
v -4.0450068 4.1552696 -1.6802176
v -4.0349069 4.1222324 -1.6802176
v -4.0448809 4.0902996 -1.6802176
v -4.0660739 4.0742722 -1.6802176
v -4.0677495 4.1714792 -2.7548542
v -4.0450068 4.1552696 -2.7548542
v -4.0349069 4.1222324 -2.7548542
v -4.0448809 4.0902996 -2.7548542
v -4.0660739 4.0742722 -2.7548542
v -2.8065696 3.0025852 -2.1680775
v -3.1114817 3.0025852 -2.1701484
v -3.1194522 3.0025852 -4.5096636
v -2.8054764 3.0025852 -4.5116820
v -2.8562846 3.1310432 -2.3265810
v -3.0628436 3.1310432 -2.3283718
v -3.0682430 3.1310432 -4.3514366
v -2.8555441 3.1310432 -4.3531818
v -3.0646119 3.1310432 -2.7704170
v -2.8560524 3.1310432 -2.7706070
v -3.0659235 3.1310432 -3.5843928
v -2.8558626 3.1310432 -3.5842113
v -3.1150470 3.0029731 -2.9693193
v -2.8052619 3.0029731 -2.9704070
v -3.1150470 3.0029731 -3.4645748
v -2.8052619 3.0029731 -3.4656625
v -3.3780150 2.9924152 -4.6392622
v -3.3780150 2.9924152 -2.1111519
v -3.5420077 3.0566373 -4.4570842
v -3.5420077 3.0566373 -2.2933297
v -3.1938992 3.0025852 -5.0224295
v -3.1938992 3.0025852 -1.8604057
v -3.4607663 3.0298316 -4.5191884
v -3.4559412 3.0205798 -2.2128587
v -3.5969293 3.4941628 -3.1485898
v -3.5957174 4.2449594 -3.1453116
v -3.6732006 3.4941628 -2.9890254
v -3.6742370 4.2449594 -2.9868872
v -3.6078315 3.4941628 -3.9714704
v -3.6060748 4.2449594 -3.9675927
v -3.6820636 3.4941628 -4.1284823
v -3.6783416 4.2449594 -4.1204672
v -3.7507315 4.0034389 -4.1851096
v -3.7507315 4.0034389 -2.9394288
v -3.7507315 4.2449594 -4.1851096
v -3.7507315 4.2449594 -2.9394288
v -3.5757375 4.0034389 -3.2971036
v -3.5757375 4.2449594 -3.2964180
v -3.5757375 4.2449594 -3.8111176
v -3.5757375 4.0034389 -3.8113046
v -4.0634236 4.1806669 -2.9394288
v -4.0363913 4.1613989 -2.9394288
v -4.0243855 4.1221299 -2.9394288
v -4.0362411 4.0841737 -2.9394288
v -4.0614324 4.0651226 -2.9394288
v -3.5969293 4.0034389 -3.1485898
v -3.5957174 4.2449594 -3.1453116
v -3.6732006 4.0034389 -2.9890254
v -3.6742370 4.2449594 -2.9868872
v -3.6078315 4.0034389 -3.9714704
v -3.6060748 4.2449594 -3.9675927
v -3.6820636 4.0034389 -4.1284823
v -3.6783416 4.2449594 -4.1204672
v -3.6034904 3.8985102 -2.2933297
v -3.6000051 3.1141005 -2.2933297
v -3.6034904 3.8985102 -2.5641639
v -3.6000051 3.1141005 -2.3303456
v -3.1938992 3.0025852 -5.0224295
v -3.1938992 3.0025852 -1.8604057
v -2.7369061 3.0025852 -5.0224295
v -2.7369061 3.0025852 -1.8604057
v -3.1938992 2.9700892 -1.7322638
v -2.7369061 2.9700892 -1.7322638
v -3.1938992 2.8460209 -1.6247475
v -2.7369061 2.8460209 -1.6247475
v -3.1938992 2.7264645 -1.5942310
v -2.7369061 2.7264645 -1.5942310
v -2.8065696 3.0025852 -2.1680775
v -3.1114817 3.0025852 -2.1701484
v -3.1194522 3.0025852 -4.5096636
v -2.8054764 3.0025852 -4.5116820
v -3.1150470 3.0029731 -2.9693193
v -2.8052619 3.0029731 -2.9704070
v -3.1150470 3.0029731 -3.4645748
v -2.8052619 3.0029731 -3.4656625
v -3.9268265 4.2152271 -3.1635585
v -3.7584534 4.2152271 -3.3503704
v -3.7596931 4.2152271 -3.7090344
v -3.9333148 4.2152271 -3.8900294
v -3.9333148 4.2449594 -3.8900294
v -3.7596931 4.2449594 -3.7090344
v -3.7584534 4.2449594 -3.3503704
v -3.9268265 4.2449594 -3.1635585
v -3.3134327 3.0339420 -2.4808497
v -3.3134432 3.0803304 -2.4784002
v -3.3127441 3.0339420 -2.6416974
v -3.3127563 3.0803304 -2.6388454
v -3.2172852 3.0339420 -2.4989648
v -3.2172956 3.0803304 -2.4970763
v -3.2165966 3.0339420 -2.6229751
v -3.2166088 3.0803304 -2.6207764
v -3.1585779 3.0339420 -2.5368257
v -3.1585886 3.0803304 -2.5361218
v -3.1578894 3.0339420 -2.5830493
v -3.1579018 3.0803304 -2.5822299
v -3.3075457 3.0339420 -3.8860970
v -3.3075702 3.0803304 -3.8802080
v -3.3067276 3.0339420 -4.0818715
v -3.3067603 3.0803304 -4.0740480
v -3.2129967 3.0339422 -3.9162626
v -3.2130215 3.0803308 -3.9122839
v -3.2121789 3.0339422 -4.0485330
v -3.2122116 3.0803308 -4.0432472
v -3.1570632 3.0339422 -3.9494133
v -3.1570878 3.0803308 -3.9475272
v -3.1562452 3.0339422 -4.0121155
v -3.1562781 3.0803308 -4.0096097
v -3.5921602 3.6940622 -3.9544880
v -3.5921602 3.6991534 -4.3954992
v -3.5921602 3.9072909 -4.3956790
v -3.5921602 3.9064674 -2.3591161
v -3.5420077 3.1335392 -2.3506107
v -3.5420077 3.1252680 -2.5764797
v -3.5420077 3.2859921 -2.6420276
v -3.5420077 3.3946753 -2.7581820
v -3.5420077 3.5075872 -2.9441042
v -3.5420077 3.6136365 -3.2082195
v -3.5420077 3.6771669 -3.5582938
v -3.5921602 3.6771672 -3.5604904
v -3.5921602 3.6136365 -3.2104161
v -3.5921602 3.5075872 -2.9463010
v -3.5921602 3.3946753 -2.7603786
v -3.5921602 3.2859921 -2.6442242
v -3.5921602 3.1252682 -2.5786762
v -3.5921602 3.1335392 -2.3528075
v -3.5420077 3.6940620 -3.9522915
v -3.5420077 3.6991534 -4.3933029
v -3.5420077 3.9072907 -4.3934822
v -3.5420077 3.9064674 -2.3569193
v -3.5921602 3.6940622 -3.9544880
v -3.5921602 3.6991534 -4.3954992
v -3.5420077 3.1252680 -2.5764797
v -3.5420077 3.2859921 -2.6420276
v -3.5420077 3.3946753 -2.7581820
v -3.5420077 3.5075872 -2.9441042
v -3.5420077 3.6136365 -3.2082195
v -3.5420077 3.6771669 -3.5582938
v -3.5921602 3.6771672 -3.5604904
v -3.5921602 3.6136365 -3.2104161
v -3.5921602 3.5075872 -2.9463010
v -3.5921602 3.3946753 -2.7603786
v -3.5921602 3.2859921 -2.6442242
v -3.5921602 3.1252682 -2.5786762
v -3.5420077 3.6940620 -3.9522915
v -3.5420077 3.6991534 -4.3933029
v -3.3924172 3.0097818 -1.8136548
v -3.3922501 3.0474381 -1.7908407
v -3.9268265 4.2152271 -3.1635585
v -3.7584534 4.2152271 -3.3503704
v -3.7596931 4.2152271 -3.7090344
v -3.9333148 4.2152271 -3.8900294
v -3.9333148 4.2449594 -3.8900294
v -3.7596931 4.2449594 -3.7090344
v -3.7584534 4.2449594 -3.3503704
v -3.9268265 4.2449594 -3.1635585
v -4.0645957 3.1134715 -2.3303456
v -4.0619760 3.1134753 -2.2933297
v -4.0637193 3.8976676 -2.5641639
v -4.0512428 3.8978670 -2.2933297
v -4.3885136 2.8309300 -1.7844901
v -4.2922883 2.9190590 -1.4892929
v -4.3827105 2.7993944 -1.7750754
v -4.3660011 2.7716622 -1.7667962
v -4.3404012 2.7510788 -1.7606512
v -4.3089976 2.7401266 -1.7573814
v -4.2755790 2.7401266 -1.7573814
v -4.2441754 2.7510788 -1.7606512
v -4.2185755 2.7716622 -1.7667962
v -4.2018661 2.7993944 -1.7750754
v -4.1960630 2.8309300 -1.7844901
v -4.2018661 2.8624656 -1.7939049
v -4.2185755 2.8901978 -1.8021841
v -4.2441754 2.9107811 -1.8083291
v -4.2755790 2.9217334 -1.8115988
v -4.3089976 2.9217334 -1.8115988
v -4.3404012 2.9107811 -1.8083291
v -4.3660011 2.8901978 -1.8021841
v -4.3827105 2.8624659 -1.7939049
v -4.7127032 2.8309298 -1.7844901
v -4.6164775 2.9190588 -1.4892929
v -4.7069001 2.7993939 -1.7750754
v -4.6901908 2.7716618 -1.7667962
v -4.6645904 2.7510786 -1.7606511
v -4.6331868 2.7401261 -1.7573814
v -4.5997682 2.7401261 -1.7573814
v -4.5683651 2.7510786 -1.7606511
v -4.5427647 2.7716618 -1.7667962
v -4.5260553 2.7993939 -1.7750754
v -4.5202522 2.8309298 -1.7844901
v -4.5260553 2.8624654 -1.7939049
v -4.5427647 2.8901973 -1.8021841
v -4.5683651 2.9107809 -1.8083291
v -4.5997682 2.9217329 -1.8115988
v -4.6331868 2.9217329 -1.8115988
v -4.6645904 2.9107809 -1.8083291
v -4.6901903 2.8901973 -1.8021841
v -4.7069001 2.8624654 -1.7939049
v -4.1184340 3.1035247 -4.6862898
v -4.7567110 3.1035247 -4.6862898
v -4.1184340 3.0803306 -4.6461163
v -4.7567110 3.0803304 -4.6461158
v -4.1184340 3.0339422 -4.6461163
v -4.7567110 3.0339420 -4.6461158
v -4.1184340 3.0107479 -4.6862898
v -4.7567110 3.0107479 -4.6862898
v -4.1184340 3.0339422 -4.7264633
v -4.7567110 3.0339420 -4.7264633
v -4.1184340 3.0803306 -4.7264633
v -4.7567110 3.0803304 -4.7264633
v -4.8452644 3.1035247 -4.6534300
v -4.8261333 3.0803304 -4.6191616
v -4.8261333 3.0339420 -4.6191616
v -4.8452644 3.0107479 -4.6534300
v -4.8643951 3.0339420 -4.6876984
v -4.8643951 3.0803304 -4.6876984
v -4.8873324 3.1035247 -4.5996189
v -4.8587699 3.0803304 -4.5744390
v -4.8587699 3.0339420 -4.5744390
v -4.8873324 3.0107479 -4.5996189
v -4.9158955 3.0339420 -4.6247988
v -4.9158955 3.0803304 -4.6247988
v -4.8873324 3.1035247 -4.5996189
v -4.8587699 3.0803304 -4.5744390
v -4.8587699 3.0339420 -4.5744390
v -4.8873324 3.0107479 -4.5996189
v -4.9158955 3.0339420 -4.6247988
v -4.9158955 3.0803304 -4.6247988
v -4.8952961 3.1035247 -4.5148869
v -4.8586459 3.0803304 -4.5156398
v -4.8586459 3.0339420 -4.5156398
v -4.8952961 3.0107479 -4.5148869
v -4.9319458 3.0339420 -4.5141335
v -4.9319458 3.0803304 -4.5141335
v -4.8842998 3.1035247 -1.9459605
v -4.8476496 3.0803304 -1.9467134
v -4.8476496 3.0339420 -1.9467134
v -4.8842998 3.0107479 -1.9459605
v -4.9209495 3.0339420 -1.9452074
v -4.9209495 3.0803304 -1.9452074
v -4.8822737 3.0983095 -1.8327296
v -4.8456235 3.0780697 -1.8440824
v -4.8456235 3.0368962 -1.8654513
v -4.8822737 3.0159626 -1.8754675
v -4.9189239 3.0362024 -1.8641145
v -4.9189239 3.0773759 -1.8427455
v -4.8805237 3.0383387 -1.7326169
v -4.8438740 3.0247724 -1.7514448
v -4.8438740 2.9964476 -1.7881818
v -4.8805237 2.9816887 -1.8060901
v -4.9171739 2.9952548 -1.7872620
v -4.9171739 3.0235796 -1.7505255
v -4.8771496 2.9316461 -1.6905508
v -4.8404994 2.9262493 -1.7131209
v -4.8404994 2.9140034 -1.7578638
v -4.8771496 2.9071543 -1.7800364
v -4.9137998 2.9125509 -1.7574661
v -4.9137998 2.9247966 -1.7127235
v -4.8718224 2.6981425 -1.6529486
v -4.8351722 2.6992092 -1.6761308
v -4.8351722 2.6998374 -1.7225146
v -4.8718224 2.6993985 -1.7457173
v -4.9084721 2.6983314 -1.7225351
v -4.9084721 2.6977034 -1.6761513
v -4.8703055 2.5968969 -1.6682746
v -4.8336558 2.6042337 -1.6902909
v -4.8336558 2.6174636 -1.7347524
v -4.8703055 2.6233571 -1.7571983
v -4.9069557 2.6160200 -1.7351820
v -4.9069557 2.6027904 -1.6907206
v -4.8663969 2.3129158 -1.8703403
v -4.8297472 2.3287370 -1.8873179
v -4.8297472 2.3592448 -1.9222627
v -4.8663969 2.3739316 -1.9402306
v -4.9030471 2.3581100 -1.9232533
v -4.9030471 2.3276026 -1.8883085
v -4.8649740 2.2528095 -1.9877439
v -4.8283238 2.2756219 -1.9920027
v -4.8283238 2.3209219 -2.0019908
v -4.8649740 2.3434103 -2.0077205
v -4.9016237 2.3205976 -2.0034618
v -4.9016237 2.2752979 -1.9934735
v -4.8609958 2.2499814 -3.7536447
v -4.8243456 2.2731681 -3.7546043
v -4.8243456 2.3194299 -3.7580249
v -4.8609958 2.3425057 -3.7604866
v -4.8976455 2.3193190 -3.7595272
v -4.8976455 2.2730572 -3.7561064
v -4.8585076 2.3214796 -3.8937702
v -4.8218575 2.3348866 -3.8748281
v -4.8218575 2.3629003 -3.8378539
v -4.8585076 2.3775074 -3.8198211
v -4.8951578 2.3641009 -3.8387635
v -4.8951578 2.3360872 -3.8757377
v -4.8566937 2.4059844 -3.9577956
v -4.8200436 2.4193912 -3.9388537
v -4.8200436 2.4474049 -3.9018793
v -4.8566937 2.4620121 -3.8838465
v -4.8933439 2.4486055 -3.9027889
v -4.8933439 2.4205918 -3.9397631
v -4.1184340 3.4941628 -4.1851096
v -4.4861364 3.4941628 -4.1851096
v -4.4861364 3.4941628 -2.9394288
v -4.1184340 3.4941628 -2.9394288
v -4.1184340 4.2449594 -4.1851096
v -4.4861364 4.2449594 -4.1851096
v -4.4861364 4.2449594 -2.9394288
v -4.1184340 4.2449594 -2.9394288
v -5.0514107 2.8532877 -3.3387995
v -5.3994470 2.8532877 -3.3387995
v -5.3994470 2.8539071 -2.1313424
v -5.0514107 2.8539071 -2.1313424
v -5.0514107 2.8971586 -3.3387995
v -5.3994470 2.8971586 -3.3387995
v -5.3994470 2.8965392 -2.1209912
v -5.0514107 2.8965392 -2.1209912
v -5.3994470 2.8217711 -1.9978921
v -5.0514107 2.8217711 -1.9978921
v -5.3994470 2.8623171 -1.9811385
v -5.0514107 2.8623171 -1.9811385
v -5.3994470 2.7534018 -1.8951226
v -5.0514107 2.7534018 -1.8951226
v -5.3994470 2.7858512 -1.8655982
v -5.0514107 2.7858512 -1.8655982
v -5.3994470 2.6562691 -1.8223904
v -5.0514107 2.6562691 -1.8223904
v -5.3994470 2.6681602 -1.7801616
v -5.0514107 2.6681602 -1.7801616
v -5.3994470 2.5120540 -1.7864501
v -5.0514107 2.5120540 -1.7864501
v -5.3994470 2.5169866 -1.7428572
v -5.0514107 2.5169866 -1.7428572
v -5.3994470 2.3704007 -1.8126183
v -5.0514107 2.3704007 -1.8126183
v -5.3994470 2.3546224 -1.7716827
v -5.0514107 2.3546224 -1.7716827
v -5.3994470 2.2565472 -1.8774507
v -5.0514107 2.2565472 -1.8774507
v -5.3994470 2.2224541 -1.8498404
v -5.0514107 2.2224541 -1.8498404
v -5.3994470 2.1729727 -1.9806473
v -5.0514107 2.1729727 -1.9806473
v -5.3994470 2.1388798 -1.9530370
v -5.0514107 2.1388798 -1.9530370
v -5.3994470 2.1280389 -2.0977941
v -5.0514107 2.1280389 -2.0977941
v -5.3994470 2.0859079 -2.0855603
v -5.0514107 2.0859079 -2.0855603
v -5.3994470 2.0453849 -2.8199680
v -5.0514107 2.0453849 -2.8199680
v -5.3994470 2.0015142 -2.8198080
v -5.0514107 2.0015142 -2.8198080
v -5.3994470 2.0488238 -3.4125366
v -5.0514107 2.0488238 -3.4125366
v -5.3994470 2.0049534 -3.4123769
v -5.0514107 2.0049534 -3.4123769
v -5.3994465 2.8539066 -4.5477500
v -5.0514102 2.8539066 -4.5477500
v -5.3994465 2.8965392 -4.5581007
v -5.0514102 2.8965392 -4.5581007
v -5.3994465 2.8217709 -4.6812000
v -5.0514102 2.8217709 -4.6812000
v -5.3994465 2.8623171 -4.6979542
v -5.0514102 2.8623171 -4.6979542
v -5.3994465 2.7534013 -4.7839699
v -5.0514102 2.7534013 -4.7839699
v -5.3994465 2.7858510 -4.8134942
v -5.0514102 2.7858510 -4.8134942
v -5.3994465 2.6562691 -4.8567019
v -5.0514102 2.6562691 -4.8567019
v -5.3994465 2.6681600 -4.8989305
v -5.0514102 2.6681600 -4.8989305
v -5.3994465 2.5120540 -4.8926420
v -5.0514102 2.5120540 -4.8926420
v -5.3994465 2.5169864 -4.9362350
v -5.0514102 2.5169864 -4.9362350
v -5.3994465 2.3704004 -4.8664742
v -5.0514102 2.3704004 -4.8664742
v -5.3994465 2.3546224 -4.9074097
v -5.0514102 2.3546224 -4.9074097
v -5.3994465 2.2565470 -4.8016415
v -5.0514102 2.2565470 -4.8016415
v -5.3994465 2.2224538 -4.8292522
v -5.0514102 2.2224538 -4.8292522
v -5.3994465 2.1729724 -4.6984453
v -5.0514102 2.1729724 -4.6984453
v -5.3994465 2.1388795 -4.7260551
v -5.0514102 2.1388795 -4.7260551
v -5.3994465 2.1280384 -4.5812984
v -5.0514102 2.1280384 -4.5812984
v -5.3994465 2.0859077 -4.5935316
v -5.0514102 2.0859077 -4.5935316
v -5.3994465 2.0453846 -3.8591242
v -5.0514102 2.0453846 -3.8591242
v -5.3994465 2.0015140 -3.8592844
v -5.0514102 2.0015140 -3.8592844
v -4.1184340 3.0566373 -4.4570842
v -4.6948600 3.0566373 -4.4570842
v -4.6948600 3.0566373 -2.2933297
v -4.1184340 3.0566373 -2.2933297
v -4.1184340 3.0025852 -5.0224295
v -5.0429688 3.0025852 -5.0224295
v -5.0429688 3.0025852 -1.8604057
v -4.1184340 3.0025852 -1.8604057
v -4.1184340 2.3691669 -4.9927511
v -5.0429688 2.3691669 -4.9927511
v -5.0429688 2.3691669 -1.9790115
v -4.1184340 2.3691669 -1.9790115
v -5.0429688 2.8832030 -5.0557666
v -5.0429688 2.8790367 -1.8232569
v -5.4999619 3.0025852 -5.0224295
v -5.4999619 3.0025852 -1.8604057
v -5.5014467 2.8832030 -5.0557666
v -5.4999619 2.8790367 -1.8232569
v -5.0429688 2.9700892 -1.7322638
v -5.0429688 2.8455257 -1.7658523
v -5.4999619 2.9700892 -1.7322638
v -5.4999619 2.8455257 -1.7658523
v -5.0429688 2.8460209 -1.6247475
v -5.0429688 2.8113556 -1.7326076
v -5.4999619 2.8460209 -1.6247475
v -5.4999619 2.8113556 -1.7326076
v -5.0429688 2.7264645 -1.5942310
v -5.0429688 2.7188387 -1.7072679
v -5.4999619 2.7264645 -1.5942310
v -5.4999619 2.7188387 -1.7072679
v -5.0429688 2.6649282 -1.7588784
v -4.1184340 2.6649024 -1.7610224
v -4.1184340 2.5875936 -5.1472101
v -5.0429688 2.5833211 -5.1474285
v -5.0429688 2.8830233 -4.9105229
v -5.5014467 2.8830233 -4.9105229
v -4.1184340 3.9787853 -2.2933297
v -4.6948600 3.9787853 -2.2933297
v -5.5014467 2.5811200 -5.0105324
v -4.6948600 3.9787853 -4.4570842
v -5.5014467 2.5833211 -5.1474285
v -4.1184340 3.9787853 -4.4570842
v -5.0429688 2.5811200 -5.0105324
v -5.5012035 2.8823695 -4.5635180
v -5.5000420 2.8792520 -2.1378536
v -5.4115558 2.5788417 -4.4540691
v -5.4112444 2.5756195 -2.2443609
v -5.4997735 2.5755801 -2.2478352
v -5.5009351 2.5786977 -4.4541903
v -5.4115124 2.8792913 -2.1340086
v -5.4118242 2.8825135 -4.5633836
v -4.6611304 3.4941628 -3.2971036
v -4.6611304 4.2449594 -3.2964180
v -4.6611304 4.2449594 -3.8111176
v -4.6611304 3.4941628 -3.8113046
v -4.1184340 4.1808033 -2.9394288
v -4.1184340 4.0651360 -2.9394288
v -4.1734443 4.1806669 -2.9394288
v -4.2004766 4.1613989 -2.9394288
v -4.2124825 4.1221299 -2.9394288
v -4.2006269 4.0841737 -2.9394288
v -4.1754355 4.0651226 -2.9394288
v -4.1184340 4.1808033 -1.8992002
v -4.1184340 4.0651360 -1.8992002
v -4.1734443 4.1806669 -1.8992002
v -4.2004766 4.1613989 -1.8992002
v -4.2124825 4.1221299 -1.8992002
v -4.2006269 4.0841737 -1.8992002
v -4.1754355 4.0651226 -1.8992002
v -4.1184340 4.2100105 -1.8989371
v -4.1184340 4.0361242 -1.8989371
v -4.1713834 4.2098050 -1.8989371
v -4.2120223 4.1808391 -1.8989371
v -4.2300706 4.1218047 -1.8989371
v -4.2122478 4.0647440 -1.8989371
v -4.1743774 4.0361042 -1.8989371
v -4.1184340 4.2100105 -1.6802176
v -4.1184340 4.0361242 -1.6802176
v -4.1713834 4.2098050 -1.6802176
v -4.2120223 4.1808391 -1.6802176
v -4.2300706 4.1218047 -1.6802176
v -4.2122478 4.0647440 -1.6802176
v -4.1743774 4.0361042 -1.6802176
v -4.1184340 4.1715946 -1.6802176
v -4.1184340 4.0742836 -1.6802176
v -4.1691184 4.1714792 -1.6802176
v -4.1918612 4.1552696 -1.6802176
v -4.2019610 4.1222324 -1.6802176
v -4.1919870 4.0902996 -1.6802176
v -4.1707940 4.0742722 -1.6802176
v -4.1184340 4.1715946 -2.7548542
v -4.1184340 4.0742836 -2.7548542
v -4.1691184 4.1714792 -2.7548542
v -4.1918612 4.1552696 -2.7548542
v -4.2019610 4.1222324 -2.7548542
v -4.1919870 4.0902996 -2.7548542
v -4.1707940 4.0742722 -2.7548542
v -5.4302983 3.0025852 -2.1680775
v -5.1253862 3.0025852 -2.1701484
v -5.1174154 3.0025852 -4.5096636
v -5.4313917 3.0025852 -4.5116820
v -5.3805833 3.1310432 -2.3265810
v -5.1740246 3.1310432 -2.3283718
v -5.1686249 3.1310432 -4.3514366
v -5.3813238 3.1310432 -4.3531818
v -5.1722560 3.1310432 -2.7704170
v -5.3808155 3.1310432 -2.7706070
v -5.1709442 3.1310432 -3.5843928
v -5.3810053 3.1310432 -3.5842113
v -5.1218209 3.0029731 -2.9693193
v -5.4316063 3.0029731 -2.9704070
v -5.1218209 3.0029731 -3.4645748
v -5.4316063 3.0029731 -3.4656625
v -4.1184340 2.9924152 -4.6392622
v -4.8588529 2.9924152 -4.6392622
v -4.8588529 2.9924152 -2.1111519
v -4.1184340 2.9924152 -2.1111519
v -4.1184340 3.0566373 -4.4570842
v -4.6948600 3.0566373 -4.4570842
v -4.6948600 3.0566373 -2.2933297
v -4.1184340 3.0566373 -2.2933297
v -4.1184340 3.0025852 -5.0224295
v -5.0429688 3.0025852 -5.0224295
v -5.0429688 3.0025852 -1.8604057
v -4.1184340 3.0025852 -1.8604057
v -4.1184340 3.0272400 -4.5182991
v -4.7761016 3.0298316 -4.5191884
v -4.7809267 3.0205798 -2.2128587
v -4.1184340 3.0201583 -2.2116625
v -4.6399384 3.4941628 -3.1485898
v -4.6411505 4.2449594 -3.1453116
v -4.5636673 3.4941628 -2.9890254
v -4.5626311 4.2449594 -2.9868872
v -4.6290364 3.4941628 -3.9714704
v -4.6307931 4.2449594 -3.9675927
v -4.5548043 3.4941628 -4.1284823
v -4.5585265 4.2449594 -4.1204672
v -4.1184340 4.0034389 -4.1851096
v -4.4861364 4.0034389 -4.1851096
v -4.4861364 4.0034389 -2.9394288
v -4.1184340 4.0034389 -2.9394288
v -4.1184340 4.2449594 -4.1851096
v -4.4861364 4.2449594 -4.1851096
v -4.4861364 4.2449594 -2.9394288
v -4.1184340 4.2449594 -2.9394288
v -4.6611304 4.0034389 -3.2971036
v -4.6611304 4.2449594 -3.2964180
v -4.6611304 4.2449594 -3.8111176
v -4.6611304 4.0034389 -3.8113046
v -4.1184340 4.1808033 -2.9394288
v -4.1184340 4.0651360 -2.9394288
v -4.1734443 4.1806669 -2.9394288
v -4.2004766 4.1613989 -2.9394288
v -4.2124825 4.1221299 -2.9394288
v -4.2006269 4.0841737 -2.9394288
v -4.1754355 4.0651226 -2.9394288
v -4.6399384 4.0034389 -3.1485898
v -4.6411505 4.2449594 -3.1453116
v -4.5636673 4.0034389 -2.9890254
v -4.5626311 4.2449594 -2.9868872
v -4.6290364 4.0034389 -3.9714704
v -4.6307931 4.2449594 -3.9675927
v -4.5548043 4.0034389 -4.1284823
v -4.5585265 4.2449594 -4.1204672
v -4.1184340 3.1134033 -2.2933297
v -4.1184340 3.8975735 -2.2933297
v -4.6333776 3.8985102 -2.2933297
v -4.6368628 3.1141005 -2.2933297
v -4.1184340 3.1134033 -2.3303456
v -4.1184340 3.8975735 -2.5641639
v -4.6333776 3.8985102 -2.5641639
v -4.6368628 3.1141005 -2.3303456
v -5.0429688 3.0025852 -5.0224295
v -5.0429688 3.0025852 -1.8604057
v -5.4999619 3.0025852 -5.0224295
v -5.4999619 3.0025852 -1.8604057
v -5.0429688 2.9700892 -1.7322638
v -5.4999619 2.9700892 -1.7322638
v -5.0429688 2.8460209 -1.6247475
v -5.4999619 2.8460209 -1.6247475
v -5.0429688 2.7264645 -1.5942310
v -5.4999619 2.7264645 -1.5942310
v -5.4302983 3.0025852 -2.1680775
v -5.1253862 3.0025852 -2.1701484
v -5.1174154 3.0025852 -4.5096636
v -5.4313917 3.0025852 -4.5116820
v -5.1218209 3.0029731 -2.9693193
v -5.4316063 3.0029731 -2.9704070
v -5.1218209 3.0029731 -3.4645748
v -5.4316063 3.0029731 -3.4656625
v -4.1184340 4.2449594 -3.1642461
v -4.1184340 4.2449594 -3.8898172
v -4.3100414 4.2152271 -3.1635585
v -4.4784145 4.2152271 -3.3503704
v -4.4771748 4.2152271 -3.7090344
v -4.3035531 4.2152271 -3.8900294
v -4.1184340 4.2152271 -3.8898172
v -4.1184340 4.2152271 -3.1642461
v -4.3035531 4.2449594 -3.8900294
v -4.4771748 4.2449594 -3.7090344
v -4.4784145 4.2449594 -3.3503704
v -4.3100414 4.2449594 -3.1635585
v -4.9234352 3.0339420 -2.4808497
v -4.9234247 3.0803304 -2.4784002
v -4.9241238 3.0339420 -2.6416974
v -4.9241114 3.0803304 -2.6388454
v -5.0195827 3.0339420 -2.4989648
v -5.0195723 3.0803304 -2.4970763
v -5.0202713 3.0339420 -2.6229751
v -5.0202589 3.0803304 -2.6207764
v -5.0782900 3.0339420 -2.5368257
v -5.0782795 3.0803304 -2.5361218
v -5.0789785 3.0339420 -2.5830493
v -5.0789661 3.0803304 -2.5822299
v -4.9293222 3.0339420 -3.8860970
v -4.9292974 3.0803304 -3.8802080
v -4.9301400 3.0339420 -4.0818715
v -4.9301076 3.0803304 -4.0740480
v -5.0238714 3.0339422 -3.9162626
v -5.0238466 3.0803308 -3.9122839
v -5.0246892 3.0339422 -4.0485330
v -5.0246563 3.0803308 -4.0432472
v -5.0798049 3.0339422 -3.9494133
v -5.0797801 3.0803308 -3.9475272
v -5.0806227 3.0339422 -4.0121155
v -5.0805898 3.0803308 -4.0096097
v -4.6447077 3.6940622 -3.9544880
v -4.6447077 3.6991534 -4.3954992
v -4.6447077 3.9072909 -4.3956790
v -4.6447077 3.9064674 -2.3591161
v -4.6948600 3.1335392 -2.3506107
v -4.6948600 3.1252680 -2.5764797
v -4.6948600 3.2859921 -2.6420276
v -4.6948600 3.3946753 -2.7581820
v -4.6948600 3.5075872 -2.9441042
v -4.6948600 3.6136365 -3.2082195
v -4.6948600 3.6771669 -3.5582938
v -4.6447077 3.6771672 -3.5604904
v -4.6447077 3.6136365 -3.2104161
v -4.6447077 3.5075872 -2.9463010
v -4.6447077 3.3946753 -2.7603786
v -4.6447077 3.2859921 -2.6442242
v -4.6447077 3.1252682 -2.5786762
v -4.6447077 3.1335392 -2.3528075
v -4.6948600 3.6940620 -3.9522915
v -4.6948600 3.6991534 -4.3933029
v -4.6948600 3.9072907 -4.3934822
v -4.6948600 3.9064674 -2.3569193
v -4.6447077 3.6940622 -3.9544880
v -4.6447077 3.6991534 -4.3954992
v -4.6948600 3.1252680 -2.5764797
v -4.6948600 3.2859921 -2.6420276
v -4.6948600 3.3946753 -2.7581820
v -4.6948600 3.5075872 -2.9441042
v -4.6948600 3.6136365 -3.2082195
v -4.6948600 3.6771669 -3.5582938
v -4.6447077 3.6771672 -3.5604904
v -4.6447077 3.6136365 -3.2104161
v -4.6447077 3.5075872 -2.9463010
v -4.6447077 3.3946753 -2.7603786
v -4.6447077 3.2859921 -2.6442242
v -4.6447077 3.1252682 -2.5786762
v -4.6948600 3.6940620 -3.9522915
v -4.6948600 3.6991534 -4.3933029
v -4.8444505 3.0097818 -1.8136548
v -4.8446178 3.0474381 -1.7908407
v -4.1184340 3.0780697 -1.8440824
v -4.1184340 3.0368962 -1.8654513
v -4.1184340 3.0097818 -1.8136548
v -4.1184340 3.0474381 -1.7908407
v -4.1184340 4.2449594 -3.1642461
v -4.1184340 4.2449594 -3.8898172
v -4.3100414 4.2152271 -3.1635585
v -4.4784145 4.2152271 -3.3503704
v -4.4771748 4.2152271 -3.7090344
v -4.3035531 4.2152271 -3.8900294
v -4.1184340 4.2152271 -3.8898172
v -4.1184340 4.2152271 -3.1642461
v -4.3035531 4.2449594 -3.8900294
v -4.4771748 4.2449594 -3.7090344
v -4.4784145 4.2449594 -3.3503704
v -4.3100414 4.2449594 -3.1635585
v -4.1722722 3.1134715 -2.3303456
v -4.1748919 3.1134753 -2.2933297
v -4.1731486 3.8976676 -2.5641639
v -4.1856251 3.8978670 -2.2933297
f 18 2 19
f 1 2 3
f 17 2 18
f 16 2 17
f 15 2 16
f 14 2 15
f 13 2 14
f 12 2 13
f 11 2 12
f 10 2 11
f 9 2 10
f 8 2 9
f 7 2 8
f 6 2 7
f 5 2 6
f 4 2 5
f 19 2 1
f 3 2 4
f 37 21 38
f 20 21 22
f 36 21 37
f 35 21 36
f 34 21 35
f 33 21 34
f 32 21 33
f 31 21 32
f 30 21 31
f 29 21 30
f 28 21 29
f 27 21 28
f 26 21 27
f 25 21 26
f 24 21 25
f 23 21 24
f 38 21 20
f 22 21 23
f 501 39 499
f 503 40 501
f 505 41 503
f 507 42 505
f 39 50 44
f 499 44 509
f 509 43 507
f 45 56 50
f 50 43 44
f 49 42 43
f 48 41 42
f 47 40 41
f 40 45 39
f 51 62 56
f 56 49 50
f 55 48 49
f 54 47 48
f 53 46 47
f 46 51 45
f 57 68 62
f 56 61 55
f 55 60 54
f 54 59 53
f 53 58 52
f 52 57 51
f 398 400 63
f 68 61 62
f 67 60 61
f 66 59 60
f 65 58 59
f 58 63 57
f 69 80 74
f 386 73 385
f 72 66 387
f 66 71 65
f 71 64 65
f 70 63 64
f 75 86 80
f 74 79 73
f 73 78 72
f 78 71 72
f 77 70 71
f 76 69 70
f 87 86 81
f 80 85 79
f 79 84 78
f 84 83 447
f 83 448 447
f 448 81 75
f 87 98 92
f 92 85 86
f 91 84 85
f 84 89 83
f 83 88 82
f 82 87 81
f 99 98 93
f 92 97 91
f 91 96 90
f 96 89 90
f 95 88 89
f 94 87 88
f 105 104 99
f 104 97 98
f 103 96 97
f 102 95 96
f 101 94 95
f 100 93 94
f 111 110 105
f 110 103 104
f 109 102 103
f 102 107 101
f 101 106 100
f 100 105 99
f 117 116 111
f 116 109 110
f 115 108 109
f 108 113 107
f 107 112 106
f 106 111 105
f 123 122 117
f 122 115 116
f 121 114 115
f 114 119 113
f 113 118 112
f 112 117 111
f 129 128 123
f 128 121 122
f 127 120 121
f 120 125 119
f 119 124 118
f 118 123 117
f 134 127 128
f 127 132 126
f 132 125 126
f 131 124 125
f 124 129 123
f 760 276 753
f 136 604 326
f 187 144 140
f 144 141 140
f 141 148 142
f 143 142 146
f 140 142 139
f 145 143 146
f 147 152 148
f 146 148 150
f 146 149 145
f 145 147 141
f 151 156 152
f 148 154 150
f 150 153 149
f 147 153 151
f 155 160 156
f 154 156 158
f 154 157 153
f 153 155 151
f 159 164 160
f 158 160 162
f 158 161 157
f 157 159 155
f 163 168 164
f 160 166 162
f 162 165 161
f 159 165 163
f 167 172 168
f 166 168 170
f 166 169 165
f 165 167 163
f 171 176 172
f 170 172 174
f 170 173 169
f 169 171 167
f 175 180 176
f 172 178 174
f 174 177 173
f 171 177 175
f 179 184 180
f 176 182 178
f 178 181 177
f 175 181 179
f 139 187 140
f 180 186 182
f 182 185 181
f 179 185 183
f 192 187 188
f 196 191 192
f 190 192 188
f 193 190 189
f 191 189 187
f 196 199 195
f 198 192 194
f 197 194 193
f 191 197 193
f 204 199 200
f 198 200 196
f 201 198 197
f 199 197 195
f 208 203 204
f 202 204 200
f 205 202 201
f 203 201 199
f 212 207 208
f 210 204 206
f 209 206 205
f 203 209 205
f 216 211 212
f 210 212 208
f 213 210 209
f 211 209 207
f 220 215 216
f 218 212 214
f 217 214 213
f 215 213 211
f 224 219 220
f 222 216 218
f 221 218 217
f 215 221 217
f 226 220 222
f 225 222 221
f 219 225 221
f 143 189 190
f 143 188 139
f 224 186 184
f 186 225 185
f 223 184 183
f 185 223 183
f 233 235 237
f 261 260 236
f 728 251 234
f 237 256 258
f 252 705 729
f 232 705 231
f 313 316 317
f 238 240 234
f 238 241 242
f 234 239 230
f 242 244 240
f 242 245 246
f 240 243 239
f 248 249 247
f 246 248 244
f 245 250 246
f 243 248 247
f 728 232 251
f 233 252 729
f 267 266 234
f 231 252 259
f 252 256 259
f 414 418 227
f 233 258 252
f 817 458 356
f 259 254 253
f 738 255 733
f 257 697 227
f 264 262 265
f 260 262 267
f 267 263 266
f 261 263 264
f 261 265 260
f 760 286 281
f 281 275 276
f 280 274 275
f 279 273 274
f 278 272 273
f 277 752 272
f 300 294 295
f 774 286 767
f 281 285 280
f 280 284 279
f 284 278 279
f 283 277 278
f 282 759 277
f 301 295 296
f 774 296 291
f 291 285 286
f 290 284 285
f 289 283 284
f 288 282 283
f 287 766 282
f 297 299 301
f 788 296 781
f 296 290 291
f 295 289 290
f 289 293 288
f 288 292 287
f 292 773 287
f 299 293 294
f 298 292 293
f 297 780 292
f 309 317 305
f 302 311 306
f 311 307 306
f 304 309 305
f 303 310 314
f 303 306 307
f 308 316 312
f 313 308 312
f 314 311 315
f 383 384 327
f 810 324 822
f 324 319 325
f 325 813 825
f 319 821 813
f 318 323 319
f 818 318 810
f 321 825 817
f 822 320 814
f 324 321 320
f 336 834 838
f 350 335 349
f 340 338 341
f 352 341 351
f 344 345 335
f 339 347 338
f 348 349 347
f 354 351 353
f 336 353 334
f 358 355 356
f 460 862 733
f 379 380 893
f 360 364 362
f 363 366 364
f 365 368 366
f 375 371 359
f 374 375 373
f 362 370 360
f 361 371 372
f 376 374 362
f 388 391 387
f 398 387 397
f 392 395 391
f 388 390 392
f 387 389 385
f 385 390 386
f 396 393 395
f 392 394 396
f 389 395 393
f 389 394 390
f 400 403 399
f 68 399 67
f 404 407 403
f 400 402 404
f 397 403 401
f 397 402 398
f 408 405 407
f 404 406 408
f 401 407 405
f 401 406 402
f 429 412 430
f 255 257 429
f 430 426 413
f 410 429 428
f 426 414 413
f 421 422 412
f 446 431 445
f 445 439 438
f 438 440 437
f 437 441 436
f 436 442 435
f 435 443 434
f 434 444 433
f 447 966 965
f 448 963 966
f 447 964 77
f 77 963 76
f 974 456 967
f 452 968 453
f 451 453 454
f 450 454 455
f 449 455 456
f 861 457 865
f 357 460 355
f 458 358 356
f 460 457 458
f 458 862 460
f 355 321 356
f 357 457 459
f 478 479 462
f 461 463 462
f 477 478 462
f 476 477 462
f 475 476 462
f 474 475 462
f 473 474 462
f 472 473 462
f 471 472 462
f 470 471 462
f 469 470 462
f 468 469 462
f 467 468 462
f 466 467 462
f 465 466 462
f 464 465 462
f 479 461 462
f 463 464 462
f 497 498 481
f 480 482 481
f 496 497 481
f 495 496 481
f 494 495 481
f 493 494 481
f 492 493 481
f 491 492 481
f 490 491 481
f 489 490 481
f 488 489 481
f 487 488 481
f 486 487 481
f 485 486 481
f 484 485 481
f 483 484 481
f 498 480 481
f 482 483 481
f 500 501 499
f 502 503 501
f 504 505 503
f 506 507 505
f 500 516 511
f 510 499 509
f 508 509 507
f 511 522 517
f 508 516 510
f 506 515 508
f 504 514 506
f 502 513 504
f 502 511 512
f 517 528 523
f 515 522 516
f 514 521 515
f 513 520 514
f 512 519 513
f 512 517 518
f 523 534 529
f 522 527 528
f 521 526 527
f 520 525 526
f 519 524 525
f 518 523 524
f 902 900 535
f 527 534 528
f 526 533 527
f 525 532 526
f 524 531 525
f 524 529 530
f 535 546 541
f 900 539 540
f 911 913 532
f 532 537 538
f 530 537 531
f 529 536 530
f 541 552 547
f 540 545 546
f 539 544 545
f 537 544 538
f 536 543 537
f 535 542 536
f 552 553 547
f 546 551 552
f 545 550 551
f 961 549 550
f 962 549 961
f 547 548 962
f 553 564 559
f 551 558 552
f 550 557 551
f 550 555 556
f 549 554 555
f 548 553 554
f 564 565 559
f 558 563 564
f 557 562 563
f 555 562 556
f 554 561 555
f 553 560 554
f 570 571 565
f 563 570 564
f 562 569 563
f 561 568 562
f 560 567 561
f 559 566 560
f 576 577 571
f 569 576 570
f 568 575 569
f 568 573 574
f 567 572 573
f 566 571 572
f 582 583 577
f 575 582 576
f 574 581 575
f 574 579 580
f 573 578 579
f 572 577 578
f 588 589 583
f 581 588 582
f 580 587 581
f 580 585 586
f 579 584 585
f 578 583 584
f 594 595 589
f 587 594 588
f 586 593 587
f 586 591 592
f 585 590 591
f 584 589 590
f 593 600 594
f 593 598 599
f 591 598 592
f 590 597 591
f 590 595 596
f 758 760 753
f 830 832 602
f 614 657 610
f 614 611 615
f 618 611 612
f 612 613 616
f 609 611 610
f 613 615 616
f 622 617 618
f 616 618 612
f 619 616 615
f 617 615 611
f 626 621 622
f 624 618 620
f 623 620 619
f 617 623 619
f 630 625 626
f 624 626 622
f 627 624 623
f 625 623 621
f 634 629 630
f 628 630 626
f 631 628 627
f 629 627 625
f 638 633 634
f 636 630 632
f 635 632 631
f 629 635 631
f 642 637 638
f 636 638 634
f 639 636 635
f 637 635 633
f 646 641 642
f 640 642 638
f 643 640 639
f 641 639 637
f 650 645 646
f 648 642 644
f 647 644 643
f 641 647 643
f 654 649 650
f 652 646 648
f 651 648 647
f 645 651 647
f 657 609 610
f 656 650 652
f 655 652 651
f 649 655 651
f 657 662 658
f 661 666 662
f 660 662 664
f 660 663 659
f 659 661 657
f 666 669 670
f 662 668 664
f 664 667 663
f 661 667 665
f 669 674 670
f 668 670 672
f 668 671 667
f 667 669 665
f 673 678 674
f 672 674 676
f 672 675 671
f 671 673 669
f 677 682 678
f 674 680 676
f 676 679 675
f 673 679 677
f 681 686 682
f 680 682 684
f 680 683 679
f 679 681 677
f 685 690 686
f 682 688 684
f 684 687 683
f 683 685 681
f 689 694 690
f 686 692 688
f 688 691 687
f 685 691 689
f 690 696 692
f 692 695 691
f 689 695 693
f 613 659 614
f 658 613 609
f 656 694 654
f 656 695 696
f 654 693 653
f 693 655 653
f 709 711 702
f 741 714 712
f 710 728 704
f 713 735 732
f 705 730 729
f 705 707 706
f 808 805 809
f 716 714 710
f 714 717 712
f 715 710 703
f 720 718 716
f 718 721 717
f 719 716 715
f 725 724 723
f 724 722 720
f 726 721 722
f 719 724 720
f 707 728 727
f 729 730 709
f 710 747 731
f 707 727 710
f 735 730 739
f 928 699 698
f 737 709 730
f 864 980 817
f 732 739 731
f 734 738 733
f 697 736 698
f 744 742 743
f 742 740 747
f 743 747 746
f 741 743 746
f 745 741 740
f 760 772 767
f 757 765 758
f 756 764 757
f 755 763 756
f 754 762 755
f 752 761 754
f 784 792 785
f 772 774 767
f 765 771 772
f 764 770 771
f 762 770 763
f 761 769 762
f 759 768 761
f 785 793 786
f 774 786 781
f 771 779 772
f 770 778 771
f 769 777 770
f 768 776 769
f 766 775 768
f 793 791 789
f 786 788 781
f 778 786 779
f 777 785 778
f 777 783 784
f 776 782 783
f 773 782 775
f 783 791 784
f 782 790 783
f 780 789 782
f 801 809 805
f 794 803 807
f 799 803 798
f 801 796 797
f 795 802 799
f 795 798 794
f 808 800 804
f 805 800 801
f 803 806 807
f 897 827 898
f 823 810 822
f 823 812 811
f 824 813 812
f 812 821 820
f 811 820 819
f 811 818 810
f 816 825 824
f 815 822 814
f 816 823 815
f 834 839 838
f 856 836 840
f 844 842 843
f 858 845 844
f 836 851 850
f 843 853 854
f 854 855 856
f 860 857 858
f 839 859 860
f 863 868 864
f 733 862 982
f 893 892 891
f 874 870 872
f 876 873 874
f 878 875 876
f 869 881 885
f 885 884 883
f 880 872 870
f 871 881 869
f 872 884 886
f 905 902 901
f 912 901 902
f 909 906 905
f 902 904 900
f 903 901 899
f 904 899 900
f 910 907 908
f 906 908 904
f 903 909 905
f 908 903 904
f 917 914 913
f 534 913 914
f 921 918 917
f 914 916 912
f 911 917 913
f 916 911 912
f 922 919 920
f 918 920 916
f 915 921 917
f 920 915 916
f 943 926 925
f 942 698 736
f 944 940 926
f 943 924 942
f 928 940 927
f 926 936 935
f 945 960 959
f 953 959 952
f 954 952 951
f 955 951 950
f 956 950 949
f 957 949 948
f 958 948 947
f 961 966 962
f 963 965 964
f 962 963 542
f 964 961 543
f 963 543 542
f 978 974 967
f 968 972 975
f 975 971 976
f 976 970 977
f 977 969 978
f 861 979 980
f 982 867 863
f 980 868 979
f 982 979 981
f 980 862 861
f 816 863 864
f 867 979 868
f 501 40 39
f 503 41 40
f 505 42 41
f 507 43 42
f 39 45 50
f 499 39 44
f 509 44 43
f 45 51 56
f 50 49 43
f 49 48 42
f 48 47 41
f 47 46 40
f 40 46 45
f 51 57 62
f 56 55 49
f 55 54 48
f 54 53 47
f 53 52 46
f 46 52 51
f 57 63 68
f 56 62 61
f 55 61 60
f 54 60 59
f 53 59 58
f 52 58 57
f 68 63 400
f 63 69 388
f 388 69 386
f 69 74 386
f 388 398 63
f 68 67 61
f 67 66 60
f 66 65 59
f 65 64 58
f 58 64 63
f 69 75 80
f 386 74 73
f 66 67 399
f 397 387 66
f 387 385 72
f 66 399 397
f 73 72 385
f 66 72 71
f 71 70 64
f 70 69 63
f 75 81 86
f 74 80 79
f 73 79 78
f 78 77 71
f 77 76 70
f 76 75 69
f 87 92 86
f 80 86 85
f 79 85 84
f 77 78 447
f 78 84 447
f 83 82 448
f 75 76 448
f 448 82 81
f 87 93 98
f 92 91 85
f 91 90 84
f 84 90 89
f 83 89 88
f 82 88 87
f 99 104 98
f 92 98 97
f 91 97 96
f 96 95 89
f 95 94 88
f 94 93 87
f 105 110 104
f 104 103 97
f 103 102 96
f 102 101 95
f 101 100 94
f 100 99 93
f 111 116 110
f 110 109 103
f 109 108 102
f 102 108 107
f 101 107 106
f 100 106 105
f 117 122 116
f 116 115 109
f 115 114 108
f 108 114 113
f 107 113 112
f 106 112 111
f 123 128 122
f 122 121 115
f 121 120 114
f 114 120 119
f 113 119 118
f 112 118 117
f 129 134 128
f 128 127 121
f 127 126 120
f 120 126 125
f 119 125 124
f 118 124 123
f 134 133 127
f 127 133 132
f 132 131 125
f 131 130 124
f 124 130 129
f 760 281 276
f 604 601 271
f 601 135 330
f 135 332 330
f 330 271 601
f 271 268 604
f 268 326 604
f 326 328 136
f 187 189 144
f 144 145 141
f 141 147 148
f 143 139 142
f 140 141 142
f 145 144 143
f 147 151 152
f 146 142 148
f 146 150 149
f 145 149 147
f 151 155 156
f 148 152 154
f 150 154 153
f 147 149 153
f 155 159 160
f 154 152 156
f 154 158 157
f 153 157 155
f 159 163 164
f 158 156 160
f 158 162 161
f 157 161 159
f 163 167 168
f 160 164 166
f 162 166 165
f 159 161 165
f 167 171 172
f 166 164 168
f 166 170 169
f 165 169 167
f 171 175 176
f 170 168 172
f 170 174 173
f 169 173 171
f 175 179 180
f 172 176 178
f 174 178 177
f 171 173 177
f 179 183 184
f 176 180 182
f 178 182 181
f 175 177 181
f 139 188 187
f 180 184 186
f 182 186 185
f 179 181 185
f 192 191 187
f 196 195 191
f 190 194 192
f 193 194 190
f 191 193 189
f 196 200 199
f 198 196 192
f 197 198 194
f 191 195 197
f 204 203 199
f 198 202 200
f 201 202 198
f 199 201 197
f 208 207 203
f 202 206 204
f 205 206 202
f 203 205 201
f 212 211 207
f 210 208 204
f 209 210 206
f 203 207 209
f 216 215 211
f 210 214 212
f 213 214 210
f 211 213 209
f 220 219 215
f 218 216 212
f 217 218 214
f 215 217 213
f 224 223 219
f 222 220 216
f 221 222 218
f 215 219 221
f 226 224 220
f 225 226 222
f 219 223 225
f 143 144 189
f 143 190 188
f 224 226 186
f 186 226 225
f 223 224 184
f 185 225 223
f 233 229 235
f 237 235 254
f 235 236 260
f 254 235 260
f 236 238 261
f 234 230 704
f 704 728 234
f 237 254 256
f 252 231 705
f 232 708 705
f 313 312 316
f 238 242 240
f 238 236 241
f 234 240 239
f 242 246 244
f 242 241 245
f 240 244 243
f 248 250 249
f 246 250 248
f 245 249 250
f 243 244 248
f 728 708 232
f 729 701 233
f 701 229 233
f 253 254 267
f 254 260 267
f 261 238 266
f 238 234 266
f 253 267 234
f 259 253 231
f 253 234 232
f 234 251 232
f 232 231 253
f 252 258 256
f 228 413 414
f 414 415 416
f 416 417 414
f 417 418 414
f 418 419 227
f 227 228 414
f 233 237 258
f 356 321 817
f 817 861 458
f 259 256 254
f 738 257 255
f 257 738 697
f 264 263 262
f 260 265 262
f 267 262 263
f 261 266 263
f 261 264 265
f 760 767 286
f 281 280 275
f 280 279 274
f 279 278 273
f 278 277 272
f 277 759 752
f 300 299 294
f 774 291 286
f 281 286 285
f 280 285 284
f 284 283 278
f 283 282 277
f 282 766 759
f 301 300 295
f 774 781 296
f 291 290 285
f 290 289 284
f 289 288 283
f 288 287 282
f 287 773 766
f 301 788 297
f 788 787 297
f 297 298 299
f 301 299 300
f 788 301 296
f 296 295 290
f 295 294 289
f 289 294 293
f 288 293 292
f 292 780 773
f 299 298 293
f 298 297 292
f 297 787 780
f 309 313 317
f 302 315 311
f 311 310 307
f 304 308 309
f 303 307 310
f 303 302 306
f 308 304 316
f 313 309 308
f 314 310 311
f 887 608 384
f 608 138 384
f 138 329 384
f 329 327 384
f 327 269 383
f 269 270 382
f 383 269 382
f 270 331 382
f 331 333 381
f 382 331 381
f 333 137 381
f 137 605 381
f 605 888 381
f 810 318 324
f 324 318 319
f 325 319 813
f 319 323 821
f 318 322 323
f 818 322 318
f 321 325 825
f 822 324 320
f 324 325 321
f 336 334 834
f 350 337 335
f 340 339 338
f 352 340 341
f 335 337 344
f 337 841 342
f 343 337 342
f 841 846 342
f 847 837 346
f 837 335 346
f 337 343 344
f 345 346 335
f 339 348 347
f 348 350 349
f 354 352 351
f 336 354 353
f 358 357 355
f 733 255 460
f 255 355 460
f 893 894 378
f 894 377 378
f 893 378 379
f 360 363 364
f 363 365 366
f 365 367 368
f 359 360 375
f 360 370 373
f 373 375 360
f 374 376 375
f 362 369 370
f 361 359 371
f 362 361 376
f 361 372 376
f 374 369 362
f 388 392 391
f 398 388 387
f 392 396 395
f 388 386 390
f 387 391 389
f 385 389 390
f 396 394 393
f 392 390 394
f 389 391 395
f 389 393 394
f 400 404 403
f 68 400 399
f 404 408 407
f 400 398 402
f 397 399 403
f 397 401 402
f 408 406 405
f 404 402 406
f 401 403 407
f 401 405 406
f 429 411 412
f 227 419 427
f 227 427 428
f 413 228 255
f 430 413 255
f 257 227 428
f 429 430 255
f 257 428 429
f 430 412 426
f 410 411 429
f 426 425 414
f 424 425 426
f 412 411 420
f 411 410 409
f 411 409 420
f 424 426 412
f 423 424 412
f 412 420 421
f 422 423 412
f 446 432 431
f 445 431 439
f 438 439 440
f 437 440 441
f 436 441 442
f 435 442 443
f 434 443 444
f 447 448 966
f 448 76 963
f 447 965 964
f 77 964 963
f 974 449 456
f 452 973 968
f 451 452 453
f 450 451 454
f 449 450 455
f 861 458 457
f 357 459 460
f 458 457 358
f 460 459 457
f 458 861 862
f 355 255 321
f 357 358 457
f 500 502 501
f 502 504 503
f 504 506 505
f 506 508 507
f 500 510 516
f 510 500 499
f 508 510 509
f 511 516 522
f 508 515 516
f 506 514 515
f 504 513 514
f 502 512 513
f 502 500 511
f 517 522 528
f 515 521 522
f 514 520 521
f 513 519 520
f 512 518 519
f 512 511 517
f 523 528 534
f 522 521 527
f 521 520 526
f 520 519 525
f 519 518 524
f 518 517 523
f 535 529 902
f 529 534 914
f 914 912 529
f 912 902 529
f 900 540 535
f 527 533 534
f 526 532 533
f 525 531 532
f 524 530 531
f 524 523 529
f 535 540 546
f 900 899 539
f 913 533 532
f 532 538 901
f 538 539 899
f 901 538 899
f 901 911 532
f 532 531 537
f 530 536 537
f 529 535 536
f 541 546 552
f 540 539 545
f 539 538 544
f 537 543 544
f 536 542 543
f 535 541 542
f 552 558 553
f 546 545 551
f 545 544 550
f 550 544 961
f 544 543 961
f 962 548 549
f 962 542 541
f 541 547 962
f 553 558 564
f 551 557 558
f 550 556 557
f 550 549 555
f 549 548 554
f 548 547 553
f 564 570 565
f 558 557 563
f 557 556 562
f 555 561 562
f 554 560 561
f 553 559 560
f 570 576 571
f 563 569 570
f 562 568 569
f 561 567 568
f 560 566 567
f 559 565 566
f 576 582 577
f 569 575 576
f 568 574 575
f 568 567 573
f 567 566 572
f 566 565 571
f 582 588 583
f 575 581 582
f 574 580 581
f 574 573 579
f 573 572 578
f 572 571 577
f 588 594 589
f 581 587 588
f 580 586 587
f 580 579 585
f 579 578 584
f 578 577 583
f 594 600 595
f 587 593 594
f 586 592 593
f 586 585 591
f 585 584 590
f 584 583 589
f 593 599 600
f 593 592 598
f 591 597 598
f 590 596 597
f 590 589 595
f 758 765 760
f 602 601 830
f 601 604 751
f 830 601 751
f 604 603 826
f 603 828 826
f 604 826 748
f 748 751 604
f 614 659 657
f 614 610 611
f 618 617 611
f 612 609 613
f 609 612 611
f 613 614 615
f 622 621 617
f 616 620 618
f 619 620 616
f 617 619 615
f 626 625 621
f 624 622 618
f 623 624 620
f 617 621 623
f 630 629 625
f 624 628 626
f 627 628 624
f 625 627 623
f 634 633 629
f 628 632 630
f 631 632 628
f 629 631 627
f 638 637 633
f 636 634 630
f 635 636 632
f 629 633 635
f 642 641 637
f 636 640 638
f 639 640 636
f 637 639 635
f 646 645 641
f 640 644 642
f 643 644 640
f 641 643 639
f 650 649 645
f 648 646 642
f 647 648 644
f 641 645 647
f 654 653 649
f 652 650 646
f 651 652 648
f 645 649 651
f 657 658 609
f 656 654 650
f 655 656 652
f 649 653 655
f 657 661 662
f 661 665 666
f 660 658 662
f 660 664 663
f 659 663 661
f 666 665 669
f 662 666 668
f 664 668 667
f 661 663 667
f 669 673 674
f 668 666 670
f 668 672 671
f 667 671 669
f 673 677 678
f 672 670 674
f 672 676 675
f 671 675 673
f 677 681 682
f 674 678 680
f 676 680 679
f 673 675 679
f 681 685 686
f 680 678 682
f 680 684 683
f 679 683 681
f 685 689 690
f 682 686 688
f 684 688 687
f 683 687 685
f 689 693 694
f 686 690 692
f 688 692 691
f 685 687 691
f 690 694 696
f 692 696 695
f 689 691 695
f 613 660 659
f 658 660 613
f 656 696 694
f 656 655 695
f 654 694 693
f 693 695 655
f 709 713 711
f 712 711 740
f 711 713 732
f 732 740 711
f 740 741 712
f 704 703 710
f 710 727 728
f 713 737 735
f 705 706 730
f 705 708 707
f 808 804 805
f 716 718 714
f 714 718 717
f 715 716 710
f 720 722 718
f 718 722 721
f 719 720 716
f 725 726 724
f 724 726 722
f 726 725 721
f 719 723 724
f 707 708 728
f 702 701 709
f 701 729 709
f 710 714 746
f 714 741 746
f 740 732 747
f 732 731 747
f 710 746 747
f 710 731 707
f 731 739 706
f 707 731 706
f 739 730 706
f 735 737 730
f 698 933 932
f 932 931 928
f 931 930 928
f 930 929 928
f 928 927 699
f 698 932 928
f 737 713 709
f 817 816 864
f 980 861 817
f 732 735 739
f 734 736 738
f 697 738 736
f 744 745 742
f 742 745 740
f 743 742 747
f 741 744 743
f 745 744 741
f 760 765 772
f 757 764 765
f 756 763 764
f 755 762 763
f 754 761 762
f 752 759 761
f 784 791 792
f 772 779 774
f 765 764 771
f 764 763 770
f 762 769 770
f 761 768 769
f 759 766 768
f 785 792 793
f 774 779 786
f 771 778 779
f 770 777 778
f 769 776 777
f 768 775 776
f 766 773 775
f 787 788 789
f 788 793 789
f 793 792 791
f 791 790 789
f 786 793 788
f 778 785 786
f 777 784 785
f 777 776 783
f 776 775 782
f 773 780 782
f 783 790 791
f 782 789 790
f 780 787 789
f 801 797 809
f 794 798 803
f 799 802 803
f 801 800 796
f 795 806 802
f 795 799 798
f 808 796 800
f 805 804 800
f 803 802 806
f 607 608 898
f 608 887 898
f 827 829 898
f 829 607 898
f 750 749 896
f 749 827 897
f 833 831 895
f 831 750 896
f 605 606 895
f 606 833 895
f 895 888 605
f 896 895 831
f 749 897 896
f 823 811 810
f 823 824 812
f 824 825 813
f 812 813 821
f 811 812 820
f 811 819 818
f 816 817 825
f 815 823 822
f 816 824 823
f 834 835 839
f 856 855 836
f 844 845 842
f 858 857 845
f 841 840 848
f 840 836 850
f 849 840 850
f 836 837 852
f 837 847 852
f 848 846 841
f 849 848 840
f 836 852 851
f 843 842 853
f 854 853 855
f 860 859 857
f 839 835 859
f 863 867 868
f 863 734 982
f 734 733 982
f 889 894 890
f 894 893 890
f 890 893 891
f 874 873 870
f 876 875 873
f 878 877 875
f 880 870 883
f 870 869 885
f 883 870 885
f 885 886 884
f 880 879 872
f 871 882 881
f 882 871 886
f 871 872 886
f 872 879 884
f 905 906 902
f 912 911 901
f 909 910 906
f 902 906 904
f 903 905 901
f 904 903 899
f 910 909 907
f 906 910 908
f 903 907 909
f 908 907 903
f 917 918 914
f 534 533 913
f 921 922 918
f 914 918 916
f 911 915 917
f 916 915 911
f 922 921 919
f 918 922 920
f 915 919 921
f 920 919 915
f 943 944 926
f 734 699 927
f 734 927 944
f 941 933 698
f 942 941 698
f 736 734 943
f 734 944 943
f 943 942 736
f 944 927 940
f 943 925 924
f 928 939 940
f 923 924 925
f 926 940 938
f 940 939 938
f 923 925 934
f 925 926 934
f 926 938 937
f 926 937 936
f 935 934 926
f 945 946 960
f 953 945 959
f 954 953 952
f 955 954 951
f 956 955 950
f 957 956 949
f 958 957 948
f 961 965 966
f 963 966 965
f 962 966 963
f 964 965 961
f 963 964 543
f 978 969 974
f 968 973 972
f 975 972 971
f 976 971 970
f 977 970 969
f 861 865 979
f 982 981 867
f 980 864 868
f 982 980 979
f 980 982 862
f 816 734 863
f 867 981 979
v -2.8986785 2.8526325 -2.0283160
v -2.8986785 2.8671565 -2.1293333
v -2.8986785 2.8102372 -1.9354830
v -2.8986785 2.8526325 -2.2303500
v -2.8986785 2.7434049 -1.8583544
v -2.8986785 2.8102369 -2.3231831
v -2.8986785 2.6575503 -1.8031791
v -2.8986785 2.7656152 -2.0128317
v -2.8986785 2.7821395 -2.0490150
v -2.8986785 2.7434044 -2.4003115
v -2.8986790 2.5596287 -1.7744271
v -2.8986785 2.6712444 -1.8984237
v -2.8986785 2.6952929 -1.9138789
v -2.8986785 2.7936873 -2.1293333
v -2.8986785 2.7484312 -1.9752036
v -3.0201848 2.7821393 -2.0490150
v -2.8986790 2.6575499 -2.4554868
v -2.8986785 2.7434044 -2.2892637
v -2.8986785 2.7484307 -2.2834630
v -2.8986790 2.4575732 -1.7744271
v -2.8986790 2.5710061 -1.8535590
v -2.8986785 2.6270301 -1.8700089
v -2.8986785 2.7434049 -1.9694029
v -2.8986785 2.6575503 -1.8896233
v -3.0201848 2.6952927 -1.9138789
v -3.0201848 2.7936873 -2.1293333
v -2.8986785 2.7880266 -2.1687064
v -2.8986795 2.5596282 -2.4842393
v -2.8986785 2.6575499 -2.3690434
v -2.8986785 2.6952925 -2.3447878
v -3.0201848 2.6952927 -2.3447878
v -2.8986785 2.7297103 -2.3050671
v -2.8986785 2.7821393 -2.2096517
v -2.8986790 2.3596516 -1.8031791
v -2.8986790 2.5491729 -1.8471478
v -2.8986790 2.4680288 -1.8471478
v -2.8986790 2.5596287 -1.8502182
v -3.0201848 2.5491731 -1.8471478
v -3.0201848 2.7484312 -1.9752036
v -3.0201848 2.7821393 -2.2096517
v -2.8986795 2.4575727 -2.4842393
v -2.8986790 2.5596282 -2.4084480
v -2.8986785 2.6270301 -2.3886573
v -3.0201848 2.6270301 -2.3886573
v -2.8986785 2.6461728 -2.3763552
v -3.0201848 2.7484307 -2.2834630
v -2.8986790 2.2737968 -1.8583544
v -2.8986790 2.4575732 -1.8502182
v -2.8986790 2.3901715 -1.8700089
v -2.8986790 2.4680288 -1.8471478
v -3.0201848 2.4680288 -1.8471478
v -3.0201848 2.6270301 -1.8700089
v -2.8986795 2.3596511 -2.4554868
v -2.8986790 2.4680285 -2.4115181
v -2.8986790 2.5491726 -2.4115181
v -3.0201848 2.5491726 -2.4115181
v -2.8986790 2.5491726 -2.4115181
v -2.8986790 2.2069647 -1.9354830
v -2.8986790 2.3596516 -1.8896226
v -2.8986790 2.3219087 -1.9138789
v -2.8986790 2.3710289 -1.8823109
v -2.8986790 2.2737966 -2.4003112
v -2.8986790 2.4461956 -2.4051073
v -2.8986790 2.3901713 -2.3886569
v -2.8986790 2.4575727 -2.4084477
v -3.0201848 2.4680285 -2.4115181
v -2.8986790 2.1645694 -2.0283160
v -2.8986790 2.2737968 -1.9694033
v -2.8986790 2.2687707 -1.9752036
v -2.8986790 2.2874908 -1.9535989
v -3.0201848 2.3219087 -1.9138789
v -3.0201848 2.3901715 -1.8700089
v -3.0201848 2.4992056 -2.0639887
v -3.0201848 2.5044997 -2.0629780
v -3.0201848 2.5398970 -2.0741644
v -3.0201848 2.5491729 -2.0826416
v -3.0201848 2.5125015 -2.0639911
v -3.0201848 2.5491729 -2.1823723
v -3.0201848 2.5609150 -2.1712759
v -3.0201848 2.5556314 -2.0885439
v -3.0201848 2.5667286 -2.1636658
v -3.0201848 2.5667284 -2.1064994
v -3.0201848 2.5725532 -2.1270032
v -3.0201848 2.5694008 -2.1560559
v -2.8986790 2.2069647 -2.3231831
v -2.8986790 2.3459570 -2.3602424
v -2.8986790 2.3219087 -2.3447871
v -2.8986790 2.3596511 -2.3690429
v -3.0201848 2.3901713 -2.3886569
v -2.8986790 2.1500452 -2.1293333
v -3.0201848 2.2687705 -1.9752036
v -2.8986790 2.2350624 -2.0490150
v -3.0201848 2.4680288 -2.0749810
v -3.0201848 2.4480844 -2.0938280
v -3.0201848 2.4680285 -2.1899581
v -3.0201848 2.4533679 -2.1765594
v -3.0201848 2.4422708 -2.1014376
v -3.0201848 2.4422710 -2.1586044
v -3.0201848 2.4364462 -2.1381004
v -3.0201848 2.4395986 -2.1090477
v -3.0201848 2.4950931 -2.0647745
v -3.0201848 2.4685903 -2.0744503
v -3.0201848 2.5404091 -2.1906536
v -3.0201848 2.5185637 -2.1986284
v -2.8986790 2.1645691 -2.2303500
v -2.8986790 2.2515862 -2.2458344
v -2.8986790 2.2350621 -2.2096510
v -2.8986790 2.2737966 -2.2892628
v -3.0201848 2.3219087 -2.3447871
v -3.0201848 2.5139062 -2.2003288
v -3.0201848 2.4691024 -2.1909389
v -3.0201848 2.4964979 -2.2011123
v -3.0201848 2.5044997 -2.2021258
v -2.8986790 2.2235141 -2.1293333
v -3.0201848 2.2350621 -2.0490150
v -2.8986790 2.2291751 -2.0899606
v -2.8986790 2.2687705 -2.2834625
v -3.0201848 2.2350621 -2.2096510
v -3.0201848 2.2687705 -2.2834625
v -3.0201848 2.2235141 -2.1293333
v -3.0023921 2.4422708 -2.1444359
v -3.0023921 2.4660399 -2.1828959
v -3.0151403 2.4422708 -2.1014376
v -2.9789855 2.4717836 -2.1527705
v -2.9817653 2.4660399 -2.1133220
v -3.0151403 2.5044997 -2.2021258
v -2.9817653 2.5044997 -2.1755505
v -3.0006745 2.4717836 -2.0796170
v -2.9690170 2.5044997 -2.1325519
v -2.9817653 2.5044997 -2.0895529
v -3.0006745 2.5372157 -2.1854863
v -2.9817653 2.5429595 -2.1517816
v -3.0151403 2.5044997 -2.0629780
v -2.9789855 2.5372157 -2.1123331
v -3.0023921 2.5429595 -2.0822077
v -3.0151403 2.5667286 -2.1636658
v -3.0023921 2.5667286 -2.1206675
v -2.8986785 2.7656152 -2.0128317
v -2.8986785 2.7821395 -2.0490150
v -2.8986785 2.6712444 -1.8984237
v -2.8986785 2.6952929 -1.9138789
v -2.8986785 2.7936873 -2.1293333
v -2.8986785 2.7484312 -1.9752036
v -3.0201848 2.7821393 -2.0490150
v -2.8986785 2.7434044 -2.2892637
v -2.8986785 2.7484307 -2.2834630
v -2.8986790 2.5710061 -1.8535590
v -2.8986785 2.6270301 -1.8700089
v -2.8986785 2.7434049 -1.9694029
v -2.8986785 2.6575503 -1.8896233
v -3.0201848 2.6952927 -1.9138789
v -3.0201848 2.7936873 -2.1293333
v -2.8986785 2.7880266 -2.1687064
v -2.8986785 2.6575499 -2.3690434
v -2.8986785 2.6952925 -2.3447878
v -3.0201848 2.6952927 -2.3447878
v -2.8986785 2.7297103 -2.3050671
v -2.8986785 2.7821393 -2.2096517
v -2.8986790 2.5491729 -1.8471478
v -2.8986790 2.4680288 -1.8471478
v -2.8986790 2.5596287 -1.8502182
v -3.0201848 2.5491731 -1.8471478
v -3.0201848 2.7484312 -1.9752036
v -3.0201848 2.7821393 -2.2096517
v -2.8986790 2.5596282 -2.4084480
v -2.8986785 2.6270301 -2.3886573
v -3.0201848 2.6270301 -2.3886573
v -2.8986785 2.6461728 -2.3763552
v -3.0201848 2.7484307 -2.2834630
v -2.8986790 2.4575732 -1.8502182
v -2.8986790 2.3901715 -1.8700089
v -2.8986790 2.4680288 -1.8471478
v -3.0201848 2.4680288 -1.8471478
v -3.0201848 2.6270301 -1.8700089
v -2.8986790 2.4680285 -2.4115181
v -2.8986790 2.5491726 -2.4115181
v -3.0201848 2.5491726 -2.4115181
v -2.8986790 2.5491726 -2.4115181
v -2.8986790 2.3596516 -1.8896226
v -2.8986790 2.3219087 -1.9138789
v -2.8986790 2.3710289 -1.8823109
v -2.8986790 2.4461956 -2.4051073
v -2.8986790 2.3901713 -2.3886569
v -2.8986790 2.4575727 -2.4084477
v -3.0201848 2.4680285 -2.4115181
v -2.8986790 2.2737968 -1.9694033
v -2.8986790 2.2687707 -1.9752036
v -2.8986790 2.2874908 -1.9535989
v -3.0201848 2.3219087 -1.9138789
v -3.0201848 2.3901715 -1.8700089
v -2.8986790 2.3459570 -2.3602424
v -2.8986790 2.3219087 -2.3447871
v -2.8986790 2.3596511 -2.3690429
v -3.0201848 2.3901713 -2.3886569
v -3.0201848 2.2687705 -1.9752036
v -2.8986790 2.2350624 -2.0490150
v -2.8986790 2.2515862 -2.2458344
v -2.8986790 2.2350621 -2.2096510
v -2.8986790 2.2737966 -2.2892628
v -3.0201848 2.3219087 -2.3447871
v -2.8986790 2.2235141 -2.1293333
v -3.0201848 2.2350621 -2.0490150
v -2.8986790 2.2291751 -2.0899606
v -2.8986790 2.2687705 -2.2834625
v -3.0201848 2.2350621 -2.2096510
v -3.0201848 2.2687705 -2.2834625
v -3.0201848 2.2235141 -2.1293333
v -3.1594760 2.8526325 -2.0283160
v -2.8986785 2.8526325 -2.0283160
v -2.8986785 2.8671565 -2.1293333
v -3.1594760 2.8671565 -2.1293333
v -3.1594760 2.8102369 -1.9354830
v -2.8986785 2.8102372 -1.9354830
v -2.8986785 2.8526325 -2.2303500
v -3.1594760 2.8526325 -2.2303500
v -3.1594760 2.7434046 -1.8583544
v -2.8986785 2.7434049 -1.8583544
v -2.8986785 2.8102369 -2.3231831
v -3.1594760 2.8102369 -2.3231831
v -2.8986785 2.6575503 -1.8031791
v -3.1594760 2.6575503 -1.8031793
v -2.8986785 2.7434044 -2.4003115
v -3.1594760 2.7434044 -2.4003115
v -2.8986790 2.5596287 -1.7744271
v -3.1594760 2.5596285 -1.7744271
v -2.8986790 2.6575499 -2.4554868
v -3.1594760 2.6575499 -2.4554868
v -2.8986790 2.4575732 -1.7744271
v -3.1594760 2.4575732 -1.7744271
v -2.8986795 2.5596282 -2.4842393
v -3.1594760 2.5596285 -2.4842393
v -3.1594760 2.3596513 -1.8031793
v -2.8986790 2.3596516 -1.8031791
v -3.1594760 2.4575727 -2.4842393
v -2.8986795 2.4575727 -2.4842393
v -3.1594760 2.2737966 -1.8583544
v -2.8986790 2.2737968 -1.8583544
v -2.8986795 2.3596511 -2.4554868
v -3.1594760 2.3596513 -2.4554868
v -3.1594760 2.2069647 -1.9354830
v -2.8986790 2.2069647 -1.9354830
v -3.1594760 2.2737966 -2.4003112
v -2.8986790 2.2737966 -2.4003112
v -3.1594760 2.1645691 -2.0283160
v -2.8986790 2.1645694 -2.0283160
v -2.8986790 2.2069647 -2.3231831
v -3.1594760 2.2069647 -2.3231831
v -3.1594760 2.1500452 -2.1293333
v -2.8986790 2.1500452 -2.1293333
v -2.8986790 2.1645691 -2.2303500
v -3.1594760 2.1645691 -2.2303500
v -3.1594760 2.8526325 -2.0283160
v -3.1594760 2.8671565 -2.1293333
v -3.1594760 2.8102369 -1.9354830
v -3.1594760 2.8526325 -2.2303500
v -3.1594760 2.7434046 -1.8583544
v -3.1594760 2.8102369 -2.3231831
v -3.1594760 2.6575503 -1.8031793
v -3.1594760 2.7434044 -2.4003115
v -3.1594760 2.5596285 -1.7744271
v -3.1594760 2.6575499 -2.4554868
v -3.1594760 2.4575732 -1.7744271
v -3.1594760 2.5596285 -2.4842393
v -3.1594760 2.3596513 -1.8031793
v -3.1594760 2.4575727 -2.4842393
v -3.1594760 2.2737966 -1.8583544
v -3.1594760 2.3596513 -2.4554868
v -3.1594760 2.2069647 -1.9354830
v -3.1594760 2.2737966 -2.4003112
v -3.1594760 2.1645691 -2.0283160
v -3.1594760 2.2069647 -2.3231831
v -3.1594760 2.1500452 -2.1293333
v -3.1594760 2.1645691 -2.2303500
f 984 983 986
f 983 985 986
f 985 988 986
f 985 991 996
f 996 988 985
f 996 1009 988
f 985 990 991
f 987 997 990
f 987 1005 997
f 988 1015 1001
f 988 1009 1015
f 1000 988 1001
f 1014 992 1000
f 987 994 995
f 995 1005 987
f 989 1006 994
f 1011 992 1012
f 992 1014 1012
f 1027 999 1011
f 989 1004 1006
f 989 1003 1004
f 993 1019 1003
f 999 1027 1025
f 1024 999 1025
f 1037 1010 1039
f 1010 1024 1039
f 993 1017 1019
f 1002 1017 993
f 1002 1032 1018
f 1002 1030 1032
f 1047 1023 1036
f 1010 1036 1023
f 1045 1023 1047
f 1016 1043 1031
f 1030 1016 1031
f 1016 1041 1043
f 1070 1035 1046
f 1035 1045 1046
f 1068 1035 1070
f 1029 1041 1016
f 1029 1052 1042
f 1029 1050 1052
f 1044 1068 1069
f 1069 1090 1044
f 1088 1044 1099
f 1044 1090 1099
f 1040 1074 1051
f 1040 1098 1074
f 1050 1040 1051
f 1067 1089 1096
f 1096 1040 1067
f 1096 1098 1040
f 1067 1088 1089
f 1040 1049 1067
f 1049 1087 1067
f 1049 1072 1087
f 1196 1201 1197
f 1197 1192 1196
f 1200 1205 1201
f 1205 1208 1209
f 1209 1212 1213
f 1213 1217 1216
f 1221 1217 1220
f 1224 1220 1225
f 1225 1229 1224
f 1228 1233 1229
f 1232 1230 1233
f 1231 1226 1230
f 1227 1222 1226
f 1223 1218 1222
f 1218 1215 1214
f 1211 1215 1210
f 1211 1206 1207
f 1203 1206 1202
f 1203 1199 1198
f 998 1022 1008
f 998 1021 1022
f 1022 1021 1028
f 1028 1021 1007
f 1028 1007 1013
f 1013 1007 1034
f 1013 1034 1026
f 1026 1034 1020
f 1026 1066 1063
f 1026 1065 1066
f 1026 1020 1065
f 1020 1064 1065
f 1020 1062 1064
f 1063 1061 1026
f 1020 1058 1062
f 1060 1026 1061
f 1038 1060 1085
f 1085 1086 1038
f 1020 1056 1059
f 1059 1057 1020
f 1057 1058 1020
f 1033 1056 1020
f 1095 1094 1048
f 1048 1092 1095
f 1094 1093 1048
f 1093 1077 1048
f 1038 1092 1048
f 1033 1084 1083
f 1033 1075 1084
f 1083 1055 1033
f 1082 1079 1054
f 1054 1081 1082
f 1054 1048 1081
f 1048 1080 1081
f 1048 1078 1080
f 1079 1076 1054
f 1048 1077 1078
f 1075 1054 1076
f 1048 1054 1071
f 1071 1054 1053
f 1071 1053 1091
f 1091 1053 1073
f 1091 1073 1101
f 1101 1073 1097
f 1101 1097 1100
f 1100 1097 1102
f 1199 1194 1198
f 1190 1195 1191
f 1191 1193 1190
f 1080 1103 1081
f 1081 1105 1082
f 1106 1104 1109
f 1110 1107 1112
f 1095 1108 1094
f 1106 1109 1111
f 1110 1112 1115
f 1060 1118 1085
f 1118 1113 1085
f 1116 1114 1119
f 1117 1058 1057
f 1110 1075 1105
f 1075 1076 1105
f 1079 1105 1076
f 1082 1105 1079
f 1103 1104 1106
f 1104 1080 1078
f 1104 1077 1093
f 1105 1107 1110
f 1105 1103 1107
f 1103 1106 1107
f 1056 1115 1059
f 1115 1055 1083
f 1084 1115 1083
f 1109 1108 1113
f 1109 1104 1108
f 1108 1093 1094
f 1112 1111 1116
f 1112 1107 1111
f 1107 1106 1111
f 1108 1086 1085
f 1085 1113 1108
f 1092 1108 1095
f 1111 1114 1116
f 1111 1109 1114
f 1109 1113 1114
f 1115 1057 1059
f 1115 1112 1117
f 1112 1116 1117
f 1066 1118 1063
f 1063 1118 1061
f 1065 1118 1066
f 1119 1114 1118
f 1114 1113 1118
f 1064 1119 1065
f 1117 1064 1062
f 1117 1116 1119
f 1134 1121 1126
f 1120 1125 1126
f 1120 1126 1121
f 1125 1145 1126
f 1131 1145 1125
f 1123 1133 1145
f 1122 1133 1123
f 1156 1132 1130
f 1129 1143 1144
f 1129 1144 1130
f 1143 1141 1144
f 1144 1156 1130
f 1142 1155 1141
f 1155 1144 1141
f 1152 1155 1154
f 1153 1172 1155
f 1163 1172 1153
f 1171 1161 1162
f 1170 1171 1162
f 1177 1168 1169
f 1177 1178 1184
f 1185 1184 1178
f 1183 1189 1184
f 1189 1180 1187
f 1179 1187 1180
f 1186 1188 1187
f 1181 1188 1186
f 1174 1182 1188
f 1173 1182 1174
f 1176 1175 1165
f 1164 1176 1165
f 1167 1166 1157
f 1158 1167 1157
f 1160 1159 1167
f 1147 1159 1160
f 1147 1148 1159
f 1148 1149 1159
f 1150 1149 1148
f 1138 1136 1137
f 1127 1138 1139
f 1138 1137 1139
f 1128 1151 1138
f 1146 1135 1124
f 1124 1134 1146
f 1151 1140 1146
f 1234 1241 1249
f 985 987 990
f 1000 992 988
f 987 989 994
f 1011 999 992
f 989 993 1003
f 1024 1010 999
f 1002 1018 1017
f 1010 1037 1036
f 1030 1002 1016
f 1035 1023 1045
f 1029 1042 1041
f 1044 1035 1068
f 1050 1029 1040
f 1067 1044 1088
f 1196 1200 1201
f 1197 1193 1192
f 1200 1204 1205
f 1205 1204 1208
f 1209 1208 1212
f 1213 1212 1217
f 1221 1216 1217
f 1224 1221 1220
f 1225 1228 1229
f 1228 1232 1233
f 1232 1231 1230
f 1231 1227 1226
f 1227 1223 1222
f 1223 1219 1218
f 1218 1219 1215
f 1211 1214 1215
f 1211 1210 1206
f 1203 1207 1206
f 1203 1202 1199
f 1060 1038 1026
f 1033 1055 1056
f 1038 1086 1092
f 1075 1033 1054
f 1199 1195 1194
f 1190 1194 1195
f 1191 1192 1193
f 1081 1103 1105
f 1060 1061 1118
f 1117 1062 1058
f 1110 1084 1075
f 1104 1103 1080
f 1104 1078 1077
f 1115 1056 1055
f 1084 1110 1115
f 1108 1104 1093
f 1108 1092 1086
f 1115 1117 1057
f 1065 1119 1118
f 1117 1119 1064
f 1134 1124 1121
f 1131 1123 1145
f 1122 1132 1133
f 1156 1133 1132
f 1142 1154 1155
f 1152 1153 1155
f 1163 1161 1172
f 1171 1172 1161
f 1170 1168 1171
f 1177 1171 1168
f 1177 1169 1178
f 1185 1183 1184
f 1189 1183 1180
f 1179 1186 1187
f 1181 1174 1188
f 1173 1175 1182
f 1176 1182 1175
f 1164 1166 1176
f 1167 1176 1166
f 1158 1160 1167
f 1150 1136 1149
f 1138 1149 1136
f 1127 1128 1138
f 1146 1140 1135
f 1151 1128 1140
f 1242 1240 1238
f 1238 1236 1242
f 1236 1234 1242
f 1234 1235 1241
f 1235 1237 1241
f 1237 1239 1241
f 1241 1243 1249
f 1243 1245 1249
f 1245 1247 1249
f 1249 1251 1253
f 1253 1255 1254
f 1254 1252 1250
f 1250 1248 1246
f 1246 1244 1242
f 1249 1253 1254
f 1254 1250 1249
f 1250 1246 1249
f 1246 1242 1249
f 1242 1234 1249
v -2.8986785 2.7405455 -2.8380032
v -2.8986785 2.7550695 -2.9390204
v -2.8986785 2.6981502 -2.7451701
v -2.8986785 2.7405455 -3.0400372
v -2.8986785 2.6313179 -2.6680417
v -2.8986785 2.6981499 -3.1328702
v -2.8986785 2.5454633 -2.6128664
v -2.8986785 2.6535282 -2.8225188
v -2.8986785 2.6700525 -2.8587022
v -2.8986785 2.6313174 -3.2099986
v -2.8986790 2.4475417 -2.5841141
v -2.8986785 2.5591574 -2.7081108
v -2.8986785 2.5832059 -2.7235661
v -2.8986785 2.6816003 -2.9390204
v -2.8986785 2.6363442 -2.7848909
v -3.0201848 2.6700523 -2.8587022
v -2.8986790 2.5454628 -3.2651739
v -2.8986785 2.6313174 -3.0989509
v -2.8986785 2.6363437 -3.0931501
v -2.8986790 2.3454862 -2.5841141
v -2.8986790 2.4589190 -2.6632462
v -2.8986785 2.5149431 -2.6796961
v -2.8986785 2.6313179 -2.7790902
v -2.8986785 2.5454633 -2.6993105
v -3.0201848 2.5832057 -2.7235661
v -3.0201848 2.6816003 -2.9390204
v -2.8986785 2.6759396 -2.9783936
v -2.8986795 2.4475412 -3.2939265
v -2.8986785 2.5454628 -3.1787305
v -2.8986785 2.5832055 -3.1544750
v -3.0201848 2.5832057 -3.1544750
v -2.8986785 2.6176233 -3.1147542
v -2.8986785 2.6700523 -3.0193388
v -2.8986790 2.2475646 -2.6128664
v -2.8986790 2.4370859 -2.6568351
v -2.8986790 2.3559418 -2.6568351
v -2.8986790 2.4475417 -2.6599054
v -3.0201848 2.4370861 -2.6568351
v -3.0201848 2.6363442 -2.7848909
v -3.0201848 2.6700523 -3.0193388
v -2.8986795 2.3454857 -3.2939265
v -2.8986790 2.4475412 -3.2181351
v -2.8986785 2.5149431 -3.1983445
v -3.0201848 2.5149431 -3.1983445
v -2.8986785 2.5340858 -3.1860423
v -3.0201848 2.6363437 -3.0931501
v -2.8986790 2.1617098 -2.6680417
v -2.8986790 2.3454862 -2.6599054
v -2.8986790 2.2780845 -2.6796961
v -2.8986790 2.3559418 -2.6568351
v -3.0201848 2.3559418 -2.6568351
v -3.0201848 2.5149431 -2.6796961
v -2.8986795 2.2475641 -3.2651739
v -2.8986790 2.3559415 -3.2212052
v -2.8986790 2.4370856 -3.2212052
v -3.0201848 2.4370856 -3.2212052
v -2.8986790 2.4370856 -3.2212052
v -2.8986790 2.0948777 -2.7451701
v -2.8986790 2.2475646 -2.6993098
v -2.8986790 2.2098217 -2.7235661
v -2.8986790 2.2589419 -2.6919980
v -2.8986790 2.1617095 -3.2099984
v -2.8986790 2.3341086 -3.2147944
v -2.8986790 2.2780843 -3.1983440
v -2.8986790 2.3454857 -3.2181349
v -3.0201848 2.3559415 -3.2212052
v -2.8986790 2.0524824 -2.8380032
v -2.8986790 2.1617098 -2.7790904
v -2.8986790 2.1566837 -2.7848909
v -2.8986790 2.1754038 -2.7632861
v -3.0201848 2.2098217 -2.7235661
v -3.0201848 2.2780845 -2.6796961
v -3.0201848 2.3871186 -2.8736758
v -3.0201848 2.3924127 -2.8726652
v -3.0201848 2.4278100 -2.8838515
v -3.0201848 2.4370859 -2.8923287
v -3.0201848 2.4004145 -2.8736782
v -3.0201848 2.4370859 -2.9920595
v -3.0201848 2.4488280 -2.9809630
v -3.0201848 2.4435444 -2.8982310
v -3.0201848 2.4546416 -2.9733529
v -3.0201848 2.4546413 -2.9161866
v -3.0201848 2.4604661 -2.9366903
v -3.0201848 2.4573138 -2.9657431
v -2.8986790 2.0948777 -3.1328702
v -2.8986790 2.2338700 -3.1699295
v -2.8986790 2.2098217 -3.1544743
v -2.8986790 2.2475641 -3.1787300
v -3.0201848 2.2780843 -3.1983440
v -2.8986790 2.0379581 -2.9390204
v -3.0201848 2.1566834 -2.7848909
v -2.8986790 2.1229753 -2.8587022
v -3.0201848 2.3559418 -2.8846681
v -3.0201848 2.3359973 -2.9035151
v -3.0201848 2.3559415 -2.9996452
v -3.0201848 2.3412809 -2.9862466
v -3.0201848 2.3301837 -2.9111247
v -3.0201848 2.3301840 -2.9682915
v -3.0201848 2.3243592 -2.9477875
v -3.0201848 2.3275115 -2.9187348
v -3.0201848 2.3830061 -2.8744617
v -3.0201848 2.3565032 -2.8841374
v -3.0201848 2.4283221 -3.0003407
v -3.0201848 2.4064767 -3.0083156
v -2.8986790 2.0524821 -3.0400372
v -2.8986790 2.1394992 -3.0555215
v -2.8986790 2.1229751 -3.0193381
v -2.8986790 2.1617095 -3.0989499
v -3.0201848 2.2098217 -3.1544743
v -3.0201848 2.4018192 -3.0100160
v -3.0201848 2.3570154 -3.0006261
v -3.0201848 2.3844109 -3.0107994
v -3.0201848 2.3924127 -3.0118129
v -2.8986790 2.1114271 -2.9390204
v -3.0201848 2.1229751 -2.8587022
v -2.8986790 2.1170881 -2.8996477
v -2.8986790 2.1566834 -3.0931497
v -3.0201848 2.1229751 -3.0193381
v -3.0201848 2.1566834 -3.0931497
v -3.0201848 2.1114271 -2.9390204
v -3.0023921 2.3301837 -2.9541230
v -3.0023921 2.3539529 -2.9925830
v -3.0151403 2.3301837 -2.9111247
v -2.9789855 2.3596966 -2.9624577
v -2.9817653 2.3539529 -2.9230092
v -3.0151403 2.3924127 -3.0118129
v -2.9817653 2.3924127 -2.9852376
v -3.0006745 2.3596966 -2.8893042
v -2.9690170 2.3924127 -2.9422390
v -2.9817653 2.3924127 -2.8992400
v -3.0006745 2.4251287 -2.9951735
v -2.9817653 2.4308724 -2.9614687
v -3.0151403 2.3924127 -2.8726652
v -2.9789855 2.4251287 -2.9220202
v -3.0023921 2.4308724 -2.8918948
v -3.0151403 2.4546416 -2.9733529
v -3.0023921 2.4546416 -2.9303546
v -2.8986785 2.6535282 -2.8225188
v -2.8986785 2.6700525 -2.8587022
v -2.8986785 2.5591574 -2.7081108
v -2.8986785 2.5832059 -2.7235661
v -2.8986785 2.6816003 -2.9390204
v -2.8986785 2.6363442 -2.7848909
v -3.0201848 2.6700523 -2.8587022
v -2.8986785 2.6313174 -3.0989509
v -2.8986785 2.6363437 -3.0931501
v -2.8986790 2.4589190 -2.6632462
v -2.8986785 2.5149431 -2.6796961
v -2.8986785 2.6313179 -2.7790902
v -2.8986785 2.5454633 -2.6993105
v -3.0201848 2.5832057 -2.7235661
v -3.0201848 2.6816003 -2.9390204
v -2.8986785 2.6759396 -2.9783936
v -2.8986785 2.5454628 -3.1787305
v -2.8986785 2.5832055 -3.1544750
v -3.0201848 2.5832057 -3.1544750
v -2.8986785 2.6176233 -3.1147542
v -2.8986785 2.6700523 -3.0193388
v -2.8986790 2.4370859 -2.6568351
v -2.8986790 2.3559418 -2.6568351
v -2.8986790 2.4475417 -2.6599054
v -3.0201848 2.4370861 -2.6568351
v -3.0201848 2.6363442 -2.7848909
v -3.0201848 2.6700523 -3.0193388
v -2.8986790 2.4475412 -3.2181351
v -2.8986785 2.5149431 -3.1983445
v -3.0201848 2.5149431 -3.1983445
v -2.8986785 2.5340858 -3.1860423
v -3.0201848 2.6363437 -3.0931501
v -2.8986790 2.3454862 -2.6599054
v -2.8986790 2.2780845 -2.6796961
v -2.8986790 2.3559418 -2.6568351
v -3.0201848 2.3559418 -2.6568351
v -3.0201848 2.5149431 -2.6796961
v -2.8986790 2.3559415 -3.2212052
v -2.8986790 2.4370856 -3.2212052
v -3.0201848 2.4370856 -3.2212052
v -2.8986790 2.4370856 -3.2212052
v -2.8986790 2.2475646 -2.6993098
v -2.8986790 2.2098217 -2.7235661
v -2.8986790 2.2589419 -2.6919980
v -2.8986790 2.3341086 -3.2147944
v -2.8986790 2.2780843 -3.1983440
v -2.8986790 2.3454857 -3.2181349
v -3.0201848 2.3559415 -3.2212052
v -2.8986790 2.1617098 -2.7790904
v -2.8986790 2.1566837 -2.7848909
v -2.8986790 2.1754038 -2.7632861
v -3.0201848 2.2098217 -2.7235661
v -3.0201848 2.2780845 -2.6796961
v -2.8986790 2.2338700 -3.1699295
v -2.8986790 2.2098217 -3.1544743
v -2.8986790 2.2475641 -3.1787300
v -3.0201848 2.2780843 -3.1983440
v -3.0201848 2.1566834 -2.7848909
v -2.8986790 2.1229753 -2.8587022
v -2.8986790 2.1394992 -3.0555215
v -2.8986790 2.1229751 -3.0193381
v -2.8986790 2.1617095 -3.0989499
v -3.0201848 2.2098217 -3.1544743
v -2.8986790 2.1114271 -2.9390204
v -3.0201848 2.1229751 -2.8587022
v -2.8986790 2.1170881 -2.8996477
v -2.8986790 2.1566834 -3.0931497
v -3.0201848 2.1229751 -3.0193381
v -3.0201848 2.1566834 -3.0931497
v -3.0201848 2.1114271 -2.9390204
v -3.1594760 2.7405455 -2.8380032
v -2.8986785 2.7405455 -2.8380032
v -2.8986785 2.7550695 -2.9390204
v -3.1594760 2.7550695 -2.9390204
v -3.1594760 2.6981499 -2.7451701
v -2.8986785 2.6981502 -2.7451701
v -2.8986785 2.7405455 -3.0400372
v -3.1594760 2.7405455 -3.0400372
v -3.1594760 2.6313176 -2.6680417
v -2.8986785 2.6313179 -2.6680417
v -2.8986785 2.6981499 -3.1328702
v -3.1594760 2.6981499 -3.1328702
v -2.8986785 2.5454633 -2.6128664
v -3.1594760 2.5454633 -2.6128664
v -2.8986785 2.6313174 -3.2099986
v -3.1594760 2.6313174 -3.2099986
v -2.8986790 2.4475417 -2.5841141
v -3.1594760 2.4475415 -2.5841143
v -2.8986790 2.5454628 -3.2651739
v -3.1594760 2.5454628 -3.2651739
v -2.8986790 2.3454862 -2.5841141
v -3.1594760 2.3454862 -2.5841143
v -2.8986795 2.4475412 -3.2939265
v -3.1594760 2.4475415 -3.2939265
v -3.1594760 2.2475643 -2.6128664
v -2.8986790 2.2475646 -2.6128664
v -3.1594760 2.3454857 -3.2939265
v -2.8986795 2.3454857 -3.2939265
v -3.1594760 2.1617095 -2.6680417
v -2.8986790 2.1617098 -2.6680417
v -2.8986795 2.2475641 -3.2651739
v -3.1594760 2.2475643 -3.2651739
v -3.1594760 2.0948777 -2.7451701
v -2.8986790 2.0948777 -2.7451701
v -3.1594760 2.1617095 -3.2099984
v -2.8986790 2.1617095 -3.2099984
v -3.1594760 2.0524821 -2.8380032
v -2.8986790 2.0524824 -2.8380032
v -2.8986790 2.0948777 -3.1328702
v -3.1594760 2.0948777 -3.1328702
v -3.1594760 2.0379581 -2.9390204
v -2.8986790 2.0379581 -2.9390204
v -2.8986790 2.0524821 -3.0400372
v -3.1594760 2.0524821 -3.0400372
v -3.1594760 2.7405455 -2.8380032
v -3.1594760 2.7550695 -2.9390204
v -3.1594760 2.6981499 -2.7451701
v -3.1594760 2.7405455 -3.0400372
v -3.1594760 2.6313176 -2.6680417
v -3.1594760 2.6981499 -3.1328702
v -3.1594760 2.5454633 -2.6128664
v -3.1594760 2.6313174 -3.2099986
v -3.1594760 2.4475415 -2.5841143
v -3.1594760 2.5454628 -3.2651739
v -3.1594760 2.3454862 -2.5841143
v -3.1594760 2.4475415 -3.2939265
v -3.1594760 2.2475643 -2.6128664
v -3.1594760 2.3454857 -3.2939265
v -3.1594760 2.1617095 -2.6680417
v -3.1594760 2.2475643 -3.2651739
v -3.1594760 2.0948777 -2.7451701
v -3.1594760 2.1617095 -3.2099984
v -3.1594760 2.0524821 -2.8380032
v -3.1594760 2.0948777 -3.1328702
v -3.1594760 2.0379581 -2.9390204
v -3.1594760 2.0524821 -3.0400372
f 1257 1256 1259
f 1256 1258 1259
f 1258 1261 1259
f 1258 1264 1269
f 1269 1261 1258
f 1269 1282 1261
f 1258 1263 1264
f 1260 1270 1263
f 1260 1278 1270
f 1261 1288 1274
f 1261 1282 1288
f 1273 1261 1274
f 1287 1265 1273
f 1260 1267 1268
f 1268 1278 1260
f 1262 1279 1267
f 1284 1265 1285
f 1265 1287 1285
f 1300 1272 1284
f 1262 1277 1279
f 1262 1276 1277
f 1266 1292 1276
f 1272 1300 1298
f 1297 1272 1298
f 1310 1283 1312
f 1283 1297 1312
f 1266 1290 1292
f 1275 1290 1266
f 1275 1305 1291
f 1275 1303 1305
f 1320 1296 1309
f 1283 1309 1296
f 1318 1296 1320
f 1289 1316 1304
f 1303 1289 1304
f 1289 1314 1316
f 1343 1308 1319
f 1308 1318 1319
f 1341 1308 1343
f 1302 1314 1289
f 1302 1325 1315
f 1302 1323 1325
f 1317 1341 1342
f 1342 1363 1317
f 1361 1317 1372
f 1317 1363 1372
f 1313 1347 1324
f 1313 1371 1347
f 1323 1313 1324
f 1340 1362 1369
f 1369 1313 1340
f 1369 1371 1313
f 1340 1361 1362
f 1313 1322 1340
f 1322 1360 1340
f 1322 1345 1360
f 1469 1474 1470
f 1470 1465 1469
f 1473 1478 1474
f 1478 1481 1482
f 1482 1485 1486
f 1486 1490 1489
f 1494 1490 1493
f 1497 1493 1498
f 1498 1502 1497
f 1501 1506 1502
f 1505 1503 1506
f 1504 1499 1503
f 1500 1495 1499
f 1496 1491 1495
f 1491 1488 1487
f 1484 1488 1483
f 1484 1479 1480
f 1476 1479 1475
f 1476 1472 1471
f 1271 1295 1281
f 1271 1294 1295
f 1295 1294 1301
f 1301 1294 1280
f 1301 1280 1286
f 1286 1280 1307
f 1286 1307 1299
f 1299 1307 1293
f 1299 1339 1336
f 1299 1338 1339
f 1299 1293 1338
f 1293 1337 1338
f 1293 1335 1337
f 1336 1334 1299
f 1293 1331 1335
f 1333 1299 1334
f 1311 1333 1358
f 1358 1359 1311
f 1293 1329 1332
f 1332 1330 1293
f 1330 1331 1293
f 1306 1329 1293
f 1368 1367 1321
f 1321 1365 1368
f 1367 1366 1321
f 1366 1350 1321
f 1311 1365 1321
f 1306 1357 1356
f 1306 1348 1357
f 1356 1328 1306
f 1355 1352 1327
f 1327 1354 1355
f 1327 1321 1354
f 1321 1353 1354
f 1321 1351 1353
f 1352 1349 1327
f 1321 1350 1351
f 1348 1327 1349
f 1321 1327 1344
f 1344 1327 1326
f 1344 1326 1364
f 1364 1326 1346
f 1364 1346 1374
f 1374 1346 1370
f 1374 1370 1373
f 1373 1370 1375
f 1472 1467 1471
f 1463 1468 1464
f 1464 1466 1463
f 1353 1376 1354
f 1354 1378 1355
f 1379 1377 1382
f 1383 1380 1385
f 1368 1381 1367
f 1379 1382 1384
f 1383 1385 1388
f 1333 1391 1358
f 1391 1386 1358
f 1389 1387 1392
f 1390 1331 1330
f 1383 1348 1378
f 1348 1349 1378
f 1352 1378 1349
f 1355 1378 1352
f 1376 1377 1379
f 1377 1353 1351
f 1377 1350 1366
f 1378 1380 1383
f 1378 1376 1380
f 1376 1379 1380
f 1329 1388 1332
f 1388 1328 1356
f 1357 1388 1356
f 1382 1381 1386
f 1382 1377 1381
f 1381 1366 1367
f 1385 1384 1389
f 1385 1380 1384
f 1380 1379 1384
f 1381 1359 1358
f 1358 1386 1381
f 1365 1381 1368
f 1384 1387 1389
f 1384 1382 1387
f 1382 1386 1387
f 1388 1330 1332
f 1388 1385 1390
f 1385 1389 1390
f 1339 1391 1336
f 1336 1391 1334
f 1338 1391 1339
f 1392 1387 1391
f 1387 1386 1391
f 1337 1392 1338
f 1390 1337 1335
f 1390 1389 1392
f 1407 1394 1399
f 1393 1398 1399
f 1393 1399 1394
f 1398 1418 1399
f 1404 1418 1398
f 1396 1406 1418
f 1395 1406 1396
f 1429 1405 1403
f 1402 1416 1417
f 1402 1417 1403
f 1416 1414 1417
f 1417 1429 1403
f 1415 1428 1414
f 1428 1417 1414
f 1425 1428 1427
f 1426 1445 1428
f 1436 1445 1426
f 1444 1434 1435
f 1443 1444 1435
f 1450 1441 1442
f 1450 1451 1457
f 1458 1457 1451
f 1456 1462 1457
f 1462 1453 1460
f 1452 1460 1453
f 1459 1461 1460
f 1454 1461 1459
f 1447 1455 1461
f 1446 1455 1447
f 1449 1448 1438
f 1437 1449 1438
f 1440 1439 1430
f 1431 1440 1430
f 1433 1432 1440
f 1420 1432 1433
f 1420 1421 1432
f 1421 1422 1432
f 1423 1422 1421
f 1411 1409 1410
f 1400 1411 1412
f 1411 1410 1412
f 1401 1424 1411
f 1419 1408 1397
f 1397 1407 1419
f 1424 1413 1419
f 1507 1514 1522
f 1258 1260 1263
f 1273 1265 1261
f 1260 1262 1267
f 1284 1272 1265
f 1262 1266 1276
f 1297 1283 1272
f 1275 1291 1290
f 1283 1310 1309
f 1303 1275 1289
f 1308 1296 1318
f 1302 1315 1314
f 1317 1308 1341
f 1323 1302 1313
f 1340 1317 1361
f 1469 1473 1474
f 1470 1466 1465
f 1473 1477 1478
f 1478 1477 1481
f 1482 1481 1485
f 1486 1485 1490
f 1494 1489 1490
f 1497 1494 1493
f 1498 1501 1502
f 1501 1505 1506
f 1505 1504 1503
f 1504 1500 1499
f 1500 1496 1495
f 1496 1492 1491
f 1491 1492 1488
f 1484 1487 1488
f 1484 1483 1479
f 1476 1480 1479
f 1476 1475 1472
f 1333 1311 1299
f 1306 1328 1329
f 1311 1359 1365
f 1348 1306 1327
f 1472 1468 1467
f 1463 1467 1468
f 1464 1465 1466
f 1354 1376 1378
f 1333 1334 1391
f 1390 1335 1331
f 1383 1357 1348
f 1377 1376 1353
f 1377 1351 1350
f 1388 1329 1328
f 1357 1383 1388
f 1381 1377 1366
f 1381 1365 1359
f 1388 1390 1330
f 1338 1392 1391
f 1390 1392 1337
f 1407 1397 1394
f 1404 1396 1418
f 1395 1405 1406
f 1429 1406 1405
f 1415 1427 1428
f 1425 1426 1428
f 1436 1434 1445
f 1444 1445 1434
f 1443 1441 1444
f 1450 1444 1441
f 1450 1442 1451
f 1458 1456 1457
f 1462 1456 1453
f 1452 1459 1460
f 1454 1447 1461
f 1446 1448 1455
f 1449 1455 1448
f 1437 1439 1449
f 1440 1449 1439
f 1431 1433 1440
f 1423 1409 1422
f 1411 1422 1409
f 1400 1401 1411
f 1419 1413 1408
f 1424 1401 1413
f 1515 1513 1511
f 1511 1509 1515
f 1509 1507 1515
f 1507 1508 1514
f 1508 1510 1514
f 1510 1512 1514
f 1514 1516 1522
f 1516 1518 1522
f 1518 1520 1522
f 1522 1524 1526
f 1526 1528 1527
f 1527 1525 1523
f 1523 1521 1519
f 1519 1517 1515
f 1522 1526 1527
f 1527 1523 1522
f 1523 1519 1522
f 1519 1515 1522
f 1515 1507 1522
v -2.8986785 2.8251023 -4.4381509
v -2.8986785 2.8396263 -4.5391679
v -2.8986785 2.7827070 -4.3453178
v -2.8986785 2.8251023 -4.6401849
v -2.8986785 2.7158747 -4.2681894
v -2.8986785 2.7827067 -4.7330179
v -2.8986785 2.6300201 -4.2130141
v -2.8986785 2.7380850 -4.4226665
v -2.8986785 2.7546093 -4.4588499
v -2.8986785 2.7158742 -4.8101463
v -2.8986790 2.5320985 -4.1842618
v -2.8986785 2.6437142 -4.3082585
v -2.8986785 2.6677628 -4.3237138
v -2.8986785 2.7661572 -4.5391679
v -2.8986785 2.7209010 -4.3850384
v -3.0201848 2.7546091 -4.4588499
v -2.8986790 2.6300197 -4.8653216
v -2.8986785 2.7158742 -4.6990986
v -2.8986785 2.7209005 -4.6932979
v -2.8986790 2.4300430 -4.1842618
v -2.8986790 2.5434759 -4.2633939
v -2.8986785 2.5994999 -4.2798438
v -2.8986785 2.7158747 -4.3792377
v -2.8986785 2.6300201 -4.2994580
v -3.0201848 2.6677625 -4.3237138
v -3.0201848 2.7661572 -4.5391679
v -2.8986785 2.7604964 -4.5785413
v -2.8986795 2.5320981 -4.8940740
v -2.8986785 2.6300197 -4.7788782
v -2.8986785 2.6677623 -4.7546225
v -3.0201848 2.6677625 -4.7546225
v -2.8986785 2.7021801 -4.7149019
v -2.8986785 2.7546091 -4.6194863
v -2.8986790 2.3321214 -4.2130141
v -2.8986790 2.5216427 -4.2569828
v -2.8986790 2.4404986 -4.2569828
v -2.8986790 2.5320985 -4.2600532
v -3.0201848 2.5216429 -4.2569828
v -3.0201848 2.7209010 -4.3850384
v -3.0201848 2.7546091 -4.6194863
v -2.8986795 2.4300425 -4.8940740
v -2.8986790 2.5320981 -4.8182831
v -2.8986785 2.5994999 -4.7984920
v -3.0201848 2.5994999 -4.7984920
v -2.8986785 2.6186426 -4.7861900
v -3.0201848 2.7209005 -4.6932979
v -2.8986790 2.2462666 -4.2681894
v -2.8986790 2.4300430 -4.2600532
v -2.8986790 2.3626413 -4.2798438
v -2.8986790 2.4404986 -4.2569828
v -3.0201848 2.4404986 -4.2569828
v -3.0201848 2.5994999 -4.2798438
v -2.8986795 2.3321209 -4.8653216
v -2.8986790 2.4404984 -4.8213530
v -2.8986790 2.5216424 -4.8213530
v -3.0201848 2.5216424 -4.8213530
v -2.8986790 2.5216424 -4.8213530
v -2.8986790 2.1794345 -4.3453178
v -2.8986790 2.3321214 -4.2994576
v -2.8986790 2.2943785 -4.3237138
v -2.8986790 2.3434987 -4.2921457
v -2.8986790 2.2462664 -4.8101459
v -2.8986790 2.4186654 -4.8149424
v -2.8986790 2.3626411 -4.7984920
v -2.8986790 2.4300425 -4.8182826
v -3.0201848 2.4404984 -4.8213530
v -2.8986790 2.1370392 -4.4381509
v -2.8986790 2.2462666 -4.3792381
v -2.8986790 2.2412405 -4.3850384
v -2.8986790 2.2599607 -4.3634338
v -3.0201848 2.2943785 -4.3237138
v -3.0201848 2.3626413 -4.2798438
v -3.0201848 2.4716754 -4.4738235
v -3.0201848 2.4769695 -4.4728127
v -3.0201848 2.5123668 -4.4839993
v -3.0201848 2.5216427 -4.4924765
v -3.0201848 2.4849713 -4.4738259
v -3.0201848 2.5216427 -4.5922070
v -3.0201848 2.5333848 -4.5811105
v -3.0201848 2.5281012 -4.4983788
v -3.0201848 2.5391984 -4.5735006
v -3.0201848 2.5391982 -4.5163341
v -3.0201848 2.5450230 -4.5368381
v -3.0201848 2.5418706 -4.5658908
v -2.8986790 2.1794345 -4.7330179
v -2.8986790 2.3184268 -4.7700772
v -2.8986790 2.2943785 -4.7546220
v -2.8986790 2.3321209 -4.7788777
v -3.0201848 2.3626411 -4.7984920
v -2.8986790 2.1225150 -4.5391679
v -3.0201848 2.2412403 -4.3850384
v -2.8986790 2.2075322 -4.4588499
v -3.0201848 2.4404986 -4.4848156
v -3.0201848 2.4205542 -4.5036626
v -3.0201848 2.4404984 -4.5997930
v -3.0201848 2.4258378 -4.5863943
v -3.0201848 2.4147406 -4.5112724
v -3.0201848 2.4147408 -4.5684390
v -3.0201848 2.4089160 -4.5479350
v -3.0201848 2.4120684 -4.5188823
v -3.0201848 2.4675629 -4.4746094
v -3.0201848 2.4410601 -4.4842849
v -3.0201848 2.5128789 -4.6004882
v -3.0201848 2.4910336 -4.6084633
v -2.8986790 2.1370389 -4.6401849
v -2.8986790 2.2240560 -4.6556692
v -2.8986790 2.2075319 -4.6194859
v -2.8986790 2.2462664 -4.6990976
v -3.0201848 2.2943785 -4.7546220
v -3.0201848 2.4863760 -4.6101637
v -3.0201848 2.4415722 -4.6007738
v -3.0201848 2.4689677 -4.6109471
v -3.0201848 2.4769695 -4.6119609
v -2.8986790 2.1959839 -4.5391679
v -3.0201848 2.2075319 -4.4588499
v -2.8986790 2.2016449 -4.4997954
v -2.8986790 2.2412403 -4.6932974
v -3.0201848 2.2075319 -4.6194859
v -3.0201848 2.2412403 -4.6932974
v -3.0201848 2.1959839 -4.5391679
v -3.0023921 2.4147406 -4.5542707
v -3.0023921 2.4385097 -4.5927305
v -3.0151403 2.4147406 -4.5112724
v -2.9789855 2.4442534 -4.5626054
v -2.9817653 2.4385097 -4.5231566
v -3.0151403 2.4769695 -4.6119609
v -2.9817653 2.4769695 -4.5853853
v -3.0006745 2.4442534 -4.4894519
v -2.9690170 2.4769695 -4.5423865
v -2.9817653 2.4769695 -4.4993877
v -3.0006745 2.5096855 -4.5953212
v -2.9817653 2.5154293 -4.5616164
v -3.0151403 2.4769695 -4.4728127
v -2.9789855 2.5096855 -4.5221677
v -3.0023921 2.5154293 -4.4920425
v -3.0151403 2.5391984 -4.5735006
v -3.0023921 2.5391984 -4.5305023
v -2.8986785 2.7380850 -4.4226665
v -2.8986785 2.7546093 -4.4588499
v -2.8986785 2.6437142 -4.3082585
v -2.8986785 2.6677628 -4.3237138
v -2.8986785 2.7661572 -4.5391679
v -2.8986785 2.7209010 -4.3850384
v -3.0201848 2.7546091 -4.4588499
v -2.8986785 2.7158742 -4.6990986
v -2.8986785 2.7209005 -4.6932979
v -2.8986790 2.5434759 -4.2633939
v -2.8986785 2.5994999 -4.2798438
v -2.8986785 2.7158747 -4.3792377
v -2.8986785 2.6300201 -4.2994580
v -3.0201848 2.6677625 -4.3237138
v -3.0201848 2.7661572 -4.5391679
v -2.8986785 2.7604964 -4.5785413
v -2.8986785 2.6300197 -4.7788782
v -2.8986785 2.6677623 -4.7546225
v -3.0201848 2.6677625 -4.7546225
v -2.8986785 2.7021801 -4.7149019
v -2.8986785 2.7546091 -4.6194863
v -2.8986790 2.5216427 -4.2569828
v -2.8986790 2.4404986 -4.2569828
v -2.8986790 2.5320985 -4.2600532
v -3.0201848 2.5216429 -4.2569828
v -3.0201848 2.7209010 -4.3850384
v -3.0201848 2.7546091 -4.6194863
v -2.8986790 2.5320981 -4.8182831
v -2.8986785 2.5994999 -4.7984920
v -3.0201848 2.5994999 -4.7984920
v -2.8986785 2.6186426 -4.7861900
v -3.0201848 2.7209005 -4.6932979
v -2.8986790 2.4300430 -4.2600532
v -2.8986790 2.3626413 -4.2798438
v -2.8986790 2.4404986 -4.2569828
v -3.0201848 2.4404986 -4.2569828
v -3.0201848 2.5994999 -4.2798438
v -2.8986790 2.4404984 -4.8213530
v -2.8986790 2.5216424 -4.8213530
v -3.0201848 2.5216424 -4.8213530
v -2.8986790 2.5216424 -4.8213530
v -2.8986790 2.3321214 -4.2994576
v -2.8986790 2.2943785 -4.3237138
v -2.8986790 2.3434987 -4.2921457
v -2.8986790 2.4186654 -4.8149424
v -2.8986790 2.3626411 -4.7984920
v -2.8986790 2.4300425 -4.8182826
v -3.0201848 2.4404984 -4.8213530
v -2.8986790 2.2462666 -4.3792381
v -2.8986790 2.2412405 -4.3850384
v -2.8986790 2.2599607 -4.3634338
v -3.0201848 2.2943785 -4.3237138
v -3.0201848 2.3626413 -4.2798438
v -2.8986790 2.3184268 -4.7700772
v -2.8986790 2.2943785 -4.7546220
v -2.8986790 2.3321209 -4.7788777
v -3.0201848 2.3626411 -4.7984920
v -3.0201848 2.2412403 -4.3850384
v -2.8986790 2.2075322 -4.4588499
v -2.8986790 2.2240560 -4.6556692
v -2.8986790 2.2075319 -4.6194859
v -2.8986790 2.2462664 -4.6990976
v -3.0201848 2.2943785 -4.7546220
v -2.8986790 2.1959839 -4.5391679
v -3.0201848 2.2075319 -4.4588499
v -2.8986790 2.2016449 -4.4997954
v -2.8986790 2.2412403 -4.6932974
v -3.0201848 2.2075319 -4.6194859
v -3.0201848 2.2412403 -4.6932974
v -3.0201848 2.1959839 -4.5391679
v -3.1594760 2.8251023 -4.4381509
v -2.8986785 2.8251023 -4.4381509
v -2.8986785 2.8396263 -4.5391679
v -3.1594760 2.8396263 -4.5391679
v -3.1594760 2.7827067 -4.3453178
v -2.8986785 2.7827070 -4.3453178
v -2.8986785 2.8251023 -4.6401849
v -3.1594760 2.8251023 -4.6401849
v -3.1594760 2.7158744 -4.2681894
v -2.8986785 2.7158747 -4.2681894
v -2.8986785 2.7827067 -4.7330179
v -3.1594760 2.7827067 -4.7330179
v -2.8986785 2.6300201 -4.2130141
v -3.1594760 2.6300201 -4.2130141
v -2.8986785 2.7158742 -4.8101463
v -3.1594760 2.7158742 -4.8101463
v -2.8986790 2.5320985 -4.1842618
v -3.1594760 2.5320983 -4.1842618
v -2.8986790 2.6300197 -4.8653216
v -3.1594760 2.6300197 -4.8653216
v -2.8986790 2.4300430 -4.1842618
v -3.1594760 2.4300430 -4.1842618
v -2.8986795 2.5320981 -4.8940740
v -3.1594760 2.5320983 -4.8940740
v -3.1594760 2.3321211 -4.2130141
v -2.8986790 2.3321214 -4.2130141
v -3.1594760 2.4300425 -4.8940740
v -2.8986795 2.4300425 -4.8940740
v -3.1594760 2.2462664 -4.2681894
v -2.8986790 2.2462666 -4.2681894
v -2.8986795 2.3321209 -4.8653216
v -3.1594760 2.3321211 -4.8653216
v -3.1594760 2.1794345 -4.3453178
v -2.8986790 2.1794345 -4.3453178
v -3.1594760 2.2462664 -4.8101459
v -2.8986790 2.2462664 -4.8101459
v -3.1594760 2.1370389 -4.4381509
v -2.8986790 2.1370392 -4.4381509
v -2.8986790 2.1794345 -4.7330179
v -3.1594760 2.1794345 -4.7330179
v -3.1594760 2.1225150 -4.5391679
v -2.8986790 2.1225150 -4.5391679
v -2.8986790 2.1370389 -4.6401849
v -3.1594760 2.1370389 -4.6401849
v -3.1594760 2.8251023 -4.4381509
v -3.1594760 2.8396263 -4.5391679
v -3.1594760 2.7827067 -4.3453178
v -3.1594760 2.8251023 -4.6401849
v -3.1594760 2.7158744 -4.2681894
v -3.1594760 2.7827067 -4.7330179
v -3.1594760 2.6300201 -4.2130141
v -3.1594760 2.7158742 -4.8101463
v -3.1594760 2.5320983 -4.1842618
v -3.1594760 2.6300197 -4.8653216
v -3.1594760 2.4300430 -4.1842618
v -3.1594760 2.5320983 -4.8940740
v -3.1594760 2.3321211 -4.2130141
v -3.1594760 2.4300425 -4.8940740
v -3.1594760 2.2462664 -4.2681894
v -3.1594760 2.3321211 -4.8653216
v -3.1594760 2.1794345 -4.3453178
v -3.1594760 2.2462664 -4.8101459
v -3.1594760 2.1370389 -4.4381509
v -3.1594760 2.1794345 -4.7330179
v -3.1594760 2.1225150 -4.5391679
v -3.1594760 2.1370389 -4.6401849
f 1530 1529 1532
f 1529 1531 1532
f 1531 1534 1532
f 1531 1537 1542
f 1542 1534 1531
f 1542 1555 1534
f 1531 1536 1537
f 1533 1543 1536
f 1533 1551 1543
f 1534 1561 1547
f 1534 1555 1561
f 1546 1534 1547
f 1560 1538 1546
f 1533 1540 1541
f 1541 1551 1533
f 1535 1552 1540
f 1557 1538 1558
f 1538 1560 1558
f 1573 1545 1557
f 1535 1550 1552
f 1535 1549 1550
f 1539 1565 1549
f 1545 1573 1571
f 1570 1545 1571
f 1583 1556 1585
f 1556 1570 1585
f 1539 1563 1565
f 1548 1563 1539
f 1548 1578 1564
f 1548 1576 1578
f 1593 1569 1582
f 1556 1582 1569
f 1591 1569 1593
f 1562 1589 1577
f 1576 1562 1577
f 1562 1587 1589
f 1616 1581 1592
f 1581 1591 1592
f 1614 1581 1616
f 1575 1587 1562
f 1575 1598 1588
f 1575 1596 1598
f 1590 1614 1615
f 1615 1636 1590
f 1634 1590 1645
f 1590 1636 1645
f 1586 1620 1597
f 1586 1644 1620
f 1596 1586 1597
f 1613 1635 1642
f 1642 1586 1613
f 1642 1644 1586
f 1613 1634 1635
f 1586 1595 1613
f 1595 1633 1613
f 1595 1618 1633
f 1742 1747 1743
f 1743 1738 1742
f 1746 1751 1747
f 1751 1754 1755
f 1755 1758 1759
f 1759 1763 1762
f 1767 1763 1766
f 1770 1766 1771
f 1771 1775 1770
f 1774 1779 1775
f 1778 1776 1779
f 1777 1772 1776
f 1773 1768 1772
f 1769 1764 1768
f 1764 1761 1760
f 1757 1761 1756
f 1757 1752 1753
f 1749 1752 1748
f 1749 1745 1744
f 1544 1568 1554
f 1544 1567 1568
f 1568 1567 1574
f 1574 1567 1553
f 1574 1553 1559
f 1559 1553 1580
f 1559 1580 1572
f 1572 1580 1566
f 1572 1612 1609
f 1572 1611 1612
f 1572 1566 1611
f 1566 1610 1611
f 1566 1608 1610
f 1609 1607 1572
f 1566 1604 1608
f 1606 1572 1607
f 1584 1606 1631
f 1631 1632 1584
f 1566 1602 1605
f 1605 1603 1566
f 1603 1604 1566
f 1579 1602 1566
f 1641 1640 1594
f 1594 1638 1641
f 1640 1639 1594
f 1639 1623 1594
f 1584 1638 1594
f 1579 1630 1629
f 1579 1621 1630
f 1629 1601 1579
f 1628 1625 1600
f 1600 1627 1628
f 1600 1594 1627
f 1594 1626 1627
f 1594 1624 1626
f 1625 1622 1600
f 1594 1623 1624
f 1621 1600 1622
f 1594 1600 1617
f 1617 1600 1599
f 1617 1599 1637
f 1637 1599 1619
f 1637 1619 1647
f 1647 1619 1643
f 1647 1643 1646
f 1646 1643 1648
f 1745 1740 1744
f 1736 1741 1737
f 1737 1739 1736
f 1626 1649 1627
f 1627 1651 1628
f 1652 1650 1655
f 1656 1653 1658
f 1641 1654 1640
f 1652 1655 1657
f 1656 1658 1661
f 1606 1664 1631
f 1664 1659 1631
f 1662 1660 1665
f 1663 1604 1603
f 1656 1621 1651
f 1621 1622 1651
f 1625 1651 1622
f 1628 1651 1625
f 1649 1650 1652
f 1650 1626 1624
f 1650 1623 1639
f 1651 1653 1656
f 1651 1649 1653
f 1649 1652 1653
f 1602 1661 1605
f 1661 1601 1629
f 1630 1661 1629
f 1655 1654 1659
f 1655 1650 1654
f 1654 1639 1640
f 1658 1657 1662
f 1658 1653 1657
f 1653 1652 1657
f 1654 1632 1631
f 1631 1659 1654
f 1638 1654 1641
f 1657 1660 1662
f 1657 1655 1660
f 1655 1659 1660
f 1661 1603 1605
f 1661 1658 1663
f 1658 1662 1663
f 1612 1664 1609
f 1609 1664 1607
f 1611 1664 1612
f 1665 1660 1664
f 1660 1659 1664
f 1610 1665 1611
f 1663 1610 1608
f 1663 1662 1665
f 1680 1667 1672
f 1666 1671 1672
f 1666 1672 1667
f 1671 1691 1672
f 1677 1691 1671
f 1669 1679 1691
f 1668 1679 1669
f 1702 1678 1676
f 1675 1689 1690
f 1675 1690 1676
f 1689 1687 1690
f 1690 1702 1676
f 1688 1701 1687
f 1701 1690 1687
f 1698 1701 1700
f 1699 1718 1701
f 1709 1718 1699
f 1717 1707 1708
f 1716 1717 1708
f 1723 1714 1715
f 1723 1724 1730
f 1731 1730 1724
f 1729 1735 1730
f 1735 1726 1733
f 1725 1733 1726
f 1732 1734 1733
f 1727 1734 1732
f 1720 1728 1734
f 1719 1728 1720
f 1722 1721 1711
f 1710 1722 1711
f 1713 1712 1703
f 1704 1713 1703
f 1706 1705 1713
f 1693 1705 1706
f 1693 1694 1705
f 1694 1695 1705
f 1696 1695 1694
f 1684 1682 1683
f 1673 1684 1685
f 1684 1683 1685
f 1674 1697 1684
f 1692 1681 1670
f 1670 1680 1692
f 1697 1686 1692
f 1780 1787 1795
f 1531 1533 1536
f 1546 1538 1534
f 1533 1535 1540
f 1557 1545 1538
f 1535 1539 1549
f 1570 1556 1545
f 1548 1564 1563
f 1556 1583 1582
f 1576 1548 1562
f 1581 1569 1591
f 1575 1588 1587
f 1590 1581 1614
f 1596 1575 1586
f 1613 1590 1634
f 1742 1746 1747
f 1743 1739 1738
f 1746 1750 1751
f 1751 1750 1754
f 1755 1754 1758
f 1759 1758 1763
f 1767 1762 1763
f 1770 1767 1766
f 1771 1774 1775
f 1774 1778 1779
f 1778 1777 1776
f 1777 1773 1772
f 1773 1769 1768
f 1769 1765 1764
f 1764 1765 1761
f 1757 1760 1761
f 1757 1756 1752
f 1749 1753 1752
f 1749 1748 1745
f 1606 1584 1572
f 1579 1601 1602
f 1584 1632 1638
f 1621 1579 1600
f 1745 1741 1740
f 1736 1740 1741
f 1737 1738 1739
f 1627 1649 1651
f 1606 1607 1664
f 1663 1608 1604
f 1656 1630 1621
f 1650 1649 1626
f 1650 1624 1623
f 1661 1602 1601
f 1630 1656 1661
f 1654 1650 1639
f 1654 1638 1632
f 1661 1663 1603
f 1611 1665 1664
f 1663 1665 1610
f 1680 1670 1667
f 1677 1669 1691
f 1668 1678 1679
f 1702 1679 1678
f 1688 1700 1701
f 1698 1699 1701
f 1709 1707 1718
f 1717 1718 1707
f 1716 1714 1717
f 1723 1717 1714
f 1723 1715 1724
f 1731 1729 1730
f 1735 1729 1726
f 1725 1732 1733
f 1727 1720 1734
f 1719 1721 1728
f 1722 1728 1721
f 1710 1712 1722
f 1713 1722 1712
f 1704 1706 1713
f 1696 1682 1695
f 1684 1695 1682
f 1673 1674 1684
f 1692 1686 1681
f 1697 1674 1686
f 1788 1786 1784
f 1784 1782 1788
f 1782 1780 1788
f 1780 1781 1787
f 1781 1783 1787
f 1783 1785 1787
f 1787 1789 1795
f 1789 1791 1795
f 1791 1793 1795
f 1795 1797 1799
f 1799 1801 1800
f 1800 1798 1796
f 1796 1794 1792
f 1792 1790 1788
f 1795 1799 1800
f 1800 1796 1795
f 1796 1792 1795
f 1792 1788 1795
f 1788 1780 1795
v -2.8986785 2.7405455 -3.6403337
v -2.8986785 2.7550695 -3.7413509
v -2.8986785 2.6981502 -3.5475006
v -2.8986785 2.7405455 -3.8423676
v -2.8986785 2.6313179 -3.4703722
v -2.8986785 2.6981499 -3.9352007
v -2.8986785 2.5454633 -3.4151969
v -2.8986785 2.6535282 -3.6248493
v -2.8986785 2.6700525 -3.6610327
v -2.8986785 2.6313174 -4.0123291
v -2.8986790 2.4475417 -3.3864446
v -2.8986785 2.5591574 -3.5104413
v -2.8986785 2.5832059 -3.5258965
v -2.8986785 2.6816003 -3.7413509
v -2.8986785 2.6363442 -3.5872214
v -3.0201848 2.6700523 -3.6610327
v -2.8986790 2.5454628 -4.0675044
v -2.8986785 2.6313174 -3.9012814
v -2.8986785 2.6363437 -3.8954806
v -2.8986790 2.3454862 -3.3864446
v -2.8986790 2.4589190 -3.4655766
v -2.8986785 2.5149431 -3.4820266
v -2.8986785 2.6313179 -3.5814207
v -2.8986785 2.5454633 -3.5016410
v -3.0201848 2.5832057 -3.5258965
v -3.0201848 2.6816003 -3.7413509
v -2.8986785 2.6759396 -3.7807240
v -2.8986795 2.4475412 -4.0962567
v -2.8986785 2.5454628 -3.9810610
v -2.8986785 2.5832055 -3.9568055
v -3.0201848 2.5832057 -3.9568055
v -2.8986785 2.6176233 -3.9170847
v -2.8986785 2.6700523 -3.8216693
v -2.8986790 2.2475646 -3.4151969
v -2.8986790 2.4370859 -3.4591656
v -2.8986790 2.3559418 -3.4591656
v -2.8986790 2.4475417 -3.4622359
v -3.0201848 2.4370861 -3.4591656
v -3.0201848 2.6363442 -3.5872214
v -3.0201848 2.6700523 -3.8216693
v -2.8986795 2.3454857 -4.0962567
v -2.8986790 2.4475412 -4.0204659
v -2.8986785 2.5149431 -4.0006747
v -3.0201848 2.5149431 -4.0006747
v -2.8986785 2.5340858 -3.9883728
v -3.0201848 2.6363437 -3.8954806
v -2.8986790 2.1617098 -3.4703722
v -2.8986790 2.3454862 -3.4622359
v -2.8986790 2.2780845 -3.4820266
v -2.8986790 2.3559418 -3.4591656
v -3.0201848 2.3559418 -3.4591656
v -3.0201848 2.5149431 -3.4820266
v -2.8986795 2.2475641 -4.0675044
v -2.8986790 2.3559415 -4.0235357
v -2.8986790 2.4370856 -4.0235357
v -3.0201848 2.4370856 -4.0235357
v -2.8986790 2.4370856 -4.0235357
v -2.8986790 2.0948777 -3.5475006
v -2.8986790 2.2475646 -3.5016403
v -2.8986790 2.2098217 -3.5258965
v -2.8986790 2.2589419 -3.4943285
v -2.8986790 2.1617095 -4.0123286
v -2.8986790 2.3341086 -4.0171251
v -2.8986790 2.2780843 -4.0006747
v -2.8986790 2.3454857 -4.0204654
v -3.0201848 2.3559415 -4.0235357
v -2.8986790 2.0524824 -3.6403337
v -2.8986790 2.1617098 -3.5814209
v -2.8986790 2.1566837 -3.5872214
v -2.8986790 2.1754038 -3.5656166
v -3.0201848 2.2098217 -3.5258965
v -3.0201848 2.2780845 -3.4820266
v -3.0201848 2.3871186 -3.6760063
v -3.0201848 2.3924127 -3.6749957
v -3.0201848 2.4278100 -3.6861820
v -3.0201848 2.4370859 -3.6946592
v -3.0201848 2.4004145 -3.6760087
v -3.0201848 2.4370859 -3.7943900
v -3.0201848 2.4488280 -3.7832935
v -3.0201848 2.4435444 -3.7005615
v -3.0201848 2.4546416 -3.7756834
v -3.0201848 2.4546413 -3.7185171
v -3.0201848 2.4604661 -3.7390208
v -3.0201848 2.4573138 -3.7680736
v -2.8986790 2.0948777 -3.9352007
v -2.8986790 2.2338700 -3.9722600
v -2.8986790 2.2098217 -3.9568048
v -2.8986790 2.2475641 -3.9810605
v -3.0201848 2.2780843 -4.0006747
v -2.8986790 2.0379581 -3.7413509
v -3.0201848 2.1566834 -3.5872214
v -2.8986790 2.1229753 -3.6610327
v -3.0201848 2.3559418 -3.6869986
v -3.0201848 2.3359973 -3.7058456
v -3.0201848 2.3559415 -3.8019757
v -3.0201848 2.3412809 -3.7885771
v -3.0201848 2.3301837 -3.7134552
v -3.0201848 2.3301840 -3.7706220
v -3.0201848 2.3243592 -3.7501180
v -3.0201848 2.3275115 -3.7210653
v -3.0201848 2.3830061 -3.6767921
v -3.0201848 2.3565032 -3.6864679
v -3.0201848 2.4283221 -3.8026712
v -3.0201848 2.4064767 -3.8106461
v -2.8986790 2.0524821 -3.8423676
v -2.8986790 2.1394992 -3.8578520
v -2.8986790 2.1229751 -3.8216686
v -2.8986790 2.1617095 -3.9012804
v -3.0201848 2.2098217 -3.9568048
v -3.0201848 2.4018192 -3.8123465
v -3.0201848 2.3570154 -3.8029566
v -3.0201848 2.3844109 -3.8131299
v -3.0201848 2.3924127 -3.8141434
v -2.8986790 2.1114271 -3.7413509
v -3.0201848 2.1229751 -3.6610327
v -2.8986790 2.1170881 -3.7019782
v -2.8986790 2.1566834 -3.8954802
v -3.0201848 2.1229751 -3.8216686
v -3.0201848 2.1566834 -3.8954802
v -3.0201848 2.1114271 -3.7413509
v -3.0023921 2.3301837 -3.7564535
v -3.0023921 2.3539529 -3.7949135
v -3.0151403 2.3301837 -3.7134552
v -2.9789855 2.3596966 -3.7647882
v -2.9817653 2.3539529 -3.7253397
v -3.0151403 2.3924127 -3.8141434
v -2.9817653 2.3924127 -3.7875681
v -3.0006745 2.3596966 -3.6916347
v -2.9690170 2.3924127 -3.7445695
v -2.9817653 2.3924127 -3.7015705
v -3.0006745 2.4251287 -3.7975039
v -2.9817653 2.4308724 -3.7637992
v -3.0151403 2.3924127 -3.6749957
v -2.9789855 2.4251287 -3.7243507
v -3.0023921 2.4308724 -3.6942253
v -3.0151403 2.4546416 -3.7756834
v -3.0023921 2.4546416 -3.7326851
v -2.8986785 2.6535282 -3.6248493
v -2.8986785 2.6700525 -3.6610327
v -2.8986785 2.5591574 -3.5104413
v -2.8986785 2.5832059 -3.5258965
v -2.8986785 2.6816003 -3.7413509
v -2.8986785 2.6363442 -3.5872214
v -3.0201848 2.6700523 -3.6610327
v -2.8986785 2.6313174 -3.9012814
v -2.8986785 2.6363437 -3.8954806
v -2.8986790 2.4589190 -3.4655766
v -2.8986785 2.5149431 -3.4820266
v -2.8986785 2.6313179 -3.5814207
v -2.8986785 2.5454633 -3.5016410
v -3.0201848 2.5832057 -3.5258965
v -3.0201848 2.6816003 -3.7413509
v -2.8986785 2.6759396 -3.7807240
v -2.8986785 2.5454628 -3.9810610
v -2.8986785 2.5832055 -3.9568055
v -3.0201848 2.5832057 -3.9568055
v -2.8986785 2.6176233 -3.9170847
v -2.8986785 2.6700523 -3.8216693
v -2.8986790 2.4370859 -3.4591656
v -2.8986790 2.3559418 -3.4591656
v -2.8986790 2.4475417 -3.4622359
v -3.0201848 2.4370861 -3.4591656
v -3.0201848 2.6363442 -3.5872214
v -3.0201848 2.6700523 -3.8216693
v -2.8986790 2.4475412 -4.0204659
v -2.8986785 2.5149431 -4.0006747
v -3.0201848 2.5149431 -4.0006747
v -2.8986785 2.5340858 -3.9883728
v -3.0201848 2.6363437 -3.8954806
v -2.8986790 2.3454862 -3.4622359
v -2.8986790 2.2780845 -3.4820266
v -2.8986790 2.3559418 -3.4591656
v -3.0201848 2.3559418 -3.4591656
v -3.0201848 2.5149431 -3.4820266
v -2.8986790 2.3559415 -4.0235357
v -2.8986790 2.4370856 -4.0235357
v -3.0201848 2.4370856 -4.0235357
v -2.8986790 2.4370856 -4.0235357
v -2.8986790 2.2475646 -3.5016403
v -2.8986790 2.2098217 -3.5258965
v -2.8986790 2.2589419 -3.4943285
v -2.8986790 2.3341086 -4.0171251
v -2.8986790 2.2780843 -4.0006747
v -2.8986790 2.3454857 -4.0204654
v -3.0201848 2.3559415 -4.0235357
v -2.8986790 2.1617098 -3.5814209
v -2.8986790 2.1566837 -3.5872214
v -2.8986790 2.1754038 -3.5656166
v -3.0201848 2.2098217 -3.5258965
v -3.0201848 2.2780845 -3.4820266
v -2.8986790 2.2338700 -3.9722600
v -2.8986790 2.2098217 -3.9568048
v -2.8986790 2.2475641 -3.9810605
v -3.0201848 2.2780843 -4.0006747
v -3.0201848 2.1566834 -3.5872214
v -2.8986790 2.1229753 -3.6610327
v -2.8986790 2.1394992 -3.8578520
v -2.8986790 2.1229751 -3.8216686
v -2.8986790 2.1617095 -3.9012804
v -3.0201848 2.2098217 -3.9568048
v -2.8986790 2.1114271 -3.7413509
v -3.0201848 2.1229751 -3.6610327
v -2.8986790 2.1170881 -3.7019782
v -2.8986790 2.1566834 -3.8954802
v -3.0201848 2.1229751 -3.8216686
v -3.0201848 2.1566834 -3.8954802
v -3.0201848 2.1114271 -3.7413509
v -3.1594760 2.7405455 -3.6403337
v -2.8986785 2.7405455 -3.6403337
v -2.8986785 2.7550695 -3.7413509
v -3.1594760 2.7550695 -3.7413509
v -3.1594760 2.6981499 -3.5475006
v -2.8986785 2.6981502 -3.5475006
v -2.8986785 2.7405455 -3.8423676
v -3.1594760 2.7405455 -3.8423676
v -3.1594760 2.6313176 -3.4703722
v -2.8986785 2.6313179 -3.4703722
v -2.8986785 2.6981499 -3.9352007
v -3.1594760 2.6981499 -3.9352007
v -2.8986785 2.5454633 -3.4151969
v -3.1594760 2.5454633 -3.4151969
v -2.8986785 2.6313174 -4.0123291
v -3.1594760 2.6313174 -4.0123291
v -2.8986790 2.4475417 -3.3864446
v -3.1594760 2.4475415 -3.3864448
v -2.8986790 2.5454628 -4.0675044
v -3.1594760 2.5454628 -4.0675044
v -2.8986790 2.3454862 -3.3864446
v -3.1594760 2.3454862 -3.3864448
v -2.8986795 2.4475412 -4.0962567
v -3.1594760 2.4475415 -4.0962567
v -3.1594760 2.2475643 -3.4151969
v -2.8986790 2.2475646 -3.4151969
v -3.1594760 2.3454857 -4.0962567
v -2.8986795 2.3454857 -4.0962567
v -3.1594760 2.1617095 -3.4703722
v -2.8986790 2.1617098 -3.4703722
v -2.8986795 2.2475641 -4.0675044
v -3.1594760 2.2475643 -4.0675044
v -3.1594760 2.0948777 -3.5475006
v -2.8986790 2.0948777 -3.5475006
v -3.1594760 2.1617095 -4.0123286
v -2.8986790 2.1617095 -4.0123286
v -3.1594760 2.0524821 -3.6403337
v -2.8986790 2.0524824 -3.6403337
v -2.8986790 2.0948777 -3.9352007
v -3.1594760 2.0948777 -3.9352007
v -3.1594760 2.0379581 -3.7413509
v -2.8986790 2.0379581 -3.7413509
v -2.8986790 2.0524821 -3.8423676
v -3.1594760 2.0524821 -3.8423676
v -3.1594760 2.7405455 -3.6403337
v -3.1594760 2.7550695 -3.7413509
v -3.1594760 2.6981499 -3.5475006
v -3.1594760 2.7405455 -3.8423676
v -3.1594760 2.6313176 -3.4703722
v -3.1594760 2.6981499 -3.9352007
v -3.1594760 2.5454633 -3.4151969
v -3.1594760 2.6313174 -4.0123291
v -3.1594760 2.4475415 -3.3864448
v -3.1594760 2.5454628 -4.0675044
v -3.1594760 2.3454862 -3.3864448
v -3.1594760 2.4475415 -4.0962567
v -3.1594760 2.2475643 -3.4151969
v -3.1594760 2.3454857 -4.0962567
v -3.1594760 2.1617095 -3.4703722
v -3.1594760 2.2475643 -4.0675044
v -3.1594760 2.0948777 -3.5475006
v -3.1594760 2.1617095 -4.0123286
v -3.1594760 2.0524821 -3.6403337
v -3.1594760 2.0948777 -3.9352007
v -3.1594760 2.0379581 -3.7413509
v -3.1594760 2.0524821 -3.8423676
f 1803 1802 1805
f 1802 1804 1805
f 1804 1807 1805
f 1804 1810 1815
f 1815 1807 1804
f 1815 1828 1807
f 1804 1809 1810
f 1806 1816 1809
f 1806 1824 1816
f 1807 1834 1820
f 1807 1828 1834
f 1819 1807 1820
f 1833 1811 1819
f 1806 1813 1814
f 1814 1824 1806
f 1808 1825 1813
f 1830 1811 1831
f 1811 1833 1831
f 1846 1818 1830
f 1808 1823 1825
f 1808 1822 1823
f 1812 1838 1822
f 1818 1846 1844
f 1843 1818 1844
f 1856 1829 1858
f 1829 1843 1858
f 1812 1836 1838
f 1821 1836 1812
f 1821 1851 1837
f 1821 1849 1851
f 1866 1842 1855
f 1829 1855 1842
f 1864 1842 1866
f 1835 1862 1850
f 1849 1835 1850
f 1835 1860 1862
f 1889 1854 1865
f 1854 1864 1865
f 1887 1854 1889
f 1848 1860 1835
f 1848 1871 1861
f 1848 1869 1871
f 1863 1887 1888
f 1888 1909 1863
f 1907 1863 1918
f 1863 1909 1918
f 1859 1893 1870
f 1859 1917 1893
f 1869 1859 1870
f 1886 1908 1915
f 1915 1859 1886
f 1915 1917 1859
f 1886 1907 1908
f 1859 1868 1886
f 1868 1906 1886
f 1868 1891 1906
f 2015 2020 2016
f 2016 2011 2015
f 2019 2024 2020
f 2024 2027 2028
f 2028 2031 2032
f 2032 2036 2035
f 2040 2036 2039
f 2043 2039 2044
f 2044 2048 2043
f 2047 2052 2048
f 2051 2049 2052
f 2050 2045 2049
f 2046 2041 2045
f 2042 2037 2041
f 2037 2034 2033
f 2030 2034 2029
f 2030 2025 2026
f 2022 2025 2021
f 2022 2018 2017
f 1817 1841 1827
f 1817 1840 1841
f 1841 1840 1847
f 1847 1840 1826
f 1847 1826 1832
f 1832 1826 1853
f 1832 1853 1845
f 1845 1853 1839
f 1845 1885 1882
f 1845 1884 1885
f 1845 1839 1884
f 1839 1883 1884
f 1839 1881 1883
f 1882 1880 1845
f 1839 1877 1881
f 1879 1845 1880
f 1857 1879 1904
f 1904 1905 1857
f 1839 1875 1878
f 1878 1876 1839
f 1876 1877 1839
f 1852 1875 1839
f 1914 1913 1867
f 1867 1911 1914
f 1913 1912 1867
f 1912 1896 1867
f 1857 1911 1867
f 1852 1903 1902
f 1852 1894 1903
f 1902 1874 1852
f 1901 1898 1873
f 1873 1900 1901
f 1873 1867 1900
f 1867 1899 1900
f 1867 1897 1899
f 1898 1895 1873
f 1867 1896 1897
f 1894 1873 1895
f 1867 1873 1890
f 1890 1873 1872
f 1890 1872 1910
f 1910 1872 1892
f 1910 1892 1920
f 1920 1892 1916
f 1920 1916 1919
f 1919 1916 1921
f 2018 2013 2017
f 2009 2014 2010
f 2010 2012 2009
f 1899 1922 1900
f 1900 1924 1901
f 1925 1923 1928
f 1929 1926 1931
f 1914 1927 1913
f 1925 1928 1930
f 1929 1931 1934
f 1879 1937 1904
f 1937 1932 1904
f 1935 1933 1938
f 1936 1877 1876
f 1929 1894 1924
f 1894 1895 1924
f 1898 1924 1895
f 1901 1924 1898
f 1922 1923 1925
f 1923 1899 1897
f 1923 1896 1912
f 1924 1926 1929
f 1924 1922 1926
f 1922 1925 1926
f 1875 1934 1878
f 1934 1874 1902
f 1903 1934 1902
f 1928 1927 1932
f 1928 1923 1927
f 1927 1912 1913
f 1931 1930 1935
f 1931 1926 1930
f 1926 1925 1930
f 1927 1905 1904
f 1904 1932 1927
f 1911 1927 1914
f 1930 1933 1935
f 1930 1928 1933
f 1928 1932 1933
f 1934 1876 1878
f 1934 1931 1936
f 1931 1935 1936
f 1885 1937 1882
f 1882 1937 1880
f 1884 1937 1885
f 1938 1933 1937
f 1933 1932 1937
f 1883 1938 1884
f 1936 1883 1881
f 1936 1935 1938
f 1953 1940 1945
f 1939 1944 1945
f 1939 1945 1940
f 1944 1964 1945
f 1950 1964 1944
f 1942 1952 1964
f 1941 1952 1942
f 1975 1951 1949
f 1948 1962 1963
f 1948 1963 1949
f 1962 1960 1963
f 1963 1975 1949
f 1961 1974 1960
f 1974 1963 1960
f 1971 1974 1973
f 1972 1991 1974
f 1982 1991 1972
f 1990 1980 1981
f 1989 1990 1981
f 1996 1987 1988
f 1996 1997 2003
f 2004 2003 1997
f 2002 2008 2003
f 2008 1999 2006
f 1998 2006 1999
f 2005 2007 2006
f 2000 2007 2005
f 1993 2001 2007
f 1992 2001 1993
f 1995 1994 1984
f 1983 1995 1984
f 1986 1985 1976
f 1977 1986 1976
f 1979 1978 1986
f 1966 1978 1979
f 1966 1967 1978
f 1967 1968 1978
f 1969 1968 1967
f 1957 1955 1956
f 1946 1957 1958
f 1957 1956 1958
f 1947 1970 1957
f 1965 1954 1943
f 1943 1953 1965
f 1970 1959 1965
f 2053 2060 2068
f 1804 1806 1809
f 1819 1811 1807
f 1806 1808 1813
f 1830 1818 1811
f 1808 1812 1822
f 1843 1829 1818
f 1821 1837 1836
f 1829 1856 1855
f 1849 1821 1835
f 1854 1842 1864
f 1848 1861 1860
f 1863 1854 1887
f 1869 1848 1859
f 1886 1863 1907
f 2015 2019 2020
f 2016 2012 2011
f 2019 2023 2024
f 2024 2023 2027
f 2028 2027 2031
f 2032 2031 2036
f 2040 2035 2036
f 2043 2040 2039
f 2044 2047 2048
f 2047 2051 2052
f 2051 2050 2049
f 2050 2046 2045
f 2046 2042 2041
f 2042 2038 2037
f 2037 2038 2034
f 2030 2033 2034
f 2030 2029 2025
f 2022 2026 2025
f 2022 2021 2018
f 1879 1857 1845
f 1852 1874 1875
f 1857 1905 1911
f 1894 1852 1873
f 2018 2014 2013
f 2009 2013 2014
f 2010 2011 2012
f 1900 1922 1924
f 1879 1880 1937
f 1936 1881 1877
f 1929 1903 1894
f 1923 1922 1899
f 1923 1897 1896
f 1934 1875 1874
f 1903 1929 1934
f 1927 1923 1912
f 1927 1911 1905
f 1934 1936 1876
f 1884 1938 1937
f 1936 1938 1883
f 1953 1943 1940
f 1950 1942 1964
f 1941 1951 1952
f 1975 1952 1951
f 1961 1973 1974
f 1971 1972 1974
f 1982 1980 1991
f 1990 1991 1980
f 1989 1987 1990
f 1996 1990 1987
f 1996 1988 1997
f 2004 2002 2003
f 2008 2002 1999
f 1998 2005 2006
f 2000 1993 2007
f 1992 1994 2001
f 1995 2001 1994
f 1983 1985 1995
f 1986 1995 1985
f 1977 1979 1986
f 1969 1955 1968
f 1957 1968 1955
f 1946 1947 1957
f 1965 1959 1954
f 1970 1947 1959
f 2061 2059 2057
f 2057 2055 2061
f 2055 2053 2061
f 2053 2054 2060
f 2054 2056 2060
f 2056 2058 2060
f 2060 2062 2068
f 2062 2064 2068
f 2064 2066 2068
f 2068 2070 2072
f 2072 2074 2073
f 2073 2071 2069
f 2069 2067 2065
f 2065 2063 2061
f 2068 2072 2073
f 2073 2069 2068
f 2069 2065 2068
f 2065 2061 2068
f 2061 2053 2068
v -5.3399220 2.8251023 -2.2362862
v -5.3399220 2.8396263 -2.1352692
v -5.3399220 2.7827070 -2.3291192
v -5.3399220 2.8251023 -2.0342522
v -5.3399220 2.7158747 -2.4062479
v -5.3399220 2.7827067 -1.9414192
v -5.3399220 2.6300201 -2.4614229
v -5.3399220 2.7380850 -2.2517705
v -5.3399220 2.7546093 -2.2155871
v -5.3399220 2.7158742 -1.8642907
v -5.3399215 2.5320985 -2.4901752
v -5.3399220 2.6437142 -2.3661785
v -5.3399220 2.6677628 -2.3507233
v -5.3399220 2.7661572 -2.1352692
v -5.3399220 2.7209010 -2.2893984
v -5.2184157 2.7546091 -2.2155871
v -5.3399215 2.6300197 -1.8091154
v -5.3399220 2.7158742 -1.9753385
v -5.3399220 2.7209005 -1.9811393
v -5.3399215 2.4300430 -2.4901752
v -5.3399215 2.5434759 -2.4110432
v -5.3399220 2.5994999 -2.3945932
v -5.3399220 2.7158747 -2.2951994
v -5.3399220 2.6300201 -2.3749790
v -5.2184157 2.6677625 -2.3507233
v -5.2184157 2.7661572 -2.1352689
v -5.3399220 2.7604964 -2.0958958
v -5.3399210 2.5320981 -1.7803630
v -5.3399220 2.6300197 -1.8955588
v -5.3399220 2.6677623 -1.9198145
v -5.2184157 2.6677625 -1.9198145
v -5.3399220 2.7021801 -1.9595351
v -5.3399220 2.7546091 -2.0549505
v -5.3399215 2.3321214 -2.4614229
v -5.3399215 2.5216427 -2.4174542
v -5.3399215 2.4404986 -2.4174542
v -5.3399215 2.5320985 -2.4143841
v -5.2184157 2.5216429 -2.4174542
v -5.2184157 2.7209010 -2.2893984
v -5.2184157 2.7546091 -2.0549505
v -5.3399210 2.4300425 -1.7803630
v -5.3399215 2.5320981 -1.8561541
v -5.3399220 2.5994999 -1.8759449
v -5.2184157 2.5994999 -1.8759449
v -5.3399220 2.6186426 -1.8882470
v -5.2184157 2.7209005 -1.9811392
v -5.3399215 2.2462666 -2.4062479
v -5.3399215 2.4300430 -2.4143841
v -5.3399215 2.3626413 -2.3945932
v -5.3399215 2.4404986 -2.4174542
v -5.2184157 2.4404986 -2.4174542
v -5.2184157 2.5994999 -2.3945932
v -5.3399210 2.3321209 -1.8091154
v -5.3399215 2.4404984 -1.8530842
v -5.3399215 2.5216424 -1.8530842
v -5.2184157 2.5216424 -1.8530841
v -5.3399215 2.5216424 -1.8530842
v -5.3399215 2.1794345 -2.3291192
v -5.3399215 2.3321214 -2.3749795
v -5.3399215 2.2943785 -2.3507233
v -5.3399215 2.3434987 -2.3822913
v -5.3399215 2.2462664 -1.8642911
v -5.3399215 2.4186654 -1.8594949
v -5.3399215 2.3626411 -1.8759452
v -5.3399215 2.4300425 -1.8561544
v -5.2184157 2.4404984 -1.8530841
v -5.3399215 2.1370392 -2.2362862
v -5.3399215 2.2462666 -2.2951989
v -5.3399215 2.2412405 -2.2893984
v -5.3399215 2.2599607 -2.3110032
v -5.2184157 2.2943785 -2.3507233
v -5.2184157 2.3626413 -2.3945932
v -5.2184157 2.4716754 -2.2006135
v -5.2184157 2.4769695 -2.2016242
v -5.2184157 2.5123668 -2.1904378
v -5.2184157 2.5216427 -2.1819606
v -5.2184157 2.4849713 -2.2006111
v -5.2184157 2.5216427 -2.0822299
v -5.2184157 2.5333848 -2.0933263
v -5.2184157 2.5281012 -2.1760583
v -5.2184157 2.5391984 -2.1009364
v -5.2184157 2.5391982 -2.1581028
v -5.2184157 2.5450230 -2.1375990
v -5.2184157 2.5418706 -2.1085463
v -5.3399215 2.1794345 -1.9414192
v -5.3399215 2.3184268 -1.9043599
v -5.3399215 2.2943785 -1.9198152
v -5.3399215 2.3321209 -1.8955592
v -5.2184157 2.3626411 -1.8759452
v -5.3399215 2.1225150 -2.1352692
v -5.2184157 2.2412403 -2.2893984
v -5.3399215 2.2075322 -2.2155871
v -5.2184157 2.4404986 -2.1896212
v -5.2184157 2.4205542 -2.1707742
v -5.2184157 2.4404984 -2.0746441
v -5.2184157 2.4258378 -2.0880427
v -5.2184157 2.4147406 -2.1631646
v -5.2184157 2.4147408 -2.1059978
v -5.2184157 2.4089160 -2.1265018
v -5.2184157 2.4120684 -2.1555545
v -5.2184157 2.4675629 -2.1998277
v -5.2184157 2.4410601 -2.1901519
v -5.2184157 2.5128789 -2.0739486
v -5.2184157 2.4910336 -2.0659738
v -5.3399215 2.1370389 -2.0342522
v -5.3399215 2.2240560 -2.0187678
v -5.3399215 2.2075319 -2.0549512
v -5.3399215 2.2462664 -1.9753395
v -5.2184157 2.2943785 -1.9198151
v -5.2184157 2.4863760 -2.0642734
v -5.2184157 2.4415722 -2.0736632
v -5.2184157 2.4689677 -2.0634899
v -5.2184157 2.4769695 -2.0624764
v -5.3399215 2.1959839 -2.1352692
v -5.2184157 2.2075319 -2.2155871
v -5.3399215 2.2016449 -2.1746416
v -5.3399215 2.2412403 -1.9811395
v -5.2184157 2.2075319 -2.0549512
v -5.2184157 2.2412403 -1.9811395
v -5.2184157 2.1959839 -2.1352689
v -5.2362084 2.4147406 -2.1201663
v -5.2362084 2.4385097 -2.0817063
v -5.2234602 2.4147406 -2.1631646
v -5.2596149 2.4442534 -2.1118317
v -5.2568355 2.4385097 -2.1512804
v -5.2234602 2.4769695 -2.0624764
v -5.2568355 2.4769695 -2.0890517
v -5.2379260 2.4442534 -2.1849852
v -5.2695832 2.4769695 -2.1320503
v -5.2568355 2.4769695 -2.1750493
v -5.2379260 2.5096855 -2.0791159
v -5.2568355 2.5154293 -2.1128206
v -5.2234602 2.4769695 -2.2016242
v -5.2596149 2.5096855 -2.1522691
v -5.2362084 2.5154293 -2.1823945
v -5.2234602 2.5391984 -2.1009364
v -5.2362084 2.5391984 -2.1439347
v -5.3399220 2.7380850 -2.2517705
v -5.3399220 2.7546093 -2.2155871
v -5.3399220 2.6437142 -2.3661785
v -5.3399220 2.6677628 -2.3507233
v -5.3399220 2.7661572 -2.1352692
v -5.3399220 2.7209010 -2.2893984
v -5.2184157 2.7546091 -2.2155871
v -5.3399220 2.7158742 -1.9753385
v -5.3399220 2.7209005 -1.9811393
v -5.3399215 2.5434759 -2.4110432
v -5.3399220 2.5994999 -2.3945932
v -5.3399220 2.7158747 -2.2951994
v -5.3399220 2.6300201 -2.3749790
v -5.2184157 2.6677625 -2.3507233
v -5.2184157 2.7661572 -2.1352689
v -5.3399220 2.7604964 -2.0958958
v -5.3399220 2.6300197 -1.8955588
v -5.3399220 2.6677623 -1.9198145
v -5.2184157 2.6677625 -1.9198145
v -5.3399220 2.7021801 -1.9595351
v -5.3399220 2.7546091 -2.0549505
v -5.3399215 2.5216427 -2.4174542
v -5.3399215 2.4404986 -2.4174542
v -5.3399215 2.5320985 -2.4143841
v -5.2184157 2.5216429 -2.4174542
v -5.2184157 2.7209010 -2.2893984
v -5.2184157 2.7546091 -2.0549505
v -5.3399215 2.5320981 -1.8561541
v -5.3399220 2.5994999 -1.8759449
v -5.2184157 2.5994999 -1.8759449
v -5.3399220 2.6186426 -1.8882470
v -5.2184157 2.7209005 -1.9811392
v -5.3399215 2.4300430 -2.4143841
v -5.3399215 2.3626413 -2.3945932
v -5.3399215 2.4404986 -2.4174542
v -5.2184157 2.4404986 -2.4174542
v -5.2184157 2.5994999 -2.3945932
v -5.3399215 2.4404984 -1.8530842
v -5.3399215 2.5216424 -1.8530842
v -5.2184157 2.5216424 -1.8530841
v -5.3399215 2.5216424 -1.8530842
v -5.3399215 2.3321214 -2.3749795
v -5.3399215 2.2943785 -2.3507233
v -5.3399215 2.3434987 -2.3822913
v -5.3399215 2.4186654 -1.8594949
v -5.3399215 2.3626411 -1.8759452
v -5.3399215 2.4300425 -1.8561544
v -5.2184157 2.4404984 -1.8530841
v -5.3399215 2.2462666 -2.2951989
v -5.3399215 2.2412405 -2.2893984
v -5.3399215 2.2599607 -2.3110032
v -5.2184157 2.2943785 -2.3507233
v -5.2184157 2.3626413 -2.3945932
v -5.3399215 2.3184268 -1.9043599
v -5.3399215 2.2943785 -1.9198152
v -5.3399215 2.3321209 -1.8955592
v -5.2184157 2.3626411 -1.8759452
v -5.2184157 2.2412403 -2.2893984
v -5.3399215 2.2075322 -2.2155871
v -5.3399215 2.2240560 -2.0187678
v -5.3399215 2.2075319 -2.0549512
v -5.3399215 2.2462664 -1.9753395
v -5.2184157 2.2943785 -1.9198151
v -5.3399215 2.1959839 -2.1352692
v -5.2184157 2.2075319 -2.2155871
v -5.3399215 2.2016449 -2.1746416
v -5.3399215 2.2412403 -1.9811395
v -5.2184157 2.2075319 -2.0549512
v -5.2184157 2.2412403 -1.9811395
v -5.2184157 2.1959839 -2.1352689
v -5.0791245 2.8251023 -2.2362862
v -5.3399220 2.8251023 -2.2362862
v -5.3399220 2.8396263 -2.1352692
v -5.0791245 2.8396263 -2.1352689
v -5.0791245 2.7827067 -2.3291192
v -5.3399220 2.7827070 -2.3291192
v -5.3399220 2.8251023 -2.0342522
v -5.0791245 2.8251023 -2.0342522
v -5.0791245 2.7158744 -2.4062476
v -5.3399220 2.7158747 -2.4062479
v -5.3399220 2.7827067 -1.9414192
v -5.0791245 2.7827067 -1.9414191
v -5.3399220 2.6300201 -2.4614229
v -5.0791245 2.6300201 -2.4614229
v -5.3399220 2.7158742 -1.8642907
v -5.0791245 2.7158742 -1.8642906
v -5.3399215 2.5320985 -2.4901752
v -5.0791245 2.5320983 -2.4901750
v -5.3399215 2.6300197 -1.8091154
v -5.0791245 2.6300197 -1.8091154
v -5.3399215 2.4300430 -2.4901752
v -5.0791245 2.4300430 -2.4901750
v -5.3399210 2.5320981 -1.7803630
v -5.0791245 2.5320983 -1.7803628
v -5.0791245 2.3321211 -2.4614229
v -5.3399215 2.3321214 -2.4614229
v -5.0791245 2.4300425 -1.7803628
v -5.3399210 2.4300425 -1.7803630
v -5.0791245 2.2462664 -2.4062476
v -5.3399215 2.2462666 -2.4062479
v -5.3399210 2.3321209 -1.8091154
v -5.0791245 2.3321211 -1.8091154
v -5.0791245 2.1794345 -2.3291192
v -5.3399215 2.1794345 -2.3291192
v -5.0791245 2.2462664 -1.8642910
v -5.3399215 2.2462664 -1.8642911
v -5.0791245 2.1370389 -2.2362862
v -5.3399215 2.1370392 -2.2362862
v -5.3399215 2.1794345 -1.9414192
v -5.0791245 2.1794345 -1.9414191
v -5.0791245 2.1225150 -2.1352689
v -5.3399215 2.1225150 -2.1352692
v -5.3399215 2.1370389 -2.0342522
v -5.0791245 2.1370389 -2.0342522
v -5.0791245 2.8251023 -2.2362862
v -5.0791245 2.8396263 -2.1352689
v -5.0791245 2.7827067 -2.3291192
v -5.0791245 2.8251023 -2.0342522
v -5.0791245 2.7158744 -2.4062476
v -5.0791245 2.7827067 -1.9414191
v -5.0791245 2.6300201 -2.4614229
v -5.0791245 2.7158742 -1.8642906
v -5.0791245 2.5320983 -2.4901750
v -5.0791245 2.6300197 -1.8091154
v -5.0791245 2.4300430 -2.4901750
v -5.0791245 2.5320983 -1.7803628
v -5.0791245 2.3321211 -2.4614229
v -5.0791245 2.4300425 -1.7803628
v -5.0791245 2.2462664 -2.4062476
v -5.0791245 2.3321211 -1.8091154
v -5.0791245 2.1794345 -2.3291192
v -5.0791245 2.2462664 -1.8642910
v -5.0791245 2.1370389 -2.2362862
v -5.0791245 2.1794345 -1.9414191
v -5.0791245 2.1225150 -2.1352689
v -5.0791245 2.1370389 -2.0342522
f 2076 2075 2078
f 2075 2077 2078
f 2077 2080 2078
f 2077 2083 2088
f 2088 2080 2077
f 2088 2101 2080
f 2077 2082 2083
f 2079 2089 2082
f 2079 2097 2089
f 2080 2107 2093
f 2080 2101 2107
f 2092 2080 2093
f 2106 2084 2092
f 2079 2086 2087
f 2087 2097 2079
f 2081 2098 2086
f 2103 2084 2104
f 2084 2106 2104
f 2119 2091 2103
f 2081 2096 2098
f 2081 2095 2096
f 2085 2111 2095
f 2091 2119 2117
f 2116 2091 2117
f 2129 2102 2131
f 2102 2116 2131
f 2085 2109 2111
f 2094 2109 2085
f 2094 2124 2110
f 2094 2122 2124
f 2139 2115 2128
f 2102 2128 2115
f 2137 2115 2139
f 2108 2135 2123
f 2122 2108 2123
f 2108 2133 2135
f 2162 2127 2138
f 2127 2137 2138
f 2160 2127 2162
f 2121 2133 2108
f 2121 2144 2134
f 2121 2142 2144
f 2136 2160 2161
f 2161 2182 2136
f 2180 2136 2191
f 2136 2182 2191
f 2132 2166 2143
f 2132 2190 2166
f 2142 2132 2143
f 2159 2181 2188
f 2188 2132 2159
f 2188 2190 2132
f 2159 2180 2181
f 2132 2141 2159
f 2141 2179 2159
f 2141 2164 2179
f 2288 2293 2289
f 2289 2284 2288
f 2292 2297 2293
f 2297 2300 2301
f 2301 2304 2305
f 2305 2309 2308
f 2313 2309 2312
f 2316 2312 2317
f 2317 2321 2316
f 2320 2325 2321
f 2324 2322 2325
f 2323 2318 2322
f 2319 2314 2318
f 2315 2310 2314
f 2310 2307 2306
f 2303 2307 2302
f 2303 2298 2299
f 2295 2298 2294
f 2295 2291 2290
f 2090 2114 2100
f 2090 2113 2114
f 2114 2113 2120
f 2120 2113 2099
f 2120 2099 2105
f 2105 2099 2126
f 2105 2126 2118
f 2118 2126 2112
f 2118 2158 2155
f 2118 2157 2158
f 2118 2112 2157
f 2112 2156 2157
f 2112 2154 2156
f 2155 2153 2118
f 2112 2150 2154
f 2152 2118 2153
f 2130 2152 2177
f 2177 2178 2130
f 2112 2148 2151
f 2151 2149 2112
f 2149 2150 2112
f 2125 2148 2112
f 2187 2186 2140
f 2140 2184 2187
f 2186 2185 2140
f 2185 2169 2140
f 2130 2184 2140
f 2125 2176 2175
f 2125 2167 2176
f 2175 2147 2125
f 2174 2171 2146
f 2146 2173 2174
f 2146 2140 2173
f 2140 2172 2173
f 2140 2170 2172
f 2171 2168 2146
f 2140 2169 2170
f 2167 2146 2168
f 2140 2146 2163
f 2163 2146 2145
f 2163 2145 2183
f 2183 2145 2165
f 2183 2165 2193
f 2193 2165 2189
f 2193 2189 2192
f 2192 2189 2194
f 2291 2286 2290
f 2282 2287 2283
f 2283 2285 2282
f 2172 2195 2173
f 2173 2197 2174
f 2198 2196 2201
f 2202 2199 2204
f 2187 2200 2186
f 2198 2201 2203
f 2202 2204 2207
f 2152 2210 2177
f 2210 2205 2177
f 2208 2206 2211
f 2209 2150 2149
f 2202 2167 2197
f 2167 2168 2197
f 2171 2197 2168
f 2174 2197 2171
f 2195 2196 2198
f 2196 2172 2170
f 2196 2169 2185
f 2197 2199 2202
f 2197 2195 2199
f 2195 2198 2199
f 2148 2207 2151
f 2207 2147 2175
f 2176 2207 2175
f 2201 2200 2205
f 2201 2196 2200
f 2200 2185 2186
f 2204 2203 2208
f 2204 2199 2203
f 2199 2198 2203
f 2200 2178 2177
f 2177 2205 2200
f 2184 2200 2187
f 2203 2206 2208
f 2203 2201 2206
f 2201 2205 2206
f 2207 2149 2151
f 2207 2204 2209
f 2204 2208 2209
f 2158 2210 2155
f 2155 2210 2153
f 2157 2210 2158
f 2211 2206 2210
f 2206 2205 2210
f 2156 2211 2157
f 2209 2156 2154
f 2209 2208 2211
f 2226 2213 2218
f 2212 2217 2218
f 2212 2218 2213
f 2217 2237 2218
f 2223 2237 2217
f 2215 2225 2237
f 2214 2225 2215
f 2248 2224 2222
f 2221 2235 2236
f 2221 2236 2222
f 2235 2233 2236
f 2236 2248 2222
f 2234 2247 2233
f 2247 2236 2233
f 2244 2247 2246
f 2245 2264 2247
f 2255 2264 2245
f 2263 2253 2254
f 2262 2263 2254
f 2269 2260 2261
f 2269 2270 2276
f 2277 2276 2270
f 2275 2281 2276
f 2281 2272 2279
f 2271 2279 2272
f 2278 2280 2279
f 2273 2280 2278
f 2266 2274 2280
f 2265 2274 2266
f 2268 2267 2257
f 2256 2268 2257
f 2259 2258 2249
f 2250 2259 2249
f 2252 2251 2259
f 2239 2251 2252
f 2239 2240 2251
f 2240 2241 2251
f 2242 2241 2240
f 2230 2228 2229
f 2219 2230 2231
f 2230 2229 2231
f 2220 2243 2230
f 2238 2227 2216
f 2216 2226 2238
f 2243 2232 2238
f 2326 2333 2341
f 2077 2079 2082
f 2092 2084 2080
f 2079 2081 2086
f 2103 2091 2084
f 2081 2085 2095
f 2116 2102 2091
f 2094 2110 2109
f 2102 2129 2128
f 2122 2094 2108
f 2127 2115 2137
f 2121 2134 2133
f 2136 2127 2160
f 2142 2121 2132
f 2159 2136 2180
f 2288 2292 2293
f 2289 2285 2284
f 2292 2296 2297
f 2297 2296 2300
f 2301 2300 2304
f 2305 2304 2309
f 2313 2308 2309
f 2316 2313 2312
f 2317 2320 2321
f 2320 2324 2325
f 2324 2323 2322
f 2323 2319 2318
f 2319 2315 2314
f 2315 2311 2310
f 2310 2311 2307
f 2303 2306 2307
f 2303 2302 2298
f 2295 2299 2298
f 2295 2294 2291
f 2152 2130 2118
f 2125 2147 2148
f 2130 2178 2184
f 2167 2125 2146
f 2291 2287 2286
f 2282 2286 2287
f 2283 2284 2285
f 2173 2195 2197
f 2152 2153 2210
f 2209 2154 2150
f 2202 2176 2167
f 2196 2195 2172
f 2196 2170 2169
f 2207 2148 2147
f 2176 2202 2207
f 2200 2196 2185
f 2200 2184 2178
f 2207 2209 2149
f 2157 2211 2210
f 2209 2211 2156
f 2226 2216 2213
f 2223 2215 2237
f 2214 2224 2225
f 2248 2225 2224
f 2234 2246 2247
f 2244 2245 2247
f 2255 2253 2264
f 2263 2264 2253
f 2262 2260 2263
f 2269 2263 2260
f 2269 2261 2270
f 2277 2275 2276
f 2281 2275 2272
f 2271 2278 2279
f 2273 2266 2280
f 2265 2267 2274
f 2268 2274 2267
f 2256 2258 2268
f 2259 2268 2258
f 2250 2252 2259
f 2242 2228 2241
f 2230 2241 2228
f 2219 2220 2230
f 2238 2232 2227
f 2243 2220 2232
f 2334 2332 2330
f 2330 2328 2334
f 2328 2326 2334
f 2326 2327 2333
f 2327 2329 2333
f 2329 2331 2333
f 2333 2335 2341
f 2335 2337 2341
f 2337 2339 2341
f 2341 2343 2345
f 2345 2347 2346
f 2346 2344 2342
f 2342 2340 2338
f 2338 2336 2334
f 2341 2345 2346
f 2346 2342 2341
f 2342 2338 2341
f 2338 2334 2341
f 2334 2326 2341
v -5.3399220 2.7405455 -3.0341034
v -5.3399220 2.7550695 -2.9330864
v -5.3399220 2.6981502 -3.1269364
v -5.3399220 2.7405455 -2.8320694
v -5.3399220 2.6313179 -3.2040651
v -5.3399220 2.6981499 -2.7392364
v -5.3399220 2.5454633 -3.2592402
v -5.3399220 2.6535282 -3.0495877
v -5.3399220 2.6700525 -3.0134044
v -5.3399220 2.6313174 -2.6621079
v -5.3399215 2.4475417 -3.2879925
v -5.3399220 2.5591574 -3.1639957
v -5.3399220 2.5832059 -3.1485405
v -5.3399220 2.6816003 -2.9330864
v -5.3399220 2.6363442 -3.0872157
v -5.2184157 2.6700523 -3.0134044
v -5.3399215 2.5454628 -2.6069326
v -5.3399220 2.6313174 -2.7731557
v -5.3399220 2.6363437 -2.7789564
v -5.3399215 2.3454862 -3.2879925
v -5.3399215 2.4589190 -3.2088604
v -5.3399220 2.5149431 -3.1924105
v -5.3399220 2.6313179 -3.0930166
v -5.3399220 2.5454633 -3.1727962
v -5.2184157 2.5832057 -3.1485405
v -5.2184157 2.6816003 -2.9330862
v -5.3399220 2.6759396 -2.8937130
v -5.3399210 2.4475412 -2.5781803
v -5.3399220 2.5454628 -2.6933761
v -5.3399220 2.5832055 -2.7176316
v -5.2184157 2.5832057 -2.7176316
v -5.3399220 2.6176233 -2.7573524
v -5.3399220 2.6700523 -2.8527677
v -5.3399215 2.2475646 -3.2592402
v -5.3399215 2.4370859 -3.2152715
v -5.3399215 2.3559418 -3.2152715
v -5.3399215 2.4475417 -3.2122014
v -5.2184157 2.4370861 -3.2152715
v -5.2184157 2.6363442 -3.0872157
v -5.2184157 2.6700523 -2.8527677
v -5.3399210 2.3454857 -2.5781803
v -5.3399215 2.4475412 -2.6539714
v -5.3399220 2.5149431 -2.6737621
v -5.2184157 2.5149431 -2.6737621
v -5.3399220 2.5340858 -2.6860642
v -5.2184157 2.6363437 -2.7789564
v -5.3399215 2.1617098 -3.2040651
v -5.3399215 2.3454862 -3.2122014
v -5.3399215 2.2780845 -3.1924105
v -5.3399215 2.3559418 -3.2152715
v -5.2184157 2.3559418 -3.2152715
v -5.2184157 2.5149431 -3.1924105
v -5.3399210 2.2475641 -2.6069326
v -5.3399215 2.3559415 -2.6509013
v -5.3399215 2.4370856 -2.6509013
v -5.2184157 2.4370856 -2.6509013
v -5.3399215 2.4370856 -2.6509013
v -5.3399215 2.0948777 -3.1269364
v -5.3399215 2.2475646 -3.1727967
v -5.3399215 2.2098217 -3.1485405
v -5.3399215 2.2589419 -3.1801085
v -5.3399215 2.1617095 -2.6621084
v -5.3399215 2.3341086 -2.6573122
v -5.3399215 2.2780843 -2.6737626
v -5.3399215 2.3454857 -2.6539717
v -5.2184157 2.3559415 -2.6509013
v -5.3399215 2.0524824 -3.0341034
v -5.3399215 2.1617098 -3.0930161
v -5.3399215 2.1566837 -3.0872157
v -5.3399215 2.1754038 -3.1088204
v -5.2184157 2.2098217 -3.1485405
v -5.2184157 2.2780845 -3.1924105
v -5.2184157 2.3871186 -2.9984307
v -5.2184157 2.3924127 -2.9994414
v -5.2184157 2.4278100 -2.9882550
v -5.2184157 2.4370859 -2.9797778
v -5.2184157 2.4004145 -2.9984283
v -5.2184157 2.4370859 -2.8800471
v -5.2184157 2.4488280 -2.8911436
v -5.2184157 2.4435444 -2.9738755
v -5.2184157 2.4546416 -2.8987536
v -5.2184157 2.4546413 -2.9559200
v -5.2184157 2.4604661 -2.9354162
v -5.2184157 2.4573138 -2.9063635
v -5.3399215 2.0948777 -2.7392364
v -5.3399215 2.2338700 -2.7021770
v -5.3399215 2.2098217 -2.7176323
v -5.3399215 2.2475641 -2.6933765
v -5.2184157 2.2780843 -2.6737626
v -5.3399215 2.0379581 -2.9330864
v -5.2184157 2.1566834 -3.0872157
v -5.3399215 2.1229753 -3.0134044
v -5.2184157 2.3559418 -2.9874384
v -5.2184157 2.3359973 -2.9685915
v -5.2184157 2.3559415 -2.8724613
v -5.2184157 2.3412809 -2.8858600
v -5.2184157 2.3301837 -2.9609818
v -5.2184157 2.3301840 -2.9038150
v -5.2184157 2.3243592 -2.9243190
v -5.2184157 2.3275115 -2.9533718
v -5.2184157 2.3830061 -2.9976449
v -5.2184157 2.3565032 -2.9879692
v -5.2184157 2.4283221 -2.8717659
v -5.2184157 2.4064767 -2.8637910
v -5.3399215 2.0524821 -2.8320694
v -5.3399215 2.1394992 -2.8165851
v -5.3399215 2.1229751 -2.8527684
v -5.3399215 2.1617095 -2.7731566
v -5.2184157 2.2098217 -2.7176323
v -5.2184157 2.4018192 -2.8620906
v -5.2184157 2.3570154 -2.8714805
v -5.2184157 2.3844109 -2.8613071
v -5.2184157 2.3924127 -2.8602936
v -5.3399215 2.1114271 -2.9330864
v -5.2184157 2.1229751 -3.0134044
v -5.3399215 2.1170881 -2.9724588
v -5.3399215 2.1566834 -2.7789569
v -5.2184157 2.1229751 -2.8527684
v -5.2184157 2.1566834 -2.7789569
v -5.2184157 2.1114271 -2.9330862
v -5.2362084 2.3301837 -2.9179835
v -5.2362084 2.3539529 -2.8795235
v -5.2234602 2.3301837 -2.9609818
v -5.2596149 2.3596966 -2.9096489
v -5.2568355 2.3539529 -2.9490976
v -5.2234602 2.3924127 -2.8602936
v -5.2568355 2.3924127 -2.8868690
v -5.2379260 2.3596966 -2.9828024
v -5.2695832 2.3924127 -2.9298675
v -5.2568355 2.3924127 -2.9728665
v -5.2379260 2.4251287 -2.8769331
v -5.2568355 2.4308724 -2.9106379
v -5.2234602 2.3924127 -2.9994414
v -5.2596149 2.4251287 -2.9500864
v -5.2362084 2.4308724 -2.9802117
v -5.2234602 2.4546416 -2.8987536
v -5.2362084 2.4546416 -2.9417520
v -5.3399220 2.6535282 -3.0495877
v -5.3399220 2.6700525 -3.0134044
v -5.3399220 2.5591574 -3.1639957
v -5.3399220 2.5832059 -3.1485405
v -5.3399220 2.6816003 -2.9330864
v -5.3399220 2.6363442 -3.0872157
v -5.2184157 2.6700523 -3.0134044
v -5.3399220 2.6313174 -2.7731557
v -5.3399220 2.6363437 -2.7789564
v -5.3399215 2.4589190 -3.2088604
v -5.3399220 2.5149431 -3.1924105
v -5.3399220 2.6313179 -3.0930166
v -5.3399220 2.5454633 -3.1727962
v -5.2184157 2.5832057 -3.1485405
v -5.2184157 2.6816003 -2.9330862
v -5.3399220 2.6759396 -2.8937130
v -5.3399220 2.5454628 -2.6933761
v -5.3399220 2.5832055 -2.7176316
v -5.2184157 2.5832057 -2.7176316
v -5.3399220 2.6176233 -2.7573524
v -5.3399220 2.6700523 -2.8527677
v -5.3399215 2.4370859 -3.2152715
v -5.3399215 2.3559418 -3.2152715
v -5.3399215 2.4475417 -3.2122014
v -5.2184157 2.4370861 -3.2152715
v -5.2184157 2.6363442 -3.0872157
v -5.2184157 2.6700523 -2.8527677
v -5.3399215 2.4475412 -2.6539714
v -5.3399220 2.5149431 -2.6737621
v -5.2184157 2.5149431 -2.6737621
v -5.3399220 2.5340858 -2.6860642
v -5.2184157 2.6363437 -2.7789564
v -5.3399215 2.3454862 -3.2122014
v -5.3399215 2.2780845 -3.1924105
v -5.3399215 2.3559418 -3.2152715
v -5.2184157 2.3559418 -3.2152715
v -5.2184157 2.5149431 -3.1924105
v -5.3399215 2.3559415 -2.6509013
v -5.3399215 2.4370856 -2.6509013
v -5.2184157 2.4370856 -2.6509013
v -5.3399215 2.4370856 -2.6509013
v -5.3399215 2.2475646 -3.1727967
v -5.3399215 2.2098217 -3.1485405
v -5.3399215 2.2589419 -3.1801085
v -5.3399215 2.3341086 -2.6573122
v -5.3399215 2.2780843 -2.6737626
v -5.3399215 2.3454857 -2.6539717
v -5.2184157 2.3559415 -2.6509013
v -5.3399215 2.1617098 -3.0930161
v -5.3399215 2.1566837 -3.0872157
v -5.3399215 2.1754038 -3.1088204
v -5.2184157 2.2098217 -3.1485405
v -5.2184157 2.2780845 -3.1924105
v -5.3399215 2.2338700 -2.7021770
v -5.3399215 2.2098217 -2.7176323
v -5.3399215 2.2475641 -2.6933765
v -5.2184157 2.2780843 -2.6737626
v -5.2184157 2.1566834 -3.0872157
v -5.3399215 2.1229753 -3.0134044
v -5.3399215 2.1394992 -2.8165851
v -5.3399215 2.1229751 -2.8527684
v -5.3399215 2.1617095 -2.7731566
v -5.2184157 2.2098217 -2.7176323
v -5.3399215 2.1114271 -2.9330864
v -5.2184157 2.1229751 -3.0134044
v -5.3399215 2.1170881 -2.9724588
v -5.3399215 2.1566834 -2.7789569
v -5.2184157 2.1229751 -2.8527684
v -5.2184157 2.1566834 -2.7789569
v -5.2184157 2.1114271 -2.9330862
v -5.0791245 2.7405455 -3.0341034
v -5.3399220 2.7405455 -3.0341034
v -5.3399220 2.7550695 -2.9330864
v -5.0791245 2.7550695 -2.9330862
v -5.0791245 2.6981499 -3.1269364
v -5.3399220 2.6981502 -3.1269364
v -5.3399220 2.7405455 -2.8320694
v -5.0791245 2.7405455 -2.8320694
v -5.0791245 2.6313176 -3.2040648
v -5.3399220 2.6313179 -3.2040651
v -5.3399220 2.6981499 -2.7392364
v -5.0791245 2.6981499 -2.7392364
v -5.3399220 2.5454633 -3.2592402
v -5.0791245 2.5454633 -3.2592402
v -5.3399220 2.6313174 -2.6621079
v -5.0791245 2.6313174 -2.6621079
v -5.3399215 2.4475417 -3.2879925
v -5.0791245 2.4475415 -3.2879922
v -5.3399215 2.5454628 -2.6069326
v -5.0791245 2.5454628 -2.6069326
v -5.3399215 2.3454862 -3.2879925
v -5.0791245 2.3454862 -3.2879922
v -5.3399210 2.4475412 -2.5781803
v -5.0791245 2.4475415 -2.5781801
v -5.0791245 2.2475643 -3.2592402
v -5.3399215 2.2475646 -3.2592402
v -5.0791245 2.3454857 -2.5781801
v -5.3399210 2.3454857 -2.5781803
v -5.0791245 2.1617095 -3.2040648
v -5.3399215 2.1617098 -3.2040651
v -5.3399210 2.2475641 -2.6069326
v -5.0791245 2.2475643 -2.6069326
v -5.0791245 2.0948777 -3.1269364
v -5.3399215 2.0948777 -3.1269364
v -5.0791245 2.1617095 -2.6621082
v -5.3399215 2.1617095 -2.6621084
v -5.0791245 2.0524821 -3.0341034
v -5.3399215 2.0524824 -3.0341034
v -5.3399215 2.0948777 -2.7392364
v -5.0791245 2.0948777 -2.7392364
v -5.0791245 2.0379581 -2.9330862
v -5.3399215 2.0379581 -2.9330864
v -5.3399215 2.0524821 -2.8320694
v -5.0791245 2.0524821 -2.8320694
v -5.0791245 2.7405455 -3.0341034
v -5.0791245 2.7550695 -2.9330862
v -5.0791245 2.6981499 -3.1269364
v -5.0791245 2.7405455 -2.8320694
v -5.0791245 2.6313176 -3.2040648
v -5.0791245 2.6981499 -2.7392364
v -5.0791245 2.5454633 -3.2592402
v -5.0791245 2.6313174 -2.6621079
v -5.0791245 2.4475415 -3.2879922
v -5.0791245 2.5454628 -2.6069326
v -5.0791245 2.3454862 -3.2879922
v -5.0791245 2.4475415 -2.5781801
v -5.0791245 2.2475643 -3.2592402
v -5.0791245 2.3454857 -2.5781801
v -5.0791245 2.1617095 -3.2040648
v -5.0791245 2.2475643 -2.6069326
v -5.0791245 2.0948777 -3.1269364
v -5.0791245 2.1617095 -2.6621082
v -5.0791245 2.0524821 -3.0341034
v -5.0791245 2.0948777 -2.7392364
v -5.0791245 2.0379581 -2.9330862
v -5.0791245 2.0524821 -2.8320694
f 2349 2348 2351
f 2348 2350 2351
f 2350 2353 2351
f 2350 2356 2361
f 2361 2353 2350
f 2361 2374 2353
f 2350 2355 2356
f 2352 2362 2355
f 2352 2370 2362
f 2353 2380 2366
f 2353 2374 2380
f 2365 2353 2366
f 2379 2357 2365
f 2352 2359 2360
f 2360 2370 2352
f 2354 2371 2359
f 2376 2357 2377
f 2357 2379 2377
f 2392 2364 2376
f 2354 2369 2371
f 2354 2368 2369
f 2358 2384 2368
f 2364 2392 2390
f 2389 2364 2390
f 2402 2375 2404
f 2375 2389 2404
f 2358 2382 2384
f 2367 2382 2358
f 2367 2397 2383
f 2367 2395 2397
f 2412 2388 2401
f 2375 2401 2388
f 2410 2388 2412
f 2381 2408 2396
f 2395 2381 2396
f 2381 2406 2408
f 2435 2400 2411
f 2400 2410 2411
f 2433 2400 2435
f 2394 2406 2381
f 2394 2417 2407
f 2394 2415 2417
f 2409 2433 2434
f 2434 2455 2409
f 2453 2409 2464
f 2409 2455 2464
f 2405 2439 2416
f 2405 2463 2439
f 2415 2405 2416
f 2432 2454 2461
f 2461 2405 2432
f 2461 2463 2405
f 2432 2453 2454
f 2405 2414 2432
f 2414 2452 2432
f 2414 2437 2452
f 2561 2566 2562
f 2562 2557 2561
f 2565 2570 2566
f 2570 2573 2574
f 2574 2577 2578
f 2578 2582 2581
f 2586 2582 2585
f 2589 2585 2590
f 2590 2594 2589
f 2593 2598 2594
f 2597 2595 2598
f 2596 2591 2595
f 2592 2587 2591
f 2588 2583 2587
f 2583 2580 2579
f 2576 2580 2575
f 2576 2571 2572
f 2568 2571 2567
f 2568 2564 2563
f 2363 2387 2373
f 2363 2386 2387
f 2387 2386 2393
f 2393 2386 2372
f 2393 2372 2378
f 2378 2372 2399
f 2378 2399 2391
f 2391 2399 2385
f 2391 2431 2428
f 2391 2430 2431
f 2391 2385 2430
f 2385 2429 2430
f 2385 2427 2429
f 2428 2426 2391
f 2385 2423 2427
f 2425 2391 2426
f 2403 2425 2450
f 2450 2451 2403
f 2385 2421 2424
f 2424 2422 2385
f 2422 2423 2385
f 2398 2421 2385
f 2460 2459 2413
f 2413 2457 2460
f 2459 2458 2413
f 2458 2442 2413
f 2403 2457 2413
f 2398 2449 2448
f 2398 2440 2449
f 2448 2420 2398
f 2447 2444 2419
f 2419 2446 2447
f 2419 2413 2446
f 2413 2445 2446
f 2413 2443 2445
f 2444 2441 2419
f 2413 2442 2443
f 2440 2419 2441
f 2413 2419 2436
f 2436 2419 2418
f 2436 2418 2456
f 2456 2418 2438
f 2456 2438 2466
f 2466 2438 2462
f 2466 2462 2465
f 2465 2462 2467
f 2564 2559 2563
f 2555 2560 2556
f 2556 2558 2555
f 2445 2468 2446
f 2446 2470 2447
f 2471 2469 2474
f 2475 2472 2477
f 2460 2473 2459
f 2471 2474 2476
f 2475 2477 2480
f 2425 2483 2450
f 2483 2478 2450
f 2481 2479 2484
f 2482 2423 2422
f 2475 2440 2470
f 2440 2441 2470
f 2444 2470 2441
f 2447 2470 2444
f 2468 2469 2471
f 2469 2445 2443
f 2469 2442 2458
f 2470 2472 2475
f 2470 2468 2472
f 2468 2471 2472
f 2421 2480 2424
f 2480 2420 2448
f 2449 2480 2448
f 2474 2473 2478
f 2474 2469 2473
f 2473 2458 2459
f 2477 2476 2481
f 2477 2472 2476
f 2472 2471 2476
f 2473 2451 2450
f 2450 2478 2473
f 2457 2473 2460
f 2476 2479 2481
f 2476 2474 2479
f 2474 2478 2479
f 2480 2422 2424
f 2480 2477 2482
f 2477 2481 2482
f 2431 2483 2428
f 2428 2483 2426
f 2430 2483 2431
f 2484 2479 2483
f 2479 2478 2483
f 2429 2484 2430
f 2482 2429 2427
f 2482 2481 2484
f 2499 2486 2491
f 2485 2490 2491
f 2485 2491 2486
f 2490 2510 2491
f 2496 2510 2490
f 2488 2498 2510
f 2487 2498 2488
f 2521 2497 2495
f 2494 2508 2509
f 2494 2509 2495
f 2508 2506 2509
f 2509 2521 2495
f 2507 2520 2506
f 2520 2509 2506
f 2517 2520 2519
f 2518 2537 2520
f 2528 2537 2518
f 2536 2526 2527
f 2535 2536 2527
f 2542 2533 2534
f 2542 2543 2549
f 2550 2549 2543
f 2548 2554 2549
f 2554 2545 2552
f 2544 2552 2545
f 2551 2553 2552
f 2546 2553 2551
f 2539 2547 2553
f 2538 2547 2539
f 2541 2540 2530
f 2529 2541 2530
f 2532 2531 2522
f 2523 2532 2522
f 2525 2524 2532
f 2512 2524 2525
f 2512 2513 2524
f 2513 2514 2524
f 2515 2514 2513
f 2503 2501 2502
f 2492 2503 2504
f 2503 2502 2504
f 2493 2516 2503
f 2511 2500 2489
f 2489 2499 2511
f 2516 2505 2511
f 2599 2606 2614
f 2350 2352 2355
f 2365 2357 2353
f 2352 2354 2359
f 2376 2364 2357
f 2354 2358 2368
f 2389 2375 2364
f 2367 2383 2382
f 2375 2402 2401
f 2395 2367 2381
f 2400 2388 2410
f 2394 2407 2406
f 2409 2400 2433
f 2415 2394 2405
f 2432 2409 2453
f 2561 2565 2566
f 2562 2558 2557
f 2565 2569 2570
f 2570 2569 2573
f 2574 2573 2577
f 2578 2577 2582
f 2586 2581 2582
f 2589 2586 2585
f 2590 2593 2594
f 2593 2597 2598
f 2597 2596 2595
f 2596 2592 2591
f 2592 2588 2587
f 2588 2584 2583
f 2583 2584 2580
f 2576 2579 2580
f 2576 2575 2571
f 2568 2572 2571
f 2568 2567 2564
f 2425 2403 2391
f 2398 2420 2421
f 2403 2451 2457
f 2440 2398 2419
f 2564 2560 2559
f 2555 2559 2560
f 2556 2557 2558
f 2446 2468 2470
f 2425 2426 2483
f 2482 2427 2423
f 2475 2449 2440
f 2469 2468 2445
f 2469 2443 2442
f 2480 2421 2420
f 2449 2475 2480
f 2473 2469 2458
f 2473 2457 2451
f 2480 2482 2422
f 2430 2484 2483
f 2482 2484 2429
f 2499 2489 2486
f 2496 2488 2510
f 2487 2497 2498
f 2521 2498 2497
f 2507 2519 2520
f 2517 2518 2520
f 2528 2526 2537
f 2536 2537 2526
f 2535 2533 2536
f 2542 2536 2533
f 2542 2534 2543
f 2550 2548 2549
f 2554 2548 2545
f 2544 2551 2552
f 2546 2539 2553
f 2538 2540 2547
f 2541 2547 2540
f 2529 2531 2541
f 2532 2541 2531
f 2523 2525 2532
f 2515 2501 2514
f 2503 2514 2501
f 2492 2493 2503
f 2511 2505 2500
f 2516 2493 2505
f 2607 2605 2603
f 2603 2601 2607
f 2601 2599 2607
f 2599 2600 2606
f 2600 2602 2606
f 2602 2604 2606
f 2606 2608 2614
f 2608 2610 2614
f 2610 2612 2614
f 2614 2616 2618
f 2618 2620 2619
f 2619 2617 2615
f 2615 2613 2611
f 2611 2609 2607
f 2614 2618 2619
f 2619 2615 2614
f 2615 2611 2614
f 2611 2607 2614
f 2607 2599 2614
v -5.3399220 2.7405455 -3.8364334
v -5.3399220 2.7550695 -3.7354164
v -5.3399220 2.6981502 -3.9292665
v -5.3399220 2.7405455 -3.6343994
v -5.3399220 2.6313179 -4.0063949
v -5.3399220 2.6981499 -3.5415664
v -5.3399220 2.5454633 -4.0615702
v -5.3399220 2.6535282 -3.8519177
v -5.3399220 2.6700525 -3.8157344
v -5.3399220 2.6313174 -3.4644380
v -5.3399215 2.4475417 -4.0903225
v -5.3399220 2.5591574 -3.9663258
v -5.3399220 2.5832059 -3.9508705
v -5.3399220 2.6816003 -3.7354164
v -5.3399220 2.6363442 -3.8895457
v -5.2184157 2.6700523 -3.8157344
v -5.3399215 2.5454628 -3.4092627
v -5.3399220 2.6313174 -3.5754857
v -5.3399220 2.6363437 -3.5812864
v -5.3399215 2.3454862 -4.0903225
v -5.3399215 2.4589190 -4.0111904
v -5.3399220 2.5149431 -3.9947405
v -5.3399220 2.6313179 -3.8953466
v -5.3399220 2.5454633 -3.9751263
v -5.2184157 2.5832057 -3.9508705
v -5.2184157 2.6816003 -3.7354162
v -5.3399220 2.6759396 -3.6960430
v -5.3399210 2.4475412 -3.3805103
v -5.3399220 2.5454628 -3.4957061
v -5.3399220 2.5832055 -3.5199616
v -5.2184157 2.5832057 -3.5199616
v -5.3399220 2.6176233 -3.5596824
v -5.3399220 2.6700523 -3.6550977
v -5.3399215 2.2475646 -4.0615702
v -5.3399215 2.4370859 -4.0176015
v -5.3399215 2.3559418 -4.0176015
v -5.3399215 2.4475417 -4.0145311
v -5.2184157 2.4370861 -4.0176015
v -5.2184157 2.6363442 -3.8895457
v -5.2184157 2.6700523 -3.6550977
v -5.3399210 2.3454857 -3.3805103
v -5.3399215 2.4475412 -3.4563015
v -5.3399220 2.5149431 -3.4760921
v -5.2184157 2.5149431 -3.4760921
v -5.3399220 2.5340858 -3.4883943
v -5.2184157 2.6363437 -3.5812864
v -5.3399215 2.1617098 -4.0063949
v -5.3399215 2.3454862 -4.0145311
v -5.3399215 2.2780845 -3.9947405
v -5.3399215 2.3559418 -4.0176015
v -5.2184157 2.3559418 -4.0176015
v -5.2184157 2.5149431 -3.9947405
v -5.3399210 2.2475641 -3.4092627
v -5.3399215 2.3559415 -3.4532313
v -5.3399215 2.4370856 -3.4532313
v -5.2184157 2.4370856 -3.4532313
v -5.3399215 2.4370856 -3.4532313
v -5.3399215 2.0948777 -3.9292665
v -5.3399215 2.2475646 -3.9751267
v -5.3399215 2.2098217 -3.9508705
v -5.3399215 2.2589419 -3.9824386
v -5.3399215 2.1617095 -3.4644384
v -5.3399215 2.3341086 -3.4596422
v -5.3399215 2.2780843 -3.4760926
v -5.3399215 2.3454857 -3.4563017
v -5.2184157 2.3559415 -3.4532313
v -5.3399215 2.0524824 -3.8364334
v -5.3399215 2.1617098 -3.8953462
v -5.3399215 2.1566837 -3.8895457
v -5.3399215 2.1754038 -3.9111505
v -5.2184157 2.2098217 -3.9508705
v -5.2184157 2.2780845 -3.9947405
v -5.2184157 2.3871186 -3.8007607
v -5.2184157 2.3924127 -3.8017714
v -5.2184157 2.4278100 -3.7905850
v -5.2184157 2.4370859 -3.7821078
v -5.2184157 2.4004145 -3.8007584
v -5.2184157 2.4370859 -3.6823771
v -5.2184157 2.4488280 -3.6934736
v -5.2184157 2.4435444 -3.7762055
v -5.2184157 2.4546416 -3.7010837
v -5.2184157 2.4546413 -3.7582500
v -5.2184157 2.4604661 -3.7377462
v -5.2184157 2.4573138 -3.7086935
v -5.3399215 2.0948777 -3.5415664
v -5.3399215 2.2338700 -3.5045071
v -5.3399215 2.2098217 -3.5199623
v -5.3399215 2.2475641 -3.4957066
v -5.2184157 2.2780843 -3.4760926
v -5.3399215 2.0379581 -3.7354164
v -5.2184157 2.1566834 -3.8895457
v -5.3399215 2.1229753 -3.8157344
v -5.2184157 2.3559418 -3.7897685
v -5.2184157 2.3359973 -3.7709215
v -5.2184157 2.3559415 -3.6747913
v -5.2184157 2.3412809 -3.6881900
v -5.2184157 2.3301837 -3.7633119
v -5.2184157 2.3301840 -3.7061450
v -5.2184157 2.3243592 -3.7266490
v -5.2184157 2.3275115 -3.7557018
v -5.2184157 2.3830061 -3.7999749
v -5.2184157 2.3565032 -3.7902992
v -5.2184157 2.4283221 -3.6740959
v -5.2184157 2.4064767 -3.6661210
v -5.3399215 2.0524821 -3.6343994
v -5.3399215 2.1394992 -3.6189151
v -5.3399215 2.1229751 -3.6550984
v -5.3399215 2.1617095 -3.5754867
v -5.2184157 2.2098217 -3.5199623
v -5.2184157 2.4018192 -3.6644206
v -5.2184157 2.3570154 -3.6738105
v -5.2184157 2.3844109 -3.6636372
v -5.2184157 2.3924127 -3.6626236
v -5.3399215 2.1114271 -3.7354164
v -5.2184157 2.1229751 -3.8157344
v -5.3399215 2.1170881 -3.7747889
v -5.3399215 2.1566834 -3.5812869
v -5.2184157 2.1229751 -3.6550984
v -5.2184157 2.1566834 -3.5812869
v -5.2184157 2.1114271 -3.7354162
v -5.2362084 2.3301837 -3.7203135
v -5.2362084 2.3539529 -3.6818535
v -5.2234602 2.3301837 -3.7633119
v -5.2596149 2.3596966 -3.7119789
v -5.2568355 2.3539529 -3.7514277
v -5.2234602 2.3924127 -3.6626236
v -5.2568355 2.3924127 -3.6891990
v -5.2379260 2.3596966 -3.7851324
v -5.2695832 2.3924127 -3.7321975
v -5.2568355 2.3924127 -3.7751966
v -5.2379260 2.4251287 -3.6792631
v -5.2568355 2.4308724 -3.7129679
v -5.2234602 2.3924127 -3.8017714
v -5.2596149 2.4251287 -3.7524164
v -5.2362084 2.4308724 -3.7825418
v -5.2234602 2.4546416 -3.7010837
v -5.2362084 2.4546416 -3.7440820
v -5.3399220 2.6535282 -3.8519177
v -5.3399220 2.6700525 -3.8157344
v -5.3399220 2.5591574 -3.9663258
v -5.3399220 2.5832059 -3.9508705
v -5.3399220 2.6816003 -3.7354164
v -5.3399220 2.6363442 -3.8895457
v -5.2184157 2.6700523 -3.8157344
v -5.3399220 2.6313174 -3.5754857
v -5.3399220 2.6363437 -3.5812864
v -5.3399215 2.4589190 -4.0111904
v -5.3399220 2.5149431 -3.9947405
v -5.3399220 2.6313179 -3.8953466
v -5.3399220 2.5454633 -3.9751263
v -5.2184157 2.5832057 -3.9508705
v -5.2184157 2.6816003 -3.7354162
v -5.3399220 2.6759396 -3.6960430
v -5.3399220 2.5454628 -3.4957061
v -5.3399220 2.5832055 -3.5199616
v -5.2184157 2.5832057 -3.5199616
v -5.3399220 2.6176233 -3.5596824
v -5.3399220 2.6700523 -3.6550977
v -5.3399215 2.4370859 -4.0176015
v -5.3399215 2.3559418 -4.0176015
v -5.3399215 2.4475417 -4.0145311
v -5.2184157 2.4370861 -4.0176015
v -5.2184157 2.6363442 -3.8895457
v -5.2184157 2.6700523 -3.6550977
v -5.3399215 2.4475412 -3.4563015
v -5.3399220 2.5149431 -3.4760921
v -5.2184157 2.5149431 -3.4760921
v -5.3399220 2.5340858 -3.4883943
v -5.2184157 2.6363437 -3.5812864
v -5.3399215 2.3454862 -4.0145311
v -5.3399215 2.2780845 -3.9947405
v -5.3399215 2.3559418 -4.0176015
v -5.2184157 2.3559418 -4.0176015
v -5.2184157 2.5149431 -3.9947405
v -5.3399215 2.3559415 -3.4532313
v -5.3399215 2.4370856 -3.4532313
v -5.2184157 2.4370856 -3.4532313
v -5.3399215 2.4370856 -3.4532313
v -5.3399215 2.2475646 -3.9751267
v -5.3399215 2.2098217 -3.9508705
v -5.3399215 2.2589419 -3.9824386
v -5.3399215 2.3341086 -3.4596422
v -5.3399215 2.2780843 -3.4760926
v -5.3399215 2.3454857 -3.4563017
v -5.2184157 2.3559415 -3.4532313
v -5.3399215 2.1617098 -3.8953462
v -5.3399215 2.1566837 -3.8895457
v -5.3399215 2.1754038 -3.9111505
v -5.2184157 2.2098217 -3.9508705
v -5.2184157 2.2780845 -3.9947405
v -5.3399215 2.2338700 -3.5045071
v -5.3399215 2.2098217 -3.5199623
v -5.3399215 2.2475641 -3.4957066
v -5.2184157 2.2780843 -3.4760926
v -5.2184157 2.1566834 -3.8895457
v -5.3399215 2.1229753 -3.8157344
v -5.3399215 2.1394992 -3.6189151
v -5.3399215 2.1229751 -3.6550984
v -5.3399215 2.1617095 -3.5754867
v -5.2184157 2.2098217 -3.5199623
v -5.3399215 2.1114271 -3.7354164
v -5.2184157 2.1229751 -3.8157344
v -5.3399215 2.1170881 -3.7747889
v -5.3399215 2.1566834 -3.5812869
v -5.2184157 2.1229751 -3.6550984
v -5.2184157 2.1566834 -3.5812869
v -5.2184157 2.1114271 -3.7354162
v -5.0791245 2.7405455 -3.8364334
v -5.3399220 2.7405455 -3.8364334
v -5.3399220 2.7550695 -3.7354164
v -5.0791245 2.7550695 -3.7354162
v -5.0791245 2.6981499 -3.9292665
v -5.3399220 2.6981502 -3.9292665
v -5.3399220 2.7405455 -3.6343994
v -5.0791245 2.7405455 -3.6343994
v -5.0791245 2.6313176 -4.0063949
v -5.3399220 2.6313179 -4.0063949
v -5.3399220 2.6981499 -3.5415664
v -5.0791245 2.6981499 -3.5415664
v -5.3399220 2.5454633 -4.0615702
v -5.0791245 2.5454633 -4.0615702
v -5.3399220 2.6313174 -3.4644380
v -5.0791245 2.6313174 -3.4644380
v -5.3399215 2.4475417 -4.0903225
v -5.0791245 2.4475415 -4.0903225
v -5.3399215 2.5454628 -3.4092627
v -5.0791245 2.5454628 -3.4092627
v -5.3399215 2.3454862 -4.0903225
v -5.0791245 2.3454862 -4.0903225
v -5.3399210 2.4475412 -3.3805103
v -5.0791245 2.4475415 -3.3805101
v -5.0791245 2.2475643 -4.0615702
v -5.3399215 2.2475646 -4.0615702
v -5.0791245 2.3454857 -3.3805101
v -5.3399210 2.3454857 -3.3805103
v -5.0791245 2.1617095 -4.0063949
v -5.3399215 2.1617098 -4.0063949
v -5.3399210 2.2475641 -3.4092627
v -5.0791245 2.2475643 -3.4092627
v -5.0791245 2.0948777 -3.9292665
v -5.3399215 2.0948777 -3.9292665
v -5.0791245 2.1617095 -3.4644382
v -5.3399215 2.1617095 -3.4644384
v -5.0791245 2.0524821 -3.8364334
v -5.3399215 2.0524824 -3.8364334
v -5.3399215 2.0948777 -3.5415664
v -5.0791245 2.0948777 -3.5415664
v -5.0791245 2.0379581 -3.7354162
v -5.3399215 2.0379581 -3.7354164
v -5.3399215 2.0524821 -3.6343994
v -5.0791245 2.0524821 -3.6343994
v -5.0791245 2.7405455 -3.8364334
v -5.0791245 2.7550695 -3.7354162
v -5.0791245 2.6981499 -3.9292665
v -5.0791245 2.7405455 -3.6343994
v -5.0791245 2.6313176 -4.0063949
v -5.0791245 2.6981499 -3.5415664
v -5.0791245 2.5454633 -4.0615702
v -5.0791245 2.6313174 -3.4644380
v -5.0791245 2.4475415 -4.0903225
v -5.0791245 2.5454628 -3.4092627
v -5.0791245 2.3454862 -4.0903225
v -5.0791245 2.4475415 -3.3805101
v -5.0791245 2.2475643 -4.0615702
v -5.0791245 2.3454857 -3.3805101
v -5.0791245 2.1617095 -4.0063949
v -5.0791245 2.2475643 -3.4092627
v -5.0791245 2.0948777 -3.9292665
v -5.0791245 2.1617095 -3.4644382
v -5.0791245 2.0524821 -3.8364334
v -5.0791245 2.0948777 -3.5415664
v -5.0791245 2.0379581 -3.7354162
v -5.0791245 2.0524821 -3.6343994
f 2622 2621 2624
f 2621 2623 2624
f 2623 2626 2624
f 2623 2629 2634
f 2634 2626 2623
f 2634 2647 2626
f 2623 2628 2629
f 2625 2635 2628
f 2625 2643 2635
f 2626 2653 2639
f 2626 2647 2653
f 2638 2626 2639
f 2652 2630 2638
f 2625 2632 2633
f 2633 2643 2625
f 2627 2644 2632
f 2649 2630 2650
f 2630 2652 2650
f 2665 2637 2649
f 2627 2642 2644
f 2627 2641 2642
f 2631 2657 2641
f 2637 2665 2663
f 2662 2637 2663
f 2675 2648 2677
f 2648 2662 2677
f 2631 2655 2657
f 2640 2655 2631
f 2640 2670 2656
f 2640 2668 2670
f 2685 2661 2674
f 2648 2674 2661
f 2683 2661 2685
f 2654 2681 2669
f 2668 2654 2669
f 2654 2679 2681
f 2708 2673 2684
f 2673 2683 2684
f 2706 2673 2708
f 2667 2679 2654
f 2667 2690 2680
f 2667 2688 2690
f 2682 2706 2707
f 2707 2728 2682
f 2726 2682 2737
f 2682 2728 2737
f 2678 2712 2689
f 2678 2736 2712
f 2688 2678 2689
f 2705 2727 2734
f 2734 2678 2705
f 2734 2736 2678
f 2705 2726 2727
f 2678 2687 2705
f 2687 2725 2705
f 2687 2710 2725
f 2834 2839 2835
f 2835 2830 2834
f 2838 2843 2839
f 2843 2846 2847
f 2847 2850 2851
f 2851 2855 2854
f 2859 2855 2858
f 2862 2858 2863
f 2863 2867 2862
f 2866 2871 2867
f 2870 2868 2871
f 2869 2864 2868
f 2865 2860 2864
f 2861 2856 2860
f 2856 2853 2852
f 2849 2853 2848
f 2849 2844 2845
f 2841 2844 2840
f 2841 2837 2836
f 2636 2660 2646
f 2636 2659 2660
f 2660 2659 2666
f 2666 2659 2645
f 2666 2645 2651
f 2651 2645 2672
f 2651 2672 2664
f 2664 2672 2658
f 2664 2704 2701
f 2664 2703 2704
f 2664 2658 2703
f 2658 2702 2703
f 2658 2700 2702
f 2701 2699 2664
f 2658 2696 2700
f 2698 2664 2699
f 2676 2698 2723
f 2723 2724 2676
f 2658 2694 2697
f 2697 2695 2658
f 2695 2696 2658
f 2671 2694 2658
f 2733 2732 2686
f 2686 2730 2733
f 2732 2731 2686
f 2731 2715 2686
f 2676 2730 2686
f 2671 2722 2721
f 2671 2713 2722
f 2721 2693 2671
f 2720 2717 2692
f 2692 2719 2720
f 2692 2686 2719
f 2686 2718 2719
f 2686 2716 2718
f 2717 2714 2692
f 2686 2715 2716
f 2713 2692 2714
f 2686 2692 2709
f 2709 2692 2691
f 2709 2691 2729
f 2729 2691 2711
f 2729 2711 2739
f 2739 2711 2735
f 2739 2735 2738
f 2738 2735 2740
f 2837 2832 2836
f 2828 2833 2829
f 2829 2831 2828
f 2718 2741 2719
f 2719 2743 2720
f 2744 2742 2747
f 2748 2745 2750
f 2733 2746 2732
f 2744 2747 2749
f 2748 2750 2753
f 2698 2756 2723
f 2756 2751 2723
f 2754 2752 2757
f 2755 2696 2695
f 2748 2713 2743
f 2713 2714 2743
f 2717 2743 2714
f 2720 2743 2717
f 2741 2742 2744
f 2742 2718 2716
f 2742 2715 2731
f 2743 2745 2748
f 2743 2741 2745
f 2741 2744 2745
f 2694 2753 2697
f 2753 2693 2721
f 2722 2753 2721
f 2747 2746 2751
f 2747 2742 2746
f 2746 2731 2732
f 2750 2749 2754
f 2750 2745 2749
f 2745 2744 2749
f 2746 2724 2723
f 2723 2751 2746
f 2730 2746 2733
f 2749 2752 2754
f 2749 2747 2752
f 2747 2751 2752
f 2753 2695 2697
f 2753 2750 2755
f 2750 2754 2755
f 2704 2756 2701
f 2701 2756 2699
f 2703 2756 2704
f 2757 2752 2756
f 2752 2751 2756
f 2702 2757 2703
f 2755 2702 2700
f 2755 2754 2757
f 2772 2759 2764
f 2758 2763 2764
f 2758 2764 2759
f 2763 2783 2764
f 2769 2783 2763
f 2761 2771 2783
f 2760 2771 2761
f 2794 2770 2768
f 2767 2781 2782
f 2767 2782 2768
f 2781 2779 2782
f 2782 2794 2768
f 2780 2793 2779
f 2793 2782 2779
f 2790 2793 2792
f 2791 2810 2793
f 2801 2810 2791
f 2809 2799 2800
f 2808 2809 2800
f 2815 2806 2807
f 2815 2816 2822
f 2823 2822 2816
f 2821 2827 2822
f 2827 2818 2825
f 2817 2825 2818
f 2824 2826 2825
f 2819 2826 2824
f 2812 2820 2826
f 2811 2820 2812
f 2814 2813 2803
f 2802 2814 2803
f 2805 2804 2795
f 2796 2805 2795
f 2798 2797 2805
f 2785 2797 2798
f 2785 2786 2797
f 2786 2787 2797
f 2788 2787 2786
f 2776 2774 2775
f 2765 2776 2777
f 2776 2775 2777
f 2766 2789 2776
f 2784 2773 2762
f 2762 2772 2784
f 2789 2778 2784
f 2872 2879 2887
f 2623 2625 2628
f 2638 2630 2626
f 2625 2627 2632
f 2649 2637 2630
f 2627 2631 2641
f 2662 2648 2637
f 2640 2656 2655
f 2648 2675 2674
f 2668 2640 2654
f 2673 2661 2683
f 2667 2680 2679
f 2682 2673 2706
f 2688 2667 2678
f 2705 2682 2726
f 2834 2838 2839
f 2835 2831 2830
f 2838 2842 2843
f 2843 2842 2846
f 2847 2846 2850
f 2851 2850 2855
f 2859 2854 2855
f 2862 2859 2858
f 2863 2866 2867
f 2866 2870 2871
f 2870 2869 2868
f 2869 2865 2864
f 2865 2861 2860
f 2861 2857 2856
f 2856 2857 2853
f 2849 2852 2853
f 2849 2848 2844
f 2841 2845 2844
f 2841 2840 2837
f 2698 2676 2664
f 2671 2693 2694
f 2676 2724 2730
f 2713 2671 2692
f 2837 2833 2832
f 2828 2832 2833
f 2829 2830 2831
f 2719 2741 2743
f 2698 2699 2756
f 2755 2700 2696
f 2748 2722 2713
f 2742 2741 2718
f 2742 2716 2715
f 2753 2694 2693
f 2722 2748 2753
f 2746 2742 2731
f 2746 2730 2724
f 2753 2755 2695
f 2703 2757 2756
f 2755 2757 2702
f 2772 2762 2759
f 2769 2761 2783
f 2760 2770 2771
f 2794 2771 2770
f 2780 2792 2793
f 2790 2791 2793
f 2801 2799 2810
f 2809 2810 2799
f 2808 2806 2809
f 2815 2809 2806
f 2815 2807 2816
f 2823 2821 2822
f 2827 2821 2818
f 2817 2824 2825
f 2819 2812 2826
f 2811 2813 2820
f 2814 2820 2813
f 2802 2804 2814
f 2805 2814 2804
f 2796 2798 2805
f 2788 2774 2787
f 2776 2787 2774
f 2765 2766 2776
f 2784 2778 2773
f 2789 2766 2778
f 2880 2878 2876
f 2876 2874 2880
f 2874 2872 2880
f 2872 2873 2879
f 2873 2875 2879
f 2875 2877 2879
f 2879 2881 2887
f 2881 2883 2887
f 2883 2885 2887
f 2887 2889 2891
f 2891 2893 2892
f 2892 2890 2888
f 2888 2886 2884
f 2884 2882 2880
f 2887 2891 2892
f 2892 2888 2887
f 2888 2884 2887
f 2884 2880 2887
f 2880 2872 2887
v -5.3399220 2.8526325 -4.6461205
v -5.3399220 2.8671565 -4.5451035
v -5.3399220 2.8102372 -4.7389536
v -5.3399220 2.8526325 -4.4440866
v -5.3399220 2.7434049 -4.8160820
v -5.3399220 2.8102369 -4.3512535
v -5.3399220 2.6575503 -4.8712573
v -5.3399220 2.7656152 -4.6616049
v -5.3399220 2.7821395 -4.6254215
v -5.3399220 2.7434044 -4.2741251
v -5.3399215 2.5596287 -4.9000096
v -5.3399220 2.6712444 -4.7760129
v -5.3399220 2.6952929 -4.7605577
v -5.3399220 2.7936873 -4.5451035
v -5.3399220 2.7484312 -4.6992331
v -5.2184157 2.7821393 -4.6254215
v -5.3399215 2.6575499 -4.2189498
v -5.3399220 2.7434044 -4.3851728
v -5.3399220 2.7484307 -4.3909736
v -5.3399215 2.4575732 -4.9000096
v -5.3399215 2.5710061 -4.8208776
v -5.3399220 2.6270301 -4.8044276
v -5.3399220 2.7434049 -4.7050338
v -5.3399220 2.6575503 -4.7848134
v -5.2184157 2.6952927 -4.7605577
v -5.2184157 2.7936873 -4.5451035
v -5.3399220 2.7880266 -4.5057302
v -5.3399210 2.5596282 -4.1901975
v -5.3399220 2.6575499 -4.3053932
v -5.3399220 2.6952925 -4.3296490
v -5.2184157 2.6952927 -4.3296490
v -5.3399220 2.7297103 -4.3693695
v -5.3399220 2.7821393 -4.4647851
v -5.3399215 2.3596516 -4.8712573
v -5.3399215 2.5491729 -4.8272886
v -5.3399215 2.4680288 -4.8272886
v -5.3399215 2.5596287 -4.8242183
v -5.2184157 2.5491731 -4.8272886
v -5.2184157 2.7484312 -4.6992331
v -5.2184157 2.7821393 -4.4647851
v -5.3399210 2.4575727 -4.1901975
v -5.3399215 2.5596282 -4.2659883
v -5.3399220 2.6270301 -4.2857795
v -5.2184157 2.6270301 -4.2857795
v -5.3399220 2.6461728 -4.2980814
v -5.2184157 2.7484307 -4.3909736
v -5.3399215 2.2737968 -4.8160820
v -5.3399215 2.4575732 -4.8242183
v -5.3399215 2.3901715 -4.8044276
v -5.3399215 2.4680288 -4.8272886
v -5.2184157 2.4680288 -4.8272886
v -5.2184157 2.6270301 -4.8044276
v -5.3399210 2.3596511 -4.2189498
v -5.3399215 2.4680285 -4.2629185
v -5.3399215 2.5491726 -4.2629185
v -5.2184157 2.5491726 -4.2629185
v -5.3399215 2.5491726 -4.2629185
v -5.3399215 2.2069647 -4.7389536
v -5.3399215 2.3596516 -4.7848139
v -5.3399215 2.3219087 -4.7605577
v -5.3399215 2.3710289 -4.7921257
v -5.3399215 2.2737966 -4.2741256
v -5.3399215 2.4461956 -4.2693295
v -5.3399215 2.3901713 -4.2857795
v -5.3399215 2.4575727 -4.2659888
v -5.2184157 2.4680285 -4.2629185
v -5.3399215 2.1645694 -4.6461205
v -5.3399215 2.2737968 -4.7050333
v -5.3399215 2.2687707 -4.6992331
v -5.3399215 2.2874908 -4.7208376
v -5.2184157 2.3219087 -4.7605577
v -5.2184157 2.3901715 -4.8044276
v -5.2184157 2.4992056 -4.6104479
v -5.2184157 2.5044997 -4.6114588
v -5.2184157 2.5398970 -4.6002722
v -5.2184157 2.5491729 -4.5917950
v -5.2184157 2.5125015 -4.6104455
v -5.2184157 2.5491729 -4.4920645
v -5.2184157 2.5609150 -4.5031610
v -5.2184157 2.5556314 -4.5858927
v -5.2184157 2.5667286 -4.5107708
v -5.2184157 2.5667284 -4.5679374
v -5.2184157 2.5725532 -4.5474334
v -5.2184157 2.5694008 -4.5183806
v -5.3399215 2.2069647 -4.3512535
v -5.3399215 2.3459570 -4.3141942
v -5.3399215 2.3219087 -4.3296494
v -5.3399215 2.3596511 -4.3053937
v -5.2184157 2.3901713 -4.2857795
v -5.3399215 2.1500452 -4.5451035
v -5.2184157 2.2687705 -4.6992331
v -5.3399215 2.2350624 -4.6254215
v -5.2184157 2.4680288 -4.5994558
v -5.2184157 2.4480844 -4.5806088
v -5.2184157 2.4680285 -4.4844785
v -5.2184157 2.4533679 -4.4978771
v -5.2184157 2.4422708 -4.5729990
v -5.2184157 2.4422710 -4.5158324
v -5.2184157 2.4364462 -4.5363364
v -5.2184157 2.4395986 -4.5653892
v -5.2184157 2.4950931 -4.6096621
v -5.2184157 2.4685903 -4.5999866
v -5.2184157 2.5404091 -4.4837832
v -5.2184157 2.5185637 -4.4758081
v -5.3399215 2.1645691 -4.4440866
v -5.3399215 2.2515862 -4.4286022
v -5.3399215 2.2350621 -4.4647856
v -5.3399215 2.2737966 -4.3851738
v -5.2184157 2.3219087 -4.3296494
v -5.2184157 2.5139062 -4.4741077
v -5.2184157 2.4691024 -4.4834976
v -5.2184157 2.4964979 -4.4733243
v -5.2184157 2.5044997 -4.4723105
v -5.3399215 2.2235141 -4.5451035
v -5.2184157 2.2350621 -4.6254215
v -5.3399215 2.2291751 -4.5844760
v -5.3399215 2.2687705 -4.3909740
v -5.2184157 2.2350621 -4.4647856
v -5.2184157 2.2687705 -4.3909740
v -5.2184157 2.2235141 -4.5451035
v -5.2362084 2.4422708 -4.5300007
v -5.2362084 2.4660399 -4.4915409
v -5.2234602 2.4422708 -4.5729990
v -5.2596149 2.4717836 -4.5216660
v -5.2568355 2.4660399 -4.5611148
v -5.2234602 2.5044997 -4.4723105
v -5.2568355 2.5044997 -4.4988861
v -5.2379260 2.4717836 -4.5948195
v -5.2695832 2.5044997 -4.5418849
v -5.2568355 2.5044997 -4.5848837
v -5.2379260 2.5372157 -4.4889503
v -5.2568355 2.5429595 -4.5226550
v -5.2234602 2.5044997 -4.6114588
v -5.2596149 2.5372157 -4.5621037
v -5.2362084 2.5429595 -4.5922289
v -5.2234602 2.5667286 -4.5107708
v -5.2362084 2.5667286 -4.5537691
v -5.3399220 2.7656152 -4.6616049
v -5.3399220 2.7821395 -4.6254215
v -5.3399220 2.6712444 -4.7760129
v -5.3399220 2.6952929 -4.7605577
v -5.3399220 2.7936873 -4.5451035
v -5.3399220 2.7484312 -4.6992331
v -5.2184157 2.7821393 -4.6254215
v -5.3399220 2.7434044 -4.3851728
v -5.3399220 2.7484307 -4.3909736
v -5.3399215 2.5710061 -4.8208776
v -5.3399220 2.6270301 -4.8044276
v -5.3399220 2.7434049 -4.7050338
v -5.3399220 2.6575503 -4.7848134
v -5.2184157 2.6952927 -4.7605577
v -5.2184157 2.7936873 -4.5451035
v -5.3399220 2.7880266 -4.5057302
v -5.3399220 2.6575499 -4.3053932
v -5.3399220 2.6952925 -4.3296490
v -5.2184157 2.6952927 -4.3296490
v -5.3399220 2.7297103 -4.3693695
v -5.3399220 2.7821393 -4.4647851
v -5.3399215 2.5491729 -4.8272886
v -5.3399215 2.4680288 -4.8272886
v -5.3399215 2.5596287 -4.8242183
v -5.2184157 2.5491731 -4.8272886
v -5.2184157 2.7484312 -4.6992331
v -5.2184157 2.7821393 -4.4647851
v -5.3399215 2.5596282 -4.2659883
v -5.3399220 2.6270301 -4.2857795
v -5.2184157 2.6270301 -4.2857795
v -5.3399220 2.6461728 -4.2980814
v -5.2184157 2.7484307 -4.3909736
v -5.3399215 2.4575732 -4.8242183
v -5.3399215 2.3901715 -4.8044276
v -5.3399215 2.4680288 -4.8272886
v -5.2184157 2.4680288 -4.8272886
v -5.2184157 2.6270301 -4.8044276
v -5.3399215 2.4680285 -4.2629185
v -5.3399215 2.5491726 -4.2629185
v -5.2184157 2.5491726 -4.2629185
v -5.3399215 2.5491726 -4.2629185
v -5.3399215 2.3596516 -4.7848139
v -5.3399215 2.3219087 -4.7605577
v -5.3399215 2.3710289 -4.7921257
v -5.3399215 2.4461956 -4.2693295
v -5.3399215 2.3901713 -4.2857795
v -5.3399215 2.4575727 -4.2659888
v -5.2184157 2.4680285 -4.2629185
v -5.3399215 2.2737968 -4.7050333
v -5.3399215 2.2687707 -4.6992331
v -5.3399215 2.2874908 -4.7208376
v -5.2184157 2.3219087 -4.7605577
v -5.2184157 2.3901715 -4.8044276
v -5.3399215 2.3459570 -4.3141942
v -5.3399215 2.3219087 -4.3296494
v -5.3399215 2.3596511 -4.3053937
v -5.2184157 2.3901713 -4.2857795
v -5.2184157 2.2687705 -4.6992331
v -5.3399215 2.2350624 -4.6254215
v -5.3399215 2.2515862 -4.4286022
v -5.3399215 2.2350621 -4.4647856
v -5.3399215 2.2737966 -4.3851738
v -5.2184157 2.3219087 -4.3296494
v -5.3399215 2.2235141 -4.5451035
v -5.2184157 2.2350621 -4.6254215
v -5.3399215 2.2291751 -4.5844760
v -5.3399215 2.2687705 -4.3909740
v -5.2184157 2.2350621 -4.4647856
v -5.2184157 2.2687705 -4.3909740
v -5.2184157 2.2235141 -4.5451035
v -5.0791245 2.8526325 -4.6461205
v -5.3399220 2.8526325 -4.6461205
v -5.3399220 2.8671565 -4.5451035
v -5.0791245 2.8671565 -4.5451035
v -5.0791245 2.8102369 -4.7389536
v -5.3399220 2.8102372 -4.7389536
v -5.3399220 2.8526325 -4.4440866
v -5.0791245 2.8526325 -4.4440866
v -5.0791245 2.7434046 -4.8160820
v -5.3399220 2.7434049 -4.8160820
v -5.3399220 2.8102369 -4.3512535
v -5.0791245 2.8102369 -4.3512535
v -5.3399220 2.6575503 -4.8712573
v -5.0791245 2.6575503 -4.8712573
v -5.3399220 2.7434044 -4.2741251
v -5.0791245 2.7434044 -4.2741251
v -5.3399215 2.5596287 -4.9000096
v -5.0791245 2.5596285 -4.9000096
v -5.3399215 2.6575499 -4.2189498
v -5.0791245 2.6575499 -4.2189498
v -5.3399215 2.4575732 -4.9000096
v -5.0791245 2.4575732 -4.9000096
v -5.3399210 2.5596282 -4.1901975
v -5.0791245 2.5596285 -4.1901975
v -5.0791245 2.3596513 -4.8712573
v -5.3399215 2.3596516 -4.8712573
v -5.0791245 2.4575727 -4.1901975
v -5.3399210 2.4575727 -4.1901975
v -5.0791245 2.2737966 -4.8160820
v -5.3399215 2.2737968 -4.8160820
v -5.3399210 2.3596511 -4.2189498
v -5.0791245 2.3596513 -4.2189498
v -5.0791245 2.2069647 -4.7389536
v -5.3399215 2.2069647 -4.7389536
v -5.0791245 2.2737966 -4.2741256
v -5.3399215 2.2737966 -4.2741256
v -5.0791245 2.1645691 -4.6461205
v -5.3399215 2.1645694 -4.6461205
v -5.3399215 2.2069647 -4.3512535
v -5.0791245 2.2069647 -4.3512535
v -5.0791245 2.1500452 -4.5451035
v -5.3399215 2.1500452 -4.5451035
v -5.3399215 2.1645691 -4.4440866
v -5.0791245 2.1645691 -4.4440866
v -5.0791245 2.8526325 -4.6461205
v -5.0791245 2.8671565 -4.5451035
v -5.0791245 2.8102369 -4.7389536
v -5.0791245 2.8526325 -4.4440866
v -5.0791245 2.7434046 -4.8160820
v -5.0791245 2.8102369 -4.3512535
v -5.0791245 2.6575503 -4.8712573
v -5.0791245 2.7434044 -4.2741251
v -5.0791245 2.5596285 -4.9000096
v -5.0791245 2.6575499 -4.2189498
v -5.0791245 2.4575732 -4.9000096
v -5.0791245 2.5596285 -4.1901975
v -5.0791245 2.3596513 -4.8712573
v -5.0791245 2.4575727 -4.1901975
v -5.0791245 2.2737966 -4.8160820
v -5.0791245 2.3596513 -4.2189498
v -5.0791245 2.2069647 -4.7389536
v -5.0791245 2.2737966 -4.2741256
v -5.0791245 2.1645691 -4.6461205
v -5.0791245 2.2069647 -4.3512535
v -5.0791245 2.1500452 -4.5451035
v -5.0791245 2.1645691 -4.4440866
f 2895 2894 2897
f 2894 2896 2897
f 2896 2899 2897
f 2896 2902 2907
f 2907 2899 2896
f 2907 2920 2899
f 2896 2901 2902
f 2898 2908 2901
f 2898 2916 2908
f 2899 2926 2912
f 2899 2920 2926
f 2911 2899 2912
f 2925 2903 2911
f 2898 2905 2906
f 2906 2916 2898
f 2900 2917 2905
f 2922 2903 2923
f 2903 2925 2923
f 2938 2910 2922
f 2900 2915 2917
f 2900 2914 2915
f 2904 2930 2914
f 2910 2938 2936
f 2935 2910 2936
f 2948 2921 2950
f 2921 2935 2950
f 2904 2928 2930
f 2913 2928 2904
f 2913 2943 2929
f 2913 2941 2943
f 2958 2934 2947
f 2921 2947 2934
f 2956 2934 2958
f 2927 2954 2942
f 2941 2927 2942
f 2927 2952 2954
f 2981 2946 2957
f 2946 2956 2957
f 2979 2946 2981
f 2940 2952 2927
f 2940 2963 2953
f 2940 2961 2963
f 2955 2979 2980
f 2980 3001 2955
f 2999 2955 3010
f 2955 3001 3010
f 2951 2985 2962
f 2951 3009 2985
f 2961 2951 2962
f 2978 3000 3007
f 3007 2951 2978
f 3007 3009 2951
f 2978 2999 3000
f 2951 2960 2978
f 2960 2998 2978
f 2960 2983 2998
f 3107 3112 3108
f 3108 3103 3107
f 3111 3116 3112
f 3116 3119 3120
f 3120 3123 3124
f 3124 3128 3127
f 3132 3128 3131
f 3135 3131 3136
f 3136 3140 3135
f 3139 3144 3140
f 3143 3141 3144
f 3142 3137 3141
f 3138 3133 3137
f 3134 3129 3133
f 3129 3126 3125
f 3122 3126 3121
f 3122 3117 3118
f 3114 3117 3113
f 3114 3110 3109
f 2909 2933 2919
f 2909 2932 2933
f 2933 2932 2939
f 2939 2932 2918
f 2939 2918 2924
f 2924 2918 2945
f 2924 2945 2937
f 2937 2945 2931
f 2937 2977 2974
f 2937 2976 2977
f 2937 2931 2976
f 2931 2975 2976
f 2931 2973 2975
f 2974 2972 2937
f 2931 2969 2973
f 2971 2937 2972
f 2949 2971 2996
f 2996 2997 2949
f 2931 2967 2970
f 2970 2968 2931
f 2968 2969 2931
f 2944 2967 2931
f 3006 3005 2959
f 2959 3003 3006
f 3005 3004 2959
f 3004 2988 2959
f 2949 3003 2959
f 2944 2995 2994
f 2944 2986 2995
f 2994 2966 2944
f 2993 2990 2965
f 2965 2992 2993
f 2965 2959 2992
f 2959 2991 2992
f 2959 2989 2991
f 2990 2987 2965
f 2959 2988 2989
f 2986 2965 2987
f 2959 2965 2982
f 2982 2965 2964
f 2982 2964 3002
f 3002 2964 2984
f 3002 2984 3012
f 3012 2984 3008
f 3012 3008 3011
f 3011 3008 3013
f 3110 3105 3109
f 3101 3106 3102
f 3102 3104 3101
f 2991 3014 2992
f 2992 3016 2993
f 3017 3015 3020
f 3021 3018 3023
f 3006 3019 3005
f 3017 3020 3022
f 3021 3023 3026
f 2971 3029 2996
f 3029 3024 2996
f 3027 3025 3030
f 3028 2969 2968
f 3021 2986 3016
f 2986 2987 3016
f 2990 3016 2987
f 2993 3016 2990
f 3014 3015 3017
f 3015 2991 2989
f 3015 2988 3004
f 3016 3018 3021
f 3016 3014 3018
f 3014 3017 3018
f 2967 3026 2970
f 3026 2966 2994
f 2995 3026 2994
f 3020 3019 3024
f 3020 3015 3019
f 3019 3004 3005
f 3023 3022 3027
f 3023 3018 3022
f 3018 3017 3022
f 3019 2997 2996
f 2996 3024 3019
f 3003 3019 3006
f 3022 3025 3027
f 3022 3020 3025
f 3020 3024 3025
f 3026 2968 2970
f 3026 3023 3028
f 3023 3027 3028
f 2977 3029 2974
f 2974 3029 2972
f 2976 3029 2977
f 3030 3025 3029
f 3025 3024 3029
f 2975 3030 2976
f 3028 2975 2973
f 3028 3027 3030
f 3045 3032 3037
f 3031 3036 3037
f 3031 3037 3032
f 3036 3056 3037
f 3042 3056 3036
f 3034 3044 3056
f 3033 3044 3034
f 3067 3043 3041
f 3040 3054 3055
f 3040 3055 3041
f 3054 3052 3055
f 3055 3067 3041
f 3053 3066 3052
f 3066 3055 3052
f 3063 3066 3065
f 3064 3083 3066
f 3074 3083 3064
f 3082 3072 3073
f 3081 3082 3073
f 3088 3079 3080
f 3088 3089 3095
f 3096 3095 3089
f 3094 3100 3095
f 3100 3091 3098
f 3090 3098 3091
f 3097 3099 3098
f 3092 3099 3097
f 3085 3093 3099
f 3084 3093 3085
f 3087 3086 3076
f 3075 3087 3076
f 3078 3077 3068
f 3069 3078 3068
f 3071 3070 3078
f 3058 3070 3071
f 3058 3059 3070
f 3059 3060 3070
f 3061 3060 3059
f 3049 3047 3048
f 3038 3049 3050
f 3049 3048 3050
f 3039 3062 3049
f 3057 3046 3035
f 3035 3045 3057
f 3062 3051 3057
f 3145 3152 3160
f 2896 2898 2901
f 2911 2903 2899
f 2898 2900 2905
f 2922 2910 2903
f 2900 2904 2914
f 2935 2921 2910
f 2913 2929 2928
f 2921 2948 2947
f 2941 2913 2927
f 2946 2934 2956
f 2940 2953 2952
f 2955 2946 2979
f 2961 2940 2951
f 2978 2955 2999
f 3107 3111 3112
f 3108 3104 3103
f 3111 3115 3116
f 3116 3115 3119
f 3120 3119 3123
f 3124 3123 3128
f 3132 3127 3128
f 3135 3132 3131
f 3136 3139 3140
f 3139 3143 3144
f 3143 3142 3141
f 3142 3138 3137
f 3138 3134 3133
f 3134 3130 3129
f 3129 3130 3126
f 3122 3125 3126
f 3122 3121 3117
f 3114 3118 3117
f 3114 3113 3110
f 2971 2949 2937
f 2944 2966 2967
f 2949 2997 3003
f 2986 2944 2965
f 3110 3106 3105
f 3101 3105 3106
f 3102 3103 3104
f 2992 3014 3016
f 2971 2972 3029
f 3028 2973 2969
f 3021 2995 2986
f 3015 3014 2991
f 3015 2989 2988
f 3026 2967 2966
f 2995 3021 3026
f 3019 3015 3004
f 3019 3003 2997
f 3026 3028 2968
f 2976 3030 3029
f 3028 3030 2975
f 3045 3035 3032
f 3042 3034 3056
f 3033 3043 3044
f 3067 3044 3043
f 3053 3065 3066
f 3063 3064 3066
f 3074 3072 3083
f 3082 3083 3072
f 3081 3079 3082
f 3088 3082 3079
f 3088 3080 3089
f 3096 3094 3095
f 3100 3094 3091
f 3090 3097 3098
f 3092 3085 3099
f 3084 3086 3093
f 3087 3093 3086
f 3075 3077 3087
f 3078 3087 3077
f 3069 3071 3078
f 3061 3047 3060
f 3049 3060 3047
f 3038 3039 3049
f 3057 3051 3046
f 3062 3039 3051
f 3153 3151 3149
f 3149 3147 3153
f 3147 3145 3153
f 3145 3146 3152
f 3146 3148 3152
f 3148 3150 3152
f 3152 3154 3160
f 3154 3156 3160
f 3156 3158 3160
f 3160 3162 3164
f 3164 3166 3165
f 3165 3163 3161
f 3161 3159 3157
f 3157 3155 3153
f 3160 3164 3165
f 3165 3161 3160
f 3161 3157 3160
f 3157 3153 3160
f 3153 3145 3160
