# Sci-fi chess by Drummyfish (CC0); converted for OTBMaster3D
v -7.0314779 4.6912961 -4.1166468
v -7.0314779 4.6912961 -3.4663603
v -7.0398512 4.6438088 -4.1166468
v -7.0398512 4.6438084 -3.4663603
v -7.0639610 4.6020489 -4.1166468
v -7.0639610 4.6020489 -3.4663603
v -7.1008997 4.5710535 -4.1166468
v -7.1008997 4.5710535 -3.4663603
v -7.1462121 4.5545611 -4.1166468
v -7.1462121 4.5545611 -3.4663603
v -7.1462121 4.8280311 -4.1166468
v -7.1462121 4.8280311 -3.4663603
v -7.1008997 4.8115387 -4.1166468
v -7.1008997 4.8115387 -3.4663603
v -7.0639610 4.7805438 -4.1166468
v -7.0639610 4.7805438 -3.4663603
v -7.0398512 4.7387838 -4.1166468
v -7.0398512 4.7387838 -3.4663603
v -7.0786896 4.6912961 -3.4663603
v -7.0842156 4.6599560 -3.4663603
v -7.1001272 4.6323957 -3.4663603
v -7.1245055 4.6119404 -3.4663603
v -7.1544104 4.6010556 -3.4663603
v -7.1544104 4.7815366 -3.4663603
v -7.1245060 4.7706523 -3.4663603
v -7.1001272 4.7501965 -3.4663603
v -7.0842156 4.7226362 -3.4663603
v -7.0786896 4.6912961 -2.7855055
v -7.0842156 4.6599560 -2.7855055
v -7.1001272 4.6323957 -2.7855055
v -7.1245055 4.6119399 -2.7855055
v -7.1544104 4.6010556 -2.7855055
v -7.1544104 4.7815366 -2.7855055
v -7.1245060 4.7706523 -2.7855055
v -7.1001272 4.7501965 -2.7855055
v -7.0842156 4.7226362 -2.7855055
v -6.8454056 3.2288542 -2.0397239
v -6.8454056 3.2288542 -1.9479579
v -6.8534598 3.1831768 -2.0397239
v -6.8534598 3.1831768 -1.9479579
v -6.8766508 3.1430087 -2.0397239
v -6.8766508 3.1430087 -1.9479579
v -6.9121819 3.1131949 -2.0397239
v -6.9121819 3.1131949 -1.9479579
v -6.9557667 3.0973313 -2.0397239
v -6.9557667 3.0973313 -1.9479579
v -7.0021486 3.0973313 -2.0397239
v -7.0021486 3.0973313 -1.9479579
v -7.0457335 3.1131949 -2.0397239
v -7.0457335 3.1131949 -1.9479579
v -7.0812645 3.1430087 -2.0397239
v -7.0812645 3.1430087 -1.9479579
v -7.1044555 3.1831768 -2.0397239
v -7.1044555 3.1831768 -1.9479579
v -7.1125093 3.2288542 -2.0397239
v -7.1125093 3.2288542 -1.9479579
v -7.1044555 3.2745316 -2.0397239
v -7.1044555 3.2745316 -1.9479579
v -7.0812645 3.3146996 -2.0397239
v -7.0812645 3.3146996 -1.9479579
v -7.0457335 3.3445134 -2.0397239
v -7.0457335 3.3445134 -1.9479579
v -7.0021486 3.3603768 -2.0397239
v -7.0021486 3.3603768 -1.9479579
v -6.9557667 3.3603768 -2.0397239
v -6.9557667 3.3603768 -1.9479579
v -6.9121819 3.3445134 -2.0397239
v -6.9121819 3.3445134 -1.9479579
v -6.8766508 3.3146996 -2.0397239
v -6.8766508 3.3146996 -1.9479579
v -6.8534598 3.2745316 -2.0397239
v -6.8534598 3.2745316 -1.9479579
v -6.4801702 2.6486130 -2.5743046
v -7.2289171 2.6486130 -2.5743046
v -6.4801702 2.6280580 -2.5316217
v -7.2289171 2.6280580 -2.5316217
v -6.4801702 2.5818715 -2.5210800
v -7.2289171 2.5818715 -2.5210800
v -6.4801702 2.5448327 -2.5506175
v -7.2289171 2.5448327 -2.5506175
v -6.4801702 2.5448327 -2.5979919
v -7.2289171 2.5448327 -2.5979919
v -6.4801702 2.5818715 -2.6275291
v -7.2289171 2.5818715 -2.6275291
v -6.4801702 2.6280580 -2.6169877
v -7.2289171 2.6280580 -2.6169877
v -6.7358236 3.6200683 -2.7619395
v -6.7358236 3.6200683 -2.6542654
v -6.7560940 3.5779767 -2.7619395
v -6.7560940 3.5779767 -2.6542654
v -6.8016405 3.5675809 -2.7619395
v -6.8016405 3.5675809 -2.6542654
v -6.8381662 3.5967093 -2.7619395
v -6.8381662 3.5967093 -2.6542654
v -6.8381662 3.6434274 -2.7619395
v -6.8381662 3.6434274 -2.6542654
v -6.8016405 3.6725554 -2.7619395
v -6.8016405 3.6725554 -2.6542654
v -6.7560940 3.6621599 -2.7619395
v -6.7560940 3.6621599 -2.6542654
v -6.7358236 3.6200683 -2.4906523
v -6.7560940 3.5779767 -2.4906523
v -6.8016405 3.5675809 -2.4906523
v -6.8381662 3.5967093 -2.4906523
v -6.8381662 3.6434274 -2.4906523
v -6.8016405 3.6725554 -2.4906523
v -6.7560940 3.6621599 -2.4906523
v -6.7358236 3.6200683 -2.4147687
v -6.7560940 3.5779767 -2.4147687
v -6.8016405 3.5675809 -2.4147687
v -6.8381662 3.5967093 -2.4147687
v -6.8381662 3.6434274 -2.4147687
v -6.8016405 3.6725554 -2.4147687
v -6.7560940 3.6621597 -2.4147687
v -6.7358236 3.6200683 -2.2588282
v -6.7560940 3.5779767 -2.2588282
v -6.8016405 3.5675809 -2.2588282
v -6.8381662 3.5967093 -2.2588282
v -6.8381662 3.6434274 -2.2588282
v -6.8016405 3.6725554 -2.2588282
v -6.7560940 3.6621597 -2.2588282
v -6.7712379 3.6200683 -2.1713972
v -6.7882757 3.5779767 -2.1823781
v -6.8265600 3.5675809 -2.2070522
v -6.8572617 3.5967093 -2.2268395
v -6.8572617 3.6434274 -2.2268395
v -6.8265600 3.6725554 -2.2070522
v -6.7882757 3.6621597 -2.1823781
v -6.8792138 3.6200683 -2.0999222
v -6.8794060 3.5779767 -2.1201916
v -6.8798375 3.5675809 -2.1657362
v -6.8801832 3.5967093 -2.2022603
v -6.8801832 3.6434274 -2.2022603
v -6.8798375 3.6725554 -2.1657362
v -6.8794060 3.6621597 -2.1201916
v -6.6451521 3.5764034 -2.4147687
v -6.6654224 3.5343118 -2.4147687
v -6.6451521 3.5764034 -2.2588282
v -6.6654224 3.5343118 -2.2588282
v -6.6423717 3.5750644 -2.6542654
v -6.6626420 3.5329728 -2.6542654
v -6.6423717 3.5750644 -2.4906523
v -6.6626420 3.5329728 -2.4906523
v -6.5284386 3.4711013 -2.3285336
v -6.5487089 3.4290097 -2.3285336
v -6.5284386 3.4711013 -2.2890801
v -6.5487089 3.4290097 -2.2890801
v -6.5377340 3.4755778 -2.5620592
v -6.5580044 3.4334862 -2.5620592
v -6.5377340 3.4755778 -2.5268755
v -6.5580044 3.4334862 -2.5268755
v -6.7358236 3.6659946 -2.8681459
v -6.7560940 3.6374190 -2.8990512
v -6.8016405 3.6303616 -2.9066842
v -6.8381662 3.6501365 -2.8852971
v -6.8381662 3.6818528 -2.8509951
v -6.8016405 3.7016277 -2.8296080
v -6.7560940 3.6945703 -2.8372407
v -6.8218079 3.8282995 -2.9818196
v -6.8509626 3.7997239 -3.0045352
v -6.8965373 3.7926664 -2.9970701
v -6.9242129 3.8124413 -2.9650450
v -6.9131494 3.8441577 -2.9325762
v -6.8716774 3.8639326 -2.9241128
v -6.8310266 3.8568752 -2.9460282
v -6.9034705 4.0527954 -3.1468010
v -6.9326253 4.0242195 -3.1695170
v -6.9782000 4.0171623 -3.1620517
v -7.0058756 4.0369368 -3.1300268
v -6.9948120 4.0686536 -3.0975578
v -6.9533401 4.0884285 -3.0890944
v -6.9126892 4.0813708 -3.1110096
v -6.9617801 4.2441444 -3.3174164
v -6.9909348 4.2109442 -3.3325922
v -7.0365095 4.2058892 -3.3236487
v -7.0641851 4.2327862 -3.2973204
v -7.0531216 4.2713814 -3.2734330
v -7.0116496 4.2926111 -3.2699745
v -6.9709988 4.2804899 -3.2895491
v -6.9823647 4.2944512 -3.3856144
v -7.0108886 4.2579494 -3.3916621
v -7.0575790 4.2569480 -3.3904150
v -7.0872774 4.2922015 -3.3828125
v -7.0776196 4.3371625 -3.3745790
v -7.0358787 4.3579750 -3.3719149
v -6.9934864 4.3389668 -3.3768260
v -6.9863696 4.3196311 -3.5124815
v -7.0140495 4.2831292 -3.5216477
v -7.0605917 4.2821279 -3.5255735
v -7.0909486 4.3173814 -3.5213029
v -7.0822611 4.3623428 -3.5120518
v -7.0410709 4.3831553 -3.5047863
v -6.9983950 4.3641467 -3.5049775
v -7.0038185 4.3057203 -4.1379056
v -7.0314984 4.2685194 -4.1436052
v -7.0780406 4.2671542 -4.1474199
v -7.1083975 4.3026524 -4.1464767
v -7.0997100 4.3482838 -4.1414862
v -7.0585198 4.3696861 -4.1362062
v -7.0158443 4.3507438 -4.1346126
v -7.1689372 4.3473434 -4.3701634
v -6.8807917 3.5863736 -4.5068870
v -7.1584430 4.3516388 -3.3384228
v -6.8807917 3.5863736 -4.0724535
v -7.1011105 4.2088332 -3.1306801
v -6.8807917 3.5863736 -3.1977072
v -6.7409787 3.5570791 -4.0728197
v -6.7409787 3.5570791 -4.7381759
v -6.7810235 3.5460377 -4.8253517
v -7.0369883 4.0130315 -2.9991724
v -6.8807917 3.5863736 -2.7954805
v -6.8379788 3.3526516 -4.0724535
v -6.8379788 3.3526516 -3.1977072
v -6.7719483 3.0988317 -4.0724535
v -6.6882811 3.4843636 -4.0727291
v -6.6882811 3.4843636 -4.8253517
v -6.9806800 3.7943165 -2.8744211
v -6.7478108 3.5585105 -3.1978986
v -6.7719483 3.0988317 -3.1977072
v -6.6882811 2.9324186 -4.0706782
v -6.6882811 3.4763680 -3.1980345
v -6.6882811 3.4763680 -2.0857563
v -6.7487884 3.5460377 -2.0857563
v -6.6882811 2.9332938 -3.1984274
v -6.6882811 2.8272333 -4.8253517
v -6.6882811 2.8272333 -2.0857563
v -6.8683267 2.8272333 -2.0857563
v -6.8696408 2.9724677 -2.0857563
v -7.5011063 4.5829597 -3.6422558
v -7.5011697 4.5814815 -3.9973373
v -6.9538441 2.9723880 -1.8329450
v -6.9163489 2.9724236 -1.8508276
v -6.8851719 2.9724531 -1.8867253
v -6.8696408 2.9724677 -1.9298978
v -6.8683267 2.8272333 -1.9298978
v -6.8838577 2.8272333 -1.8867253
v -6.9150352 2.8272333 -1.8508276
v -6.9525304 2.8272333 -1.8329450
v -7.2755036 4.3504415 -3.6421859
v -7.2753649 4.3489347 -3.9971201
v -7.5011697 4.3488979 -3.9966815
v -7.2753649 4.5815177 -3.9977760
v -7.2755036 4.5830245 -3.6439950
v -7.5011063 4.3503766 -3.6415999
v -6.9948058 2.8272333 -2.3690858
v -6.9875040 2.8272333 -4.4672971
v -6.9881439 2.4085331 -4.3067665
v -6.9875040 2.5690598 -4.4672971
v -6.9948058 2.5690598 -2.3690858
v -6.9941654 2.4085331 -2.5296121
v -7.0200567 4.2986813 -4.3800201
v -7.0482216 4.2614803 -4.3776970
v -7.0939555 4.2601151 -4.3682556
v -7.1228194 4.2956133 -4.3588052
v -7.1130781 4.3412447 -4.3564620
v -7.0720673 4.3626471 -4.3629909
v -7.0306687 4.3437047 -4.3734751
v -7.0849552 4.3047862 -4.4740105
v -7.1049905 4.2675853 -4.4540796
v -7.1338687 4.2662201 -4.4173808
v -7.1498432 4.3017182 -4.3915501
v -7.1408858 4.3473496 -4.3960376
v -7.1137409 4.3687520 -4.4274650
v -7.0888495 4.3498096 -4.4621658
v -7.1885519 4.3107147 -4.4996057
v -7.1873956 4.2729907 -4.4720707
v -7.1858935 4.2710156 -4.4254189
v -7.1851754 4.3062758 -4.3947792
v -7.1857834 4.3522201 -4.4032249
v -7.1872587 4.3742514 -4.4443955
v -7.1884909 4.3557796 -4.4872890
v -7.4474854 4.5533028 -3.7270470
v -7.3223362 4.5533080 -3.7258391
v -7.3217006 4.5525846 -3.8996418
v -7.4477191 4.5525770 -3.8983381
v -6.4801702 2.6486132 -4.3129659
v -7.2289171 2.6486132 -4.3129659
v -6.4801702 2.6280582 -4.2702827
v -7.2289171 2.6280582 -4.2702827
v -6.4801702 2.5818715 -4.2597408
v -7.2289171 2.5818715 -4.2597408
v -6.4801702 2.5448327 -4.2892785
v -7.2289171 2.5448327 -4.2892785
v -6.4801702 2.5448327 -4.3366528
v -7.2289171 2.5448327 -4.3366528
v -6.4801702 2.5818715 -4.3661904
v -7.2289171 2.5818715 -4.3661904
v -6.4801702 2.6280582 -4.3556485
v -7.2289171 2.6280582 -4.3556485
v -7.4474931 4.7840996 -3.7681816
v -7.3223433 4.7841048 -3.7675452
v -7.3217082 4.7833815 -3.8591385
v -7.4477262 4.7833738 -3.8584516
v -7.3096905 4.6912961 -4.1166468
v -7.3096905 4.6912961 -3.4663603
v -7.3013172 4.6438088 -4.1166468
v -7.3013172 4.6438084 -3.4663603
v -7.2772069 4.6020489 -4.1166468
v -7.2772069 4.6020489 -3.4663603
v -7.2402682 4.5710535 -4.1166468
v -7.2402682 4.5710535 -3.4663603
v -7.1949563 4.5545611 -4.1166468
v -7.1949563 4.5545611 -3.4663603
v -7.1949563 4.8280311 -4.1166468
v -7.1949563 4.8280311 -3.4663603
v -7.2402682 4.8115387 -4.1166468
v -7.2402682 4.8115387 -3.4663603
v -7.2772069 4.7805438 -4.1166468
v -7.2772069 4.7805438 -3.4663603
v -7.3013172 4.7387838 -4.1166468
v -7.3013172 4.7387838 -3.4663603
v -7.2624788 4.6912961 -3.4663603
v -7.2569523 4.6599560 -3.4663603
v -7.2410407 4.6323957 -3.4663603
v -7.2166624 4.6119404 -3.4663603
v -7.1867580 4.6010556 -3.4663603
v -7.1867580 4.7815366 -3.4663603
v -7.2166624 4.7706523 -3.4663603
v -7.2410407 4.7501965 -3.4663603
v -7.2569523 4.7226362 -3.4663603
v -7.2624784 4.6912961 -2.7855055
v -7.2569523 4.6599560 -2.7855055
v -7.2410407 4.6323957 -2.7855055
v -7.2166624 4.6119399 -2.7855055
v -7.1867580 4.6010556 -2.7855055
v -7.1867580 4.7815366 -2.7855055
v -7.2166624 4.7706523 -2.7855055
v -7.2410407 4.7501965 -2.7855055
v -7.2569523 4.7226362 -2.7855055
v -7.1088471 4.6912961 -2.7855055
v -7.1125593 4.6702409 -2.7855055
v -7.1232495 4.6517253 -2.7855055
v -7.1396275 4.6379828 -2.7855055
v -7.1597180 4.6306705 -2.7855055
v -7.1597180 4.7519217 -2.7855055
v -7.1396275 4.7446098 -2.7855055
v -7.1232495 4.7308669 -2.7855055
v -7.1125593 4.7123513 -2.7855055
v -7.2323213 4.6912961 -2.7855055
v -7.2286086 4.6702409 -2.7855055
v -7.2179184 4.6517253 -2.7855055
v -7.2015405 4.6379828 -2.7855055
v -7.1814499 4.6306701 -2.7855055
v -7.1814499 4.7519217 -2.7855055
v -7.2015405 4.7446094 -2.7855055
v -7.2179184 4.7308669 -2.7855055
v -7.2286086 4.7123513 -2.7855055
v -7.1088471 4.6912961 -3.3107281
v -7.1125593 4.6702409 -3.3107281
v -7.1232495 4.6517253 -3.3107281
v -7.1396275 4.6379828 -3.3107281
v -7.1597180 4.6306705 -3.3107281
v -7.1597180 4.7519217 -3.3107281
v -7.1396275 4.7446098 -3.3107281
v -7.1232495 4.7308669 -3.3107281
v -7.1125593 4.7123513 -3.3107281
v -7.2323213 4.6912961 -3.3107281
v -7.2286086 4.6702409 -3.3107281
v -7.2179184 4.6517253 -3.3107281
v -7.2015405 4.6379828 -3.3107281
v -7.1814499 4.6306701 -3.3107281
v -7.1814499 4.7519217 -3.3107281
v -7.2015405 4.7446094 -3.3107281
v -7.2179184 4.7308669 -3.3107281
v -7.2286086 4.7123513 -3.3107281
v -8.2144699 4.6912961 -4.1166468
v -8.2144699 4.6912961 -3.4663603
v -8.2060966 4.6438088 -4.1166468
v -8.2060966 4.6438084 -3.4663603
v -8.1819868 4.6020489 -4.1166468
v -8.1819868 4.6020489 -3.4663603
v -8.1450481 4.5710535 -4.1166468
v -8.1450481 4.5710535 -3.4663603
v -8.0997362 4.5545611 -4.1166468
v -8.0997362 4.5545611 -3.4663603
v -8.0997362 4.8280311 -4.1166468
v -8.0997362 4.8280311 -3.4663603
v -8.1450481 4.8115387 -4.1166468
v -8.1450481 4.8115387 -3.4663603
v -8.1819868 4.7805438 -4.1166468
v -8.1819868 4.7805438 -3.4663603
v -8.2060966 4.7387838 -4.1166468
v -8.2060966 4.7387838 -3.4663603
v -8.1672583 4.6912961 -3.4663603
v -8.1617327 4.6599560 -3.4663603
v -8.1458206 4.6323957 -3.4663603
v -8.1214418 4.6119404 -3.4663603
v -8.0915375 4.6010556 -3.4663603
v -8.0915375 4.7815366 -3.4663603
v -8.1214418 4.7706523 -3.4663603
v -8.1458206 4.7501965 -3.4663603
v -8.1617327 4.7226362 -3.4663603
v -8.1672583 4.6912961 -2.7855055
v -8.1617327 4.6599560 -2.7855055
v -8.1458206 4.6323957 -2.7855055
v -8.1214418 4.6119399 -2.7855055
v -8.0915375 4.6010556 -2.7855055
v -8.0915375 4.7815366 -2.7855055
v -8.1214418 4.7706523 -2.7855055
v -8.1458206 4.7501965 -2.7855055
v -8.1617327 4.7226362 -2.7855055
v -8.4005423 3.2288542 -2.0397239
v -8.4005423 3.2288542 -1.9479579
v -8.3924875 3.1831768 -2.0397239
v -8.3924875 3.1831768 -1.9479579
v -8.3692970 3.1430087 -2.0397239
v -8.3692970 3.1430087 -1.9479579
v -8.3337660 3.1131949 -2.0397239
v -8.3337660 3.1131949 -1.9479579
v -8.2901812 3.0973313 -2.0397239
v -8.2901812 3.0973313 -1.9479579
v -8.2437992 3.0973313 -2.0397239
v -8.2437992 3.0973313 -1.9479579
v -8.2002144 3.1131949 -2.0397239
v -8.2002144 3.1131949 -1.9479579
v -8.1646833 3.1430087 -2.0397239
v -8.1646833 3.1430087 -1.9479579
v -8.1414928 3.1831768 -2.0397239
v -8.1414928 3.1831768 -1.9479579
v -8.1334381 3.2288542 -2.0397239
v -8.1334381 3.2288542 -1.9479579
v -8.1414928 3.2745316 -2.0397239
v -8.1414928 3.2745316 -1.9479579
v -8.1646833 3.3146996 -2.0397239
v -8.1646833 3.3146996 -1.9479579
v -8.2002144 3.3445134 -2.0397239
v -8.2002144 3.3445134 -1.9479579
v -8.2437992 3.3603768 -2.0397239
v -8.2437992 3.3603768 -1.9479579
v -8.2901812 3.3603768 -2.0397239
v -8.2901812 3.3603768 -1.9479579
v -8.3337660 3.3445134 -2.0397239
v -8.3337660 3.3445134 -1.9479579
v -8.3692970 3.3146996 -2.0397239
v -8.3692970 3.3146996 -1.9479579
v -8.3924875 3.2745316 -2.0397239
v -8.3924875 3.2745316 -1.9479579
v -8.7657776 2.6486130 -2.5743046
v -8.0170307 2.6486130 -2.5743046
v -8.7657776 2.6280580 -2.5316217
v -8.0170307 2.6280580 -2.5316217
v -8.7657776 2.5818715 -2.5210800
v -8.0170307 2.5818715 -2.5210800
v -8.7657776 2.5448327 -2.5506175
v -8.0170307 2.5448327 -2.5506175
v -8.7657776 2.5448327 -2.5979919
v -8.0170307 2.5448327 -2.5979919
v -8.7657776 2.5818715 -2.6275291
v -8.0170307 2.5818715 -2.6275291
v -8.7657776 2.6280580 -2.6169877
v -8.0170307 2.6280580 -2.6169877
v -8.5101242 3.6200683 -2.7619395
v -8.5101242 3.6200683 -2.6542654
v -8.4898539 3.5779767 -2.7619395
v -8.4898539 3.5779767 -2.6542654
v -8.4443073 3.5675809 -2.7619395
v -8.4443073 3.5675809 -2.6542654
v -8.4077816 3.5967093 -2.7619395
v -8.4077816 3.5967093 -2.6542654
v -8.4077816 3.6434274 -2.7619395
v -8.4077816 3.6434274 -2.6542654
v -8.4443073 3.6725554 -2.7619395
v -8.4443073 3.6725554 -2.6542654
v -8.4898539 3.6621599 -2.7619395
v -8.4898539 3.6621599 -2.6542654
v -8.5101242 3.6200683 -2.4906523
v -8.4898539 3.5779767 -2.4906523
v -8.4443073 3.5675809 -2.4906523
v -8.4077816 3.5967093 -2.4906523
v -8.4077816 3.6434274 -2.4906523
v -8.4443073 3.6725554 -2.4906523
v -8.4898539 3.6621599 -2.4906523
v -8.5101242 3.6200683 -2.4147687
v -8.4898539 3.5779767 -2.4147687
v -8.4443073 3.5675809 -2.4147687
v -8.4077816 3.5967093 -2.4147687
v -8.4077816 3.6434274 -2.4147687
v -8.4443073 3.6725554 -2.4147687
v -8.4898539 3.6621597 -2.4147687
v -8.5101242 3.6200683 -2.2588282
v -8.4898539 3.5779767 -2.2588282
v -8.4443073 3.5675809 -2.2588282
v -8.4077816 3.5967093 -2.2588282
v -8.4077816 3.6434274 -2.2588282
v -8.4443073 3.6725554 -2.2588282
v -8.4898539 3.6621597 -2.2588282
v -8.4747105 3.6200683 -2.1713972
v -8.4576721 3.5779767 -2.1823781
v -8.4193878 3.5675809 -2.2070522
v -8.3886862 3.5967093 -2.2268395
v -8.3886862 3.6434274 -2.2268395
v -8.4193878 3.6725554 -2.2070522
v -8.4576721 3.6621597 -2.1823781
v -8.3667336 3.6200683 -2.0999222
v -8.3665419 3.5779767 -2.1201916
v -8.3661108 3.5675809 -2.1657362
v -8.3657646 3.5967093 -2.2022603
v -8.3657646 3.6434274 -2.2022603
v -8.3661108 3.6725554 -2.1657362
v -8.3665419 3.6621597 -2.1201916
v -7.6229739 3.6200686 -2.0941665
v -7.6229739 3.5779769 -2.1144357
v -7.6229739 3.5675812 -2.1599805
v -7.6229739 3.5967095 -2.1965046
v -7.6229739 3.6434276 -2.1965046
v -7.6229739 3.6725557 -2.1599805
v -7.6229739 3.6621599 -2.1144357
v -8.6007957 3.5764034 -2.4147687
v -8.5805254 3.5343118 -2.4147687
v -8.6007957 3.5764034 -2.2588282
v -8.5805254 3.5343118 -2.2588282
v -8.6035767 3.5750644 -2.6542654
v -8.5833063 3.5329728 -2.6542654
v -8.6035767 3.5750644 -2.4906523
v -8.5833063 3.5329728 -2.4906523
v -8.7175093 3.4711013 -2.3285336
v -8.6972389 3.4290097 -2.3285336
v -8.7175093 3.4711013 -2.2890801
v -8.6972389 3.4290097 -2.2890801
v -8.7082138 3.4755778 -2.5620592
v -8.6879435 3.4334862 -2.5620592
v -8.7082138 3.4755778 -2.5268755
v -8.6879435 3.4334862 -2.5268755
v -8.5101242 3.6659946 -2.8681459
v -8.4898539 3.6374190 -2.8990512
v -8.4443073 3.6303616 -2.9066842
v -8.4077816 3.6501365 -2.8852971
v -8.4077816 3.6818528 -2.8509951
v -8.4443073 3.7016277 -2.8296080
v -8.4898539 3.6945703 -2.8372407
v -8.4241400 3.8282995 -2.9818196
v -8.3949852 3.7997239 -3.0045352
v -8.3494110 3.7926664 -2.9970701
v -8.3217354 3.8124413 -2.9650450
v -8.3327990 3.8441577 -2.9325762
v -8.3742704 3.8639326 -2.9241128
v -8.4149208 3.8568752 -2.9460282
v -8.3424778 4.0527954 -3.1468010
v -8.3133221 4.0242195 -3.1695170
v -8.2677479 4.0171623 -3.1620517
v -8.2400723 4.0369368 -3.1300268
v -8.2511358 4.0686536 -3.0975578
v -8.2926073 4.0884285 -3.0890944
v -8.3332586 4.0813708 -3.1110096
v -8.2841682 4.2441444 -3.3174164
v -8.2550125 4.2109442 -3.3325922
v -8.2094383 4.2058892 -3.3236487
v -8.1817627 4.2327862 -3.2973204
v -8.1928263 4.2713814 -3.2734330
v -8.2342978 4.2926111 -3.2699745
v -8.2749491 4.2804899 -3.2895491
v -8.2635832 4.2944512 -3.3856144
v -8.2350597 4.2579494 -3.3916621
v -8.1883688 4.2569480 -3.3904150
v -8.1586704 4.2922015 -3.3828125
v -8.1683283 4.3371625 -3.3745790
v -8.2100687 4.3579750 -3.3719149
v -8.2524614 4.3389668 -3.3768260
v -8.2595787 4.3196311 -3.5124815
v -8.2318983 4.2831292 -3.5216477
v -8.1853561 4.2821279 -3.5255735
v -8.1549997 4.3173814 -3.5213029
v -8.1636868 4.3623428 -3.5120518
v -8.2048769 4.3831553 -3.5047863
v -8.2475529 4.3641467 -3.5049775
v -8.2421293 4.3057203 -4.1379056
v -8.2144499 4.2685194 -4.1436052
v -8.1679077 4.2671542 -4.1474199
v -8.1375504 4.3026524 -4.1464767
v -8.1462383 4.3482838 -4.1414862
v -8.1874275 4.3696861 -4.1362062
v -8.2301035 4.3507438 -4.1346126
v -8.0770111 4.3473434 -4.3701634
v -8.3651562 3.5863736 -4.5068870
v -7.6229739 3.5863736 -4.5068870
v -7.6229739 4.3473434 -4.3701634
v -8.0875044 4.3516388 -3.3384228
v -7.6229739 4.3516388 -3.3384228
v -8.3651562 3.5863736 -4.0724535
v -8.1448374 4.2088332 -3.1306801
v -8.3651562 3.5863736 -3.1977072
v -8.5049686 3.5570791 -4.0728197
v -8.5049686 3.5570791 -4.7381759
v -8.4649239 3.5460377 -4.8253517
v -7.6229739 3.5460377 -4.8253517
v -8.2089596 4.0130315 -2.9991724
v -8.3651562 3.5863736 -2.7954805
v -8.4079685 3.3526516 -4.0724535
v -8.4079685 3.3526516 -3.1977072
v -8.4739990 3.0988317 -4.0724535
v -8.5576668 3.4843636 -4.0727291
v -8.5576668 3.4843636 -4.8253517
v -8.2652683 3.7943165 -2.8744211
v -8.4981375 3.5585105 -3.1978986
v -8.4739990 3.0988317 -3.1977072
v -8.5576668 2.9324186 -4.0706782
v -7.6229739 3.5863736 -2.7954805
v -8.5576668 3.4763680 -3.1980345
v -8.5576668 3.4763680 -2.0857563
v -8.4971600 3.5460377 -2.0857563
v -8.5576668 2.9332938 -3.1984274
v -8.5576668 2.8272333 -4.8253517
v -7.6229739 2.8272333 -4.8253517
v -7.6229739 3.5460377 -2.0857563
v -8.5576668 2.8272333 -2.0857563
v -7.6229739 2.8272333 -2.0857563
v -7.6229739 2.9717629 -2.0857563
v -8.3776207 2.8272333 -2.0857563
v -7.6229739 2.9717629 -1.8329450
v -7.6229739 2.8272333 -1.8329450
v -8.3763075 2.9724677 -2.0857563
v -7.6229739 2.8272333 -2.3699877
v -7.6229739 2.8272333 -4.4647360
v -7.7448416 4.5829597 -3.6422558
v -7.7447782 4.5814815 -3.9973373
v -8.2921038 2.9723880 -1.8329450
v -8.3295994 2.9724236 -1.8508276
v -8.3607759 2.9724531 -1.8867253
v -8.3763075 2.9724677 -1.9298978
v -8.3776207 2.8272333 -1.9298978
v -8.3620901 2.8272333 -1.8867253
v -8.3309126 2.8272333 -1.8508276
v -8.2934170 2.8272333 -1.8329450
v -7.9704442 4.3504415 -3.6421859
v -7.9705830 4.3489347 -3.9971201
v -7.7447782 4.3488979 -3.9966815
v -7.9705830 4.5815177 -3.9977760
v -7.9704442 4.5830245 -3.6439950
v -7.7448416 4.3503766 -3.6415999
v -8.2511425 2.8272333 -2.3690858
v -8.2584438 2.8272333 -4.4672971
v -8.2578039 2.4085331 -4.3067665
v -8.2584438 2.5690598 -4.4672971
v -8.2511425 2.5690598 -2.3690858
v -8.2517824 2.4085331 -2.5296121
v -7.6229739 2.5690598 -4.4647360
v -7.6229739 2.4085331 -4.3042078
v -7.6229739 2.4085331 -2.5305147
v -7.6229739 2.5690598 -2.3699877
v -8.2258911 4.2986813 -4.3800201
v -8.1977262 4.2614803 -4.3776970
v -8.1519928 4.2601151 -4.3682556
v -8.1231289 4.2956133 -4.3588052
v -8.1328697 4.3412447 -4.3564620
v -8.1738806 4.3626471 -4.3629909
v -8.2152786 4.3437047 -4.3734751
v -8.1609926 4.3047862 -4.4740105
v -8.1409569 4.2675853 -4.4540796
v -8.1120796 4.2662201 -4.4173808
v -8.0961046 4.3017182 -4.3915501
v -8.1050615 4.3473496 -4.3960376
v -8.1322069 4.3687520 -4.4274650
v -8.1570978 4.3498096 -4.4621658
v -8.0573959 4.3107147 -4.4996057
v -8.0585518 4.2729907 -4.4720707
v -8.0600548 4.2710156 -4.4254189
v -8.0607719 4.3062758 -4.3947792
v -8.0601645 4.3522201 -4.4032249
v -8.0586891 4.3742514 -4.4443955
v -8.0574570 4.3557796 -4.4872890
v -7.6229739 4.3077888 -4.4869304
v -7.6229739 4.2700648 -4.4593954
v -7.6229739 4.2680898 -4.4127436
v -7.6229739 4.3033500 -4.3821039
v -7.6229739 4.3492942 -4.3905497
v -7.6229739 4.3713255 -4.4317203
v -7.6229739 4.3528538 -4.4746137
v -7.7984624 4.5533028 -3.7270470
v -7.9236116 4.5533080 -3.7258391
v -7.9242473 4.5525846 -3.8996418
v -7.7982287 4.5525770 -3.8983381
v -8.7657776 2.6486132 -4.3129659
v -8.0170307 2.6486132 -4.3129659
v -8.7657776 2.6280582 -4.2702827
v -8.0170307 2.6280582 -4.2702827
v -8.7657776 2.5818715 -4.2597408
v -8.0170307 2.5818715 -4.2597408
v -8.7657776 2.5448327 -4.2892785
v -8.0170307 2.5448327 -4.2892785
v -8.7657776 2.5448327 -4.3366528
v -8.0170307 2.5448327 -4.3366528
v -8.7657776 2.5818715 -4.3661904
v -8.0170307 2.5818715 -4.3661904
v -8.7657776 2.6280582 -4.3556485
v -8.0170307 2.6280582 -4.3556485
v -7.6229739 4.2736421 -3.2302577
v -7.6229739 4.2036200 -3.1287010
v -7.6229739 4.0970764 -3.0588546
v -7.6229739 4.0013227 -2.9947274
v -7.6229739 3.7999275 -2.8765514
v -7.6229739 3.9030561 -2.9354191
v -7.7984548 4.7840996 -3.7681816
v -7.9236045 4.7841048 -3.7675452
v -7.9242396 4.7833815 -3.8591385
v -7.7982216 4.7833738 -3.8584516
v -7.9362574 4.6912961 -4.1166468
v -7.9362574 4.6912961 -3.4663603
v -7.9446306 4.6438088 -4.1166468
v -7.9446306 4.6438084 -3.4663603
v -7.9687409 4.6020489 -4.1166468
v -7.9687409 4.6020489 -3.4663603
v -8.0056801 4.5710535 -4.1166468
v -8.0056801 4.5710535 -3.4663603
v -8.0509920 4.5545611 -4.1166468
v -8.0509920 4.5545611 -3.4663603
v -8.0509920 4.8280311 -4.1166468
v -8.0509920 4.8280311 -3.4663603
v -8.0056801 4.8115387 -4.1166468
v -8.0056801 4.8115387 -3.4663603
v -7.9687409 4.7805438 -4.1166468
v -7.9687409 4.7805438 -3.4663603
v -7.9446306 4.7387838 -4.1166468
v -7.9446306 4.7387838 -3.4663603
v -7.9834690 4.6912961 -3.4663603
v -7.9889956 4.6599560 -3.4663603
v -8.0049076 4.6323957 -3.4663603
v -8.0292854 4.6119404 -3.4663603
v -8.0591898 4.6010556 -3.4663603
v -8.0591898 4.7815366 -3.4663603
v -8.0292854 4.7706523 -3.4663603
v -8.0049076 4.7501965 -3.4663603
v -7.9889956 4.7226362 -3.4663603
v -7.9834695 4.6912961 -2.7855055
v -7.9889956 4.6599560 -2.7855055
v -8.0049076 4.6323957 -2.7855055
v -8.0292854 4.6119399 -2.7855055
v -8.0591898 4.6010556 -2.7855055
v -8.0591898 4.7815366 -2.7855055
v -8.0292854 4.7706523 -2.7855055
v -8.0049076 4.7501965 -2.7855055
v -7.9889956 4.7226362 -2.7855055
v -8.1371012 4.6912961 -2.7855055
v -8.1333885 4.6702409 -2.7855055
v -8.1226988 4.6517253 -2.7855055
v -8.1063204 4.6379828 -2.7855055
v -8.0862303 4.6306705 -2.7855055
v -8.0862303 4.7519217 -2.7855055
v -8.1063204 4.7446098 -2.7855055
v -8.1226988 4.7308669 -2.7855055
v -8.1333885 4.7123513 -2.7855055
v -8.0136271 4.6912961 -2.7855055
v -8.0173397 4.6702409 -2.7855055
v -8.0280294 4.6517253 -2.7855055
v -8.0444069 4.6379828 -2.7855055
v -8.0644979 4.6306701 -2.7855055
v -8.0644979 4.7519217 -2.7855055
v -8.0444069 4.7446094 -2.7855055
v -8.0280294 4.7308669 -2.7855055
v -8.0173397 4.7123513 -2.7855055
v -8.1371012 4.6912961 -3.3107281
v -8.1333885 4.6702409 -3.3107281
v -8.1226988 4.6517253 -3.3107281
v -8.1063204 4.6379828 -3.3107281
v -8.0862303 4.6306705 -3.3107281
v -8.0862303 4.7519217 -3.3107281
v -8.1063204 4.7446098 -3.3107281
v -8.1226988 4.7308669 -3.3107281
v -8.1333885 4.7123513 -3.3107281
v -8.0136271 4.6912961 -3.3107281
v -8.0173397 4.6702409 -3.3107281
v -8.0280294 4.6517253 -3.3107281
v -8.0444069 4.6379828 -3.3107281
v -8.0644979 4.6306701 -3.3107281
v -8.0644979 4.7519217 -3.3107281
v -8.0444069 4.7446094 -3.3107281
v -8.0280294 4.7308669 -3.3107281
v -8.0173397 4.7123513 -3.3107281
f 2 3 1
f 4 5 3
f 6 7 5
f 8 9 7
f 12 13 11
f 14 15 13
f 18 1 17
f 16 17 15
f 16 25 26
f 4 19 20
f 6 22 8
f 16 27 18
f 8 23 10
f 12 25 14
f 18 19 2
f 4 21 6
f 25 35 26
f 22 30 31
f 19 29 20
f 27 35 36
f 22 32 23
f 24 34 25
f 20 30 21
f 27 28 19
f 38 39 37
f 40 41 39
f 42 43 41
f 44 45 43
f 46 47 45
f 48 49 47
f 50 51 49
f 52 53 51
f 54 55 53
f 56 57 55
f 58 59 57
f 60 61 59
f 62 63 61
f 64 65 63
f 66 67 65
f 68 69 67
f 42 70 54
f 72 37 71
f 70 71 69
f 73 76 75
f 76 77 75
f 78 79 77
f 80 81 79
f 82 83 81
f 78 74 84
f 86 73 85
f 84 85 83
f 79 81 83
f 88 89 87
f 90 91 89
f 91 94 93
f 93 96 95
f 95 98 97
f 88 107 101
f 100 87 99
f 98 99 97
f 87 158 99
f 107 108 101
f 100 106 107
f 96 106 98
f 96 104 105
f 92 104 94
f 92 102 103
f 102 141 143
f 114 115 108
f 106 114 107
f 105 113 106
f 104 112 105
f 103 111 104
f 103 109 110
f 101 109 102
f 121 122 115
f 113 121 114
f 112 120 113
f 111 119 112
f 110 118 111
f 110 116 117
f 116 137 139
f 122 135 129
f 120 128 121
f 119 127 120
f 118 126 119
f 118 124 125
f 117 123 124
f 116 122 123
f 129 507 501
f 128 134 135
f 127 133 134
f 126 132 133
f 124 132 125
f 123 131 124
f 122 130 123
f 135 506 507
f 134 505 506
f 133 504 505
f 131 504 132
f 130 503 131
f 129 502 130
f 139 145 147
f 115 136 108
f 115 139 138
f 108 137 109
f 143 149 151
f 101 140 88
f 101 143 142
f 88 141 90
f 145 146 147
f 138 144 136
f 139 146 138
f 137 144 145
f 149 150 151
f 142 148 140
f 143 150 142
f 141 148 149
f 158 159 165
f 99 157 97
f 95 157 156
f 93 156 155
f 91 155 154
f 91 153 89
f 89 152 87
f 165 166 172
f 157 165 164
f 156 164 163
f 156 162 155
f 155 161 154
f 154 160 153
f 153 159 152
f 172 173 179
f 164 172 171
f 163 171 170
f 163 169 162
f 162 168 161
f 161 167 160
f 159 167 166
f 179 180 186
f 171 179 178
f 171 177 170
f 170 176 169
f 169 175 168
f 168 174 167
f 166 174 173
f 186 187 193
f 178 186 185
f 178 184 177
f 177 183 176
f 176 182 175
f 175 181 174
f 173 181 180
f 187 200 193
f 185 193 192
f 184 192 191
f 183 191 190
f 183 189 182
f 182 188 181
f 181 187 180
f 194 257 200
f 192 200 199
f 191 199 198
f 190 198 197
f 189 197 196
f 189 195 188
f 188 194 187
f 201 575 576
f 217 211 206
f 201 241 240
f 218 221 224
f 218 224 219
f 206 218 219
f 206 219 213
f 216 220 225
f 224 225 220
f 224 222 226
f 220 215 207
f 214 220 207
f 214 207 204
f 212 214 204
f 637 250 638
f 209 225 603
f 219 212 213
f 213 204 206
f 219 220 214
f 223 221 218
f 228 227 226
f 208 216 209
f 215 208 207
f 202 204 207
f 585 202 209
f 218 211 223
f 604 211 597
f 236 237 238
f 228 235 227
f 243 273 229
f 231 610 238
f 233 237 236
f 234 236 235
f 238 232 231
f 233 234 231
f 241 576 578
f 239 229 244
f 244 230 241
f 240 243 239
f 240 230 242
f 250 247 246
f 603 225 246
f 612 249 245
f 247 636 248
f 638 249 639
f 246 636 613
f 251 264 257
f 200 256 199
f 198 256 255
f 197 255 254
f 196 254 253
f 196 252 195
f 195 251 194
f 264 265 271
f 256 264 263
f 255 263 262
f 255 261 254
f 254 260 253
f 253 259 252
f 252 258 251
f 271 661 667
f 263 271 270
f 262 270 269
f 262 268 261
f 261 267 260
f 260 266 259
f 259 265 258
f 270 667 666
f 269 666 665
f 268 665 664
f 268 663 267
f 267 662 266
f 266 661 265
f 229 272 275
f 276 279 278
f 279 280 278
f 281 282 280
f 283 284 282
f 285 286 284
f 287 285 283
f 289 276 288
f 287 288 286
f 278 282 286
f 272 293 275
f 291 293 290
f 275 292 274
f 273 292 291
f 272 291 290
f 296 295 294
f 298 297 296
f 300 299 298
f 302 301 300
f 306 305 304
f 308 307 306
f 294 311 310
f 310 309 308
f 309 318 307
f 297 312 295
f 315 299 301
f 320 309 311
f 316 301 303
f 307 317 305
f 312 311 295
f 314 297 299
f 328 318 319
f 324 314 315
f 322 312 313
f 329 319 320
f 325 315 316
f 327 317 318
f 323 313 314
f 321 320 312
f 304 12 11
f 305 24 12
f 317 33 24
f 10 302 9
f 316 10 23
f 325 23 32
f 35 338 36
f 339 329 321
f 33 336 34
f 346 327 328
f 31 332 333
f 325 342 324
f 29 330 331
f 323 340 322
f 36 330 28
f 34 337 35
f 347 328 329
f 32 333 334
f 345 326 327
f 32 343 325
f 30 331 332
f 324 341 323
f 322 339 321
f 326 335 33
f 335 354 336
f 357 347 339
f 332 351 333
f 364 345 346
f 330 349 331
f 361 342 343
f 359 340 341
f 338 348 330
f 344 353 335
f 336 355 337
f 333 352 334
f 365 346 347
f 331 350 332
f 363 344 345
f 360 341 342
f 358 339 340
f 334 361 343
f 337 356 338
f 351 349 354
f 11 15 9
f 205 686 687
f 686 203 578
f 210 688 689
f 688 205 687
f 691 210 689
f 690 217 210
f 597 217 690
f 368 367 366
f 370 369 368
f 372 371 370
f 374 373 372
f 378 377 376
f 380 379 378
f 366 383 382
f 382 381 380
f 381 390 379
f 369 384 367
f 387 371 373
f 392 381 383
f 388 373 375
f 390 377 379
f 384 383 367
f 386 369 371
f 400 390 391
f 387 395 386
f 385 393 384
f 392 400 391
f 397 387 388
f 399 389 390
f 395 385 386
f 393 392 384
f 404 403 402
f 406 405 404
f 408 407 406
f 410 409 408
f 412 411 410
f 414 413 412
f 416 415 414
f 418 417 416
f 420 419 418
f 422 421 420
f 424 423 422
f 426 425 424
f 428 427 426
f 430 429 428
f 432 431 430
f 434 433 432
f 431 435 411
f 402 437 436
f 436 435 434
f 438 441 439
f 442 441 440
f 444 443 442
f 446 445 444
f 448 447 446
f 449 451 443
f 438 451 450
f 450 449 448
f 446 444 442
f 454 453 452
f 456 455 454
f 456 459 457
f 458 461 459
f 460 463 461
f 453 472 465
f 452 465 464
f 464 463 462
f 530 452 464
f 473 472 466
f 465 471 463
f 471 461 463
f 470 459 461
f 469 457 459
f 468 455 457
f 467 513 455
f 480 479 473
f 479 471 472
f 478 470 471
f 477 469 470
f 476 468 469
f 468 474 467
f 474 466 467
f 487 486 480
f 486 478 479
f 485 477 478
f 484 476 477
f 483 475 476
f 475 481 474
f 481 509 474
f 487 500 493
f 493 485 486
f 492 484 485
f 491 483 484
f 483 489 482
f 482 488 481
f 481 487 480
f 494 507 500
f 493 499 492
f 492 498 491
f 498 490 491
f 497 489 490
f 496 488 489
f 495 487 488
f 501 503 505
f 500 506 499
f 499 505 498
f 505 497 498
f 504 496 497
f 503 495 496
f 502 494 495
f 511 517 509
f 508 480 473
f 480 511 481
f 509 473 474
f 515 521 513
f 512 466 453
f 466 515 467
f 513 453 455
f 519 516 517
f 516 510 508
f 518 511 510
f 509 516 508
f 521 522 520
f 520 514 512
f 522 515 514
f 513 520 512
f 530 531 524
f 529 464 462
f 460 529 462
f 458 528 460
f 456 527 458
f 525 456 454
f 524 454 452
f 537 538 531
f 529 537 530
f 528 536 529
f 534 528 527
f 533 527 526
f 532 526 525
f 531 525 524
f 544 545 538
f 536 544 537
f 535 543 536
f 541 535 534
f 540 534 533
f 539 533 532
f 531 539 532
f 551 552 545
f 543 551 544
f 549 543 542
f 548 542 541
f 547 541 540
f 546 540 539
f 538 546 539
f 558 559 552
f 550 558 551
f 556 550 549
f 555 549 548
f 554 548 547
f 553 547 546
f 545 553 546
f 572 559 565
f 557 565 558
f 556 564 557
f 555 563 556
f 561 555 554
f 560 554 553
f 559 553 552
f 646 566 572
f 564 572 565
f 563 571 564
f 562 570 563
f 561 569 562
f 567 561 560
f 566 560 559
f 573 575 574
f 579 581 577
f 626 576 573
f 594 601 598
f 594 595 601
f 581 595 594
f 581 589 595
f 592 596 591
f 601 602 605
f 599 601 605
f 596 582 591
f 590 582 596
f 590 579 582
f 588 579 590
f 637 635 632
f 602 592 584
f 588 595 589
f 579 589 581
f 596 595 590
f 598 600 594
f 611 604 600
f 583 584 592
f 591 583 592
f 582 579 574
f 585 574 575
f 594 587 581
f 604 587 600
f 620 608 623
f 620 611 608
f 670 627 628
f 609 606 607
f 610 616 623
f 622 618 621
f 621 619 620
f 617 623 616
f 616 609 607
f 578 629 577
f 614 624 629
f 615 629 626
f 628 625 624
f 625 615 626
f 635 634 630
f 606 608 630
f 634 612 630
f 637 636 613
f 632 636 637
f 638 634 635
f 636 631 613
f 653 640 646
f 645 572 571
f 570 645 571
f 569 644 570
f 568 643 569
f 641 568 567
f 640 567 566
f 653 654 647
f 645 653 646
f 644 652 645
f 650 644 643
f 649 643 642
f 648 642 641
f 647 641 640
f 660 661 654
f 652 660 653
f 651 659 652
f 657 651 650
f 656 650 649
f 655 649 648
f 654 648 647
f 665 664 667
f 659 667 660
f 658 666 659
f 657 665 658
f 663 657 656
f 662 656 655
f 661 655 654
f 671 614 615
f 674 673 672
f 676 675 674
f 678 677 676
f 680 679 678
f 682 681 680
f 677 681 685
f 672 685 684
f 684 683 682
f 684 680 676
f 695 668 671
f 695 693 692
f 694 671 670
f 669 694 670
f 668 693 669
f 697 698 696
f 699 700 698
f 701 702 700
f 703 704 702
f 707 708 706
f 709 710 708
f 713 696 712
f 711 712 710
f 711 720 721
f 699 714 715
f 701 717 703
f 711 722 713
f 703 718 705
f 707 720 709
f 713 714 697
f 699 716 701
f 720 730 721
f 716 726 717
f 714 724 715
f 721 731 722
f 717 727 718
f 719 729 720
f 715 725 716
f 722 723 714
f 377 706 376
f 389 707 377
f 398 719 389
f 704 375 374
f 375 718 388
f 388 727 397
f 740 400 401
f 731 741 723
f 738 398 399
f 729 748 730
f 396 734 395
f 727 744 745
f 394 732 393
f 725 742 743
f 732 401 393
f 739 399 400
f 730 749 731
f 397 735 396
f 728 747 729
f 745 397 727
f 395 733 394
f 726 743 744
f 724 741 742
f 737 728 398
f 756 737 738
f 749 759 741
f 753 734 735
f 747 766 748
f 751 732 733
f 744 763 745
f 742 761 743
f 750 740 732
f 755 746 737
f 757 738 739
f 754 735 736
f 748 767 749
f 752 733 734
f 746 765 747
f 743 762 744
f 741 760 742
f 763 736 745
f 758 739 740
f 756 758 753
f 374 370 380
f 686 580 687
f 686 578 577
f 688 586 689
f 688 687 580
f 691 586 690
f 690 586 593
f 597 593 587
f 2 4 3
f 4 6 5
f 6 8 7
f 8 10 9
f 12 14 13
f 14 16 15
f 18 2 1
f 16 18 17
f 16 14 25
f 4 2 19
f 6 21 22
f 16 26 27
f 8 22 23
f 12 24 25
f 18 27 19
f 4 20 21
f 25 34 35
f 22 21 30
f 19 28 29
f 27 26 35
f 22 31 32
f 24 33 34
f 20 29 30
f 27 36 28
f 38 40 39
f 40 42 41
f 42 44 43
f 44 46 45
f 46 48 47
f 48 50 49
f 50 52 51
f 52 54 53
f 54 56 55
f 56 58 57
f 58 60 59
f 60 62 61
f 62 64 63
f 64 66 65
f 66 68 67
f 68 70 69
f 42 40 38
f 38 72 42
f 72 70 42
f 70 68 66
f 66 64 62
f 62 60 54
f 60 58 54
f 58 56 54
f 54 52 50
f 50 48 54
f 48 46 54
f 46 44 42
f 70 66 54
f 66 62 54
f 46 42 54
f 72 38 37
f 70 72 71
f 73 74 76
f 76 78 77
f 78 80 79
f 80 82 81
f 82 84 83
f 78 76 74
f 74 86 84
f 84 82 80
f 80 78 84
f 86 74 73
f 84 86 85
f 85 73 83
f 73 75 83
f 75 77 83
f 77 79 83
f 88 90 89
f 90 92 91
f 91 92 94
f 93 94 96
f 95 96 98
f 88 100 107
f 100 88 87
f 98 100 99
f 87 152 158
f 107 114 108
f 100 98 106
f 96 105 106
f 96 94 104
f 92 103 104
f 92 90 102
f 102 90 141
f 114 121 115
f 106 113 114
f 105 112 113
f 104 111 112
f 103 110 111
f 103 102 109
f 101 108 109
f 121 128 122
f 113 120 121
f 112 119 120
f 111 118 119
f 110 117 118
f 110 109 116
f 116 109 137
f 122 128 135
f 120 127 128
f 119 126 127
f 118 125 126
f 118 117 124
f 117 116 123
f 116 115 122
f 129 135 507
f 128 127 134
f 127 126 133
f 126 125 132
f 124 131 132
f 123 130 131
f 122 129 130
f 135 134 506
f 134 133 505
f 133 132 504
f 131 503 504
f 130 502 503
f 129 501 502
f 139 137 145
f 115 138 136
f 115 116 139
f 108 136 137
f 143 141 149
f 101 142 140
f 101 102 143
f 88 140 141
f 145 144 146
f 138 146 144
f 139 147 146
f 137 136 144
f 149 148 150
f 142 150 148
f 143 151 150
f 141 140 148
f 158 152 159
f 99 158 157
f 95 97 157
f 93 95 156
f 91 93 155
f 91 154 153
f 89 153 152
f 165 159 166
f 157 158 165
f 156 157 164
f 156 163 162
f 155 162 161
f 154 161 160
f 153 160 159
f 172 166 173
f 164 165 172
f 163 164 171
f 163 170 169
f 162 169 168
f 161 168 167
f 159 160 167
f 179 173 180
f 171 172 179
f 171 178 177
f 170 177 176
f 169 176 175
f 168 175 174
f 166 167 174
f 186 180 187
f 178 179 186
f 178 185 184
f 177 184 183
f 176 183 182
f 175 182 181
f 173 174 181
f 187 194 200
f 185 186 193
f 184 185 192
f 183 184 191
f 183 190 189
f 182 189 188
f 181 188 187
f 194 251 257
f 192 193 200
f 191 192 199
f 190 191 198
f 189 190 197
f 189 196 195
f 188 195 194
f 201 202 575
f 206 204 203
f 204 202 201
f 203 204 201
f 203 205 206
f 205 210 206
f 210 217 206
f 239 203 240
f 203 201 240
f 201 576 241
f 216 215 220
f 224 226 225
f 224 221 222
f 637 247 250
f 603 585 209
f 209 216 225
f 219 214 212
f 213 212 204
f 219 224 220
f 223 222 221
f 226 222 228
f 222 223 228
f 223 604 228
f 604 607 228
f 215 216 208
f 207 208 202
f 208 209 202
f 585 575 202
f 218 206 211
f 604 223 211
f 610 606 238
f 606 227 238
f 227 235 238
f 235 236 238
f 228 234 235
f 243 242 274
f 273 272 229
f 243 274 273
f 231 609 610
f 233 232 237
f 234 233 236
f 238 237 232
f 234 228 231
f 228 607 231
f 607 609 231
f 231 232 233
f 578 203 244
f 203 239 244
f 244 241 578
f 239 243 229
f 244 229 230
f 240 242 243
f 240 241 230
f 248 246 247
f 246 245 250
f 245 249 250
f 225 226 246
f 226 227 245
f 246 226 245
f 227 606 245
f 606 612 245
f 613 603 246
f 612 639 249
f 247 637 636
f 638 250 249
f 246 248 636
f 251 258 264
f 200 257 256
f 198 199 256
f 197 198 255
f 196 197 254
f 196 253 252
f 195 252 251
f 264 258 265
f 256 257 264
f 255 256 263
f 255 262 261
f 254 261 260
f 253 260 259
f 252 259 258
f 271 265 661
f 263 264 271
f 262 263 270
f 262 269 268
f 261 268 267
f 260 267 266
f 259 266 265
f 270 271 667
f 269 270 666
f 268 269 665
f 268 664 663
f 267 663 662
f 266 662 661
f 274 242 275
f 242 230 275
f 230 229 275
f 276 277 279
f 279 281 280
f 281 283 282
f 283 285 284
f 285 287 286
f 281 279 283
f 279 277 283
f 277 289 283
f 289 287 283
f 289 277 276
f 287 289 288
f 288 276 286
f 276 278 286
f 278 280 282
f 282 284 286
f 272 290 293
f 291 292 293
f 275 293 292
f 273 274 292
f 272 273 291
f 296 297 295
f 298 299 297
f 300 301 299
f 302 303 301
f 306 307 305
f 308 309 307
f 294 295 311
f 310 311 309
f 309 319 318
f 297 313 312
f 315 314 299
f 320 319 309
f 316 315 301
f 307 318 317
f 312 320 311
f 314 313 297
f 328 327 318
f 324 323 314
f 322 321 312
f 329 328 319
f 325 324 315
f 327 326 317
f 323 322 313
f 321 329 320
f 304 305 12
f 305 317 24
f 317 326 33
f 10 303 302
f 316 303 10
f 325 316 23
f 35 337 338
f 339 347 329
f 33 335 336
f 346 345 327
f 31 30 332
f 325 343 342
f 29 28 330
f 323 341 340
f 36 338 330
f 34 336 337
f 347 346 328
f 32 31 333
f 345 344 326
f 32 334 343
f 30 29 331
f 324 342 341
f 322 340 339
f 326 344 335
f 335 353 354
f 357 365 347
f 332 350 351
f 364 363 345
f 330 348 349
f 361 360 342
f 359 358 340
f 338 356 348
f 344 362 353
f 336 354 355
f 333 351 352
f 365 364 346
f 331 349 350
f 363 362 344
f 360 359 341
f 358 357 339
f 334 352 361
f 337 355 356
f 349 348 354
f 348 356 354
f 356 355 354
f 354 353 352
f 353 362 361
f 362 363 364
f 364 365 359
f 365 357 359
f 357 358 359
f 359 360 361
f 361 352 353
f 352 351 354
f 351 350 349
f 362 364 359
f 359 361 362
f 1 3 5
f 5 7 9
f 9 302 304
f 302 300 306
f 300 298 296
f 296 294 310
f 310 308 296
f 308 306 296
f 306 304 302
f 304 11 9
f 11 13 15
f 15 17 1
f 1 5 15
f 5 9 15
f 300 296 306
f 205 203 686
f 210 205 688
f 691 690 210
f 597 211 217
f 368 369 367
f 370 371 369
f 372 373 371
f 374 375 373
f 378 379 377
f 380 381 379
f 366 367 383
f 382 383 381
f 381 391 390
f 369 385 384
f 387 386 371
f 392 391 381
f 388 387 373
f 390 389 377
f 384 392 383
f 386 385 369
f 400 399 390
f 387 396 395
f 385 394 393
f 392 401 400
f 397 396 387
f 399 398 389
f 395 394 385
f 393 401 392
f 404 405 403
f 406 407 405
f 408 409 407
f 410 411 409
f 412 413 411
f 414 415 413
f 416 417 415
f 418 419 417
f 420 421 419
f 422 423 421
f 424 425 423
f 426 427 425
f 428 429 427
f 430 431 429
f 432 433 431
f 434 435 433
f 403 405 407
f 407 409 403
f 409 411 403
f 411 413 415
f 415 417 419
f 419 421 423
f 423 425 427
f 427 429 431
f 431 433 435
f 435 437 411
f 437 403 411
f 411 415 419
f 419 423 411
f 423 427 411
f 427 431 411
f 402 403 437
f 436 437 435
f 438 440 441
f 442 443 441
f 444 445 443
f 446 447 445
f 448 449 447
f 439 441 451
f 441 443 451
f 443 445 447
f 447 449 443
f 438 439 451
f 450 451 449
f 440 438 442
f 438 450 442
f 450 448 442
f 448 446 442
f 454 455 453
f 456 457 455
f 456 458 459
f 458 460 461
f 460 462 463
f 453 466 472
f 452 453 465
f 464 465 463
f 530 524 452
f 473 479 472
f 465 472 471
f 471 470 461
f 470 469 459
f 469 468 457
f 468 467 455
f 467 515 513
f 480 486 479
f 479 478 471
f 478 477 470
f 477 476 469
f 476 475 468
f 468 475 474
f 474 473 466
f 487 493 486
f 486 485 478
f 485 484 477
f 484 483 476
f 483 482 475
f 475 482 481
f 481 511 509
f 487 494 500
f 493 492 485
f 492 491 484
f 491 490 483
f 483 490 489
f 482 489 488
f 481 488 487
f 494 501 507
f 493 500 499
f 492 499 498
f 498 497 490
f 497 496 489
f 496 495 488
f 495 494 487
f 501 502 503
f 503 504 505
f 505 506 507
f 507 501 505
f 500 507 506
f 499 506 505
f 505 504 497
f 504 503 496
f 503 502 495
f 502 501 494
f 511 519 517
f 508 510 480
f 480 510 511
f 509 508 473
f 515 523 521
f 512 514 466
f 466 514 515
f 513 512 453
f 519 518 516
f 516 518 510
f 518 519 511
f 509 517 516
f 521 523 522
f 520 522 514
f 522 523 515
f 513 521 520
f 530 537 531
f 529 530 464
f 460 528 529
f 458 527 528
f 456 526 527
f 525 526 456
f 524 525 454
f 537 544 538
f 529 536 537
f 528 535 536
f 534 535 528
f 533 534 527
f 532 533 526
f 531 532 525
f 544 551 545
f 536 543 544
f 535 542 543
f 541 542 535
f 540 541 534
f 539 540 533
f 531 538 539
f 551 558 552
f 543 550 551
f 549 550 543
f 548 549 542
f 547 548 541
f 546 547 540
f 538 545 546
f 558 565 559
f 550 557 558
f 556 557 550
f 555 556 549
f 554 555 548
f 553 554 547
f 545 552 553
f 572 566 559
f 557 564 565
f 556 563 564
f 555 562 563
f 561 562 555
f 560 561 554
f 559 560 553
f 646 640 566
f 564 571 572
f 563 570 571
f 562 569 570
f 561 568 569
f 567 568 561
f 566 567 560
f 573 576 575
f 581 587 593
f 593 586 581
f 586 580 581
f 580 577 581
f 577 573 579
f 573 574 579
f 573 577 625
f 577 624 625
f 625 626 573
f 592 602 596
f 601 596 602
f 599 598 601
f 637 638 635
f 584 585 603
f 603 602 584
f 588 590 595
f 579 588 589
f 596 601 595
f 598 599 600
f 600 599 611
f 599 605 611
f 605 608 611
f 611 607 604
f 591 582 583
f 584 583 574
f 583 582 574
f 585 584 574
f 594 600 587
f 604 597 587
f 608 606 623
f 606 610 623
f 623 622 621
f 620 623 621
f 620 619 611
f 628 614 669
f 614 668 669
f 669 670 628
f 609 610 606
f 610 609 616
f 622 617 618
f 621 618 619
f 617 622 623
f 607 611 616
f 611 619 616
f 619 618 616
f 618 617 616
f 578 576 626
f 629 624 577
f 578 626 629
f 614 628 624
f 615 614 629
f 628 627 625
f 625 627 615
f 630 631 635
f 631 633 632
f 635 631 632
f 602 603 631
f 603 613 631
f 608 605 630
f 605 602 631
f 630 605 631
f 612 606 630
f 634 639 612
f 613 612 637
f 612 639 638
f 637 612 638
f 632 633 636
f 638 639 634
f 636 633 631
f 653 647 640
f 645 646 572
f 570 644 645
f 569 643 644
f 568 642 643
f 641 642 568
f 640 641 567
f 653 660 654
f 645 652 653
f 644 651 652
f 650 651 644
f 649 650 643
f 648 649 642
f 647 648 641
f 660 667 661
f 652 659 660
f 651 658 659
f 657 658 651
f 656 657 650
f 655 656 649
f 654 655 648
f 662 661 663
f 661 667 664
f 663 661 664
f 667 666 665
f 659 666 667
f 658 665 666
f 657 664 665
f 663 664 657
f 662 663 656
f 661 662 655
f 615 627 671
f 627 670 671
f 671 668 614
f 674 675 673
f 676 677 675
f 678 679 677
f 680 681 679
f 682 683 681
f 673 675 685
f 675 677 685
f 677 679 681
f 681 683 685
f 672 673 685
f 684 685 683
f 674 672 676
f 672 684 676
f 684 682 680
f 680 678 676
f 695 692 668
f 695 694 693
f 694 695 671
f 669 693 694
f 668 692 693
f 697 699 698
f 699 701 700
f 701 703 702
f 703 705 704
f 707 709 708
f 709 711 710
f 713 697 696
f 711 713 712
f 711 709 720
f 699 697 714
f 701 716 717
f 711 721 722
f 703 717 718
f 707 719 720
f 713 722 714
f 699 715 716
f 720 729 730
f 716 725 726
f 714 723 724
f 721 730 731
f 717 726 727
f 719 728 729
f 715 724 725
f 722 731 723
f 377 707 706
f 389 719 707
f 398 728 719
f 704 705 375
f 375 705 718
f 388 718 727
f 740 739 400
f 731 749 741
f 738 737 398
f 729 747 748
f 396 735 734
f 727 726 744
f 394 733 732
f 725 724 742
f 732 740 401
f 739 738 399
f 730 748 749
f 397 736 735
f 728 746 747
f 745 736 397
f 395 734 733
f 726 725 743
f 724 723 741
f 737 746 728
f 756 755 737
f 749 767 759
f 753 752 734
f 747 765 766
f 751 750 732
f 744 762 763
f 742 760 761
f 750 758 740
f 755 764 746
f 757 756 738
f 754 753 735
f 748 766 767
f 752 751 733
f 746 764 765
f 743 761 762
f 741 759 760
f 763 754 736
f 758 757 739
f 758 750 753
f 750 751 753
f 751 752 753
f 753 754 755
f 754 763 764
f 763 762 761
f 761 760 759
f 759 767 761
f 767 766 761
f 766 765 764
f 764 755 754
f 755 756 753
f 756 757 758
f 763 761 766
f 766 764 763
f 370 368 380
f 368 366 380
f 366 382 380
f 380 378 376
f 376 706 374
f 706 708 704
f 374 706 704
f 708 710 698
f 710 712 698
f 712 696 698
f 698 700 702
f 702 704 708
f 374 372 370
f 380 376 374
f 698 702 708
f 686 577 580
f 688 580 586
f 691 689 586
f 597 690 593
v -6.6244421 3.2081277 -2.5764003
v -6.1180019 3.2081277 -2.5764003
v -6.1180019 3.1825697 -2.3986394
v -6.6244421 3.1825697 -2.3986394
v -6.6244421 3.1825697 -2.7541618
v -6.1180019 3.1825697 -2.7541618
v -6.1180010 3.1079657 -2.2352798
v -6.6244411 3.1079657 -2.2352798
v -6.6244421 3.1079655 -2.9175215
v -6.1180019 3.1079655 -2.9175215
v -6.1180010 2.9903607 -2.0995555
v -6.6244411 2.9903605 -2.0995555
v -6.6244431 2.9903603 -3.0532455
v -6.1180029 2.9903603 -3.0532455
v -6.1180010 2.8392811 -2.0024626
v -6.6244411 2.8392808 -2.0024626
v -6.6244431 2.8392799 -3.1503382
v -6.1180029 2.8392799 -3.1503382
v -6.1180010 2.6669667 -1.9518665
v -6.6244411 2.6669664 -1.9518665
v -6.6244421 2.8843119 -2.3156610
v -6.6244421 2.9161177 -2.3523667
v -6.6244421 2.9645238 -2.6890423
v -6.6244421 2.9443476 -2.7332220
v -6.6244421 2.9645243 -2.4583623
v -6.6244421 2.9811075 -2.5737021
v -6.1180019 2.8906837 -2.3599770
v -6.1180019 2.8989995 -2.3695743
v -6.6244421 2.8392804 -2.8834419
v -6.6244421 2.8398092 -2.8831022
v -6.6244421 2.9161174 -2.7950380
v -6.6244431 2.6669662 -3.2009342
v -6.1180029 2.6669662 -3.2009342
v -6.1180019 2.8392801 -2.8521459
v -6.1180019 2.8989995 -2.7832267
v -6.1180019 2.9597287 -2.5764003
v -6.1180010 2.4873781 -1.9518665
v -6.6244411 2.4873779 -1.9518665
v -6.6244411 2.7011130 -2.1893623
v -6.6244411 2.7417815 -2.2013037
v -6.6244421 2.8392806 -2.2639625
v -6.1180010 2.7054334 -2.2194121
v -6.1180010 2.7360916 -2.2284141
v -6.6244421 2.8398094 -2.2643023
v -6.2865744 2.8705804 -2.3878379
v -6.2865744 2.8055711 -2.3128133
v -6.1180019 2.8392801 -2.3006549
v -6.1180019 2.9442325 -2.4686215
v -6.6244421 2.8041520 -2.9060173
v -6.6244431 2.6669662 -2.9680684
v -6.6244431 2.7417812 -2.9461007
v -6.6244431 2.4873772 -3.2009337
v -6.1180029 2.4873769 -3.2009337
v -6.1180029 2.6669662 -2.9446836
v -6.1180029 2.7360916 -2.9243865
v -6.1180019 2.9389570 -2.6957307
v -6.1180019 2.8276930 -2.8655179
v -6.2865744 2.8055708 -2.8399875
v -6.1180019 2.9442325 -2.6841798
v -6.1180010 2.3150635 -2.0024626
v -6.6244411 2.3150632 -2.0024626
v -6.6244411 2.5185211 -2.1684747
v -6.6244411 2.6299756 -2.1684747
v -6.6244411 2.6669664 -2.1793361
v -6.1180010 2.5227284 -2.1977370
v -6.1180010 2.5227284 -2.1977372
v -6.2865744 2.7220588 -2.2591429
v -6.1180010 2.6669664 -2.2081170
v -6.1180019 2.8276937 -2.2872829
v -6.2865744 2.9118195 -2.4781389
v -6.2865744 2.8705802 -2.7649632
v -6.6244431 2.6348412 -2.9775009
v -6.6244431 2.5134497 -2.9789298
v -6.6244431 2.4873774 -2.9712741
v -6.6244431 2.6299753 -2.9789298
v -6.6244431 2.3150632 -3.1503379
v -6.1180029 2.3150637 -3.1503379
v -6.1180029 2.6316152 -2.9550636
v -6.1180029 2.5227284 -2.9550636
v -6.1180019 2.8008127 -2.8827929
v -6.1180029 2.6316152 -2.9550636
v -6.2865744 2.7220583 -2.8936577
v -6.2865744 2.9259472 -2.5764003
v -6.2865744 2.9118192 -2.6746621
v -6.1180010 2.1639838 -2.0995557
v -6.6244411 2.1639836 -2.0995557
v -6.6244411 2.4873776 -2.1761301
v -6.6244411 2.4016442 -2.2013037
v -6.6244411 2.3485575 -2.2354205
v -6.1180010 2.4873779 -2.2081170
v -6.1180010 2.4182520 -2.2284141
v -6.6244411 2.5134497 -2.1684747
v -6.2865734 2.5275362 -2.2311747
v -6.1180010 2.6316156 -2.1977370
v -6.2865734 2.6268082 -2.2311747
v -6.6244431 2.4529016 -2.9611511
v -6.6244431 2.4016440 -2.9461005
v -6.6244421 2.3150632 -2.8904583
v -6.6244431 2.1639836 -3.0532448
v -6.1180029 2.1639838 -3.0532448
v -6.1180029 2.4489102 -2.9333885
v -6.1180029 2.4182520 -2.9243863
v -6.2865753 2.5275359 -2.9216259
v -6.1180029 2.4873769 -2.9446836
v -6.2865753 2.6268077 -2.9216259
v -6.1180010 2.0463784 -2.2352798
v -6.6244411 2.0463781 -2.2352798
v -6.6244421 2.3150632 -2.2569461
v -6.6244421 2.3036165 -2.2643023
v -6.6244421 2.2067916 -2.3972919
v -6.6244421 2.2273083 -2.3523667
v -6.1180019 2.3150635 -2.3006554
v -6.1180019 2.2553449 -2.3695743
v -6.1180019 2.3535304 -2.2700083
v -6.2865744 2.4322853 -2.2591429
v -6.6244421 2.3036163 -2.8831019
v -6.6244421 2.2712739 -2.8457766
v -6.6244421 2.2273083 -2.7950375
v -6.6244421 2.1789017 -2.6890419
v -6.6244421 2.1639836 -2.5852845
v -6.6244421 2.0463779 -2.9175210
v -6.1180019 2.0463781 -2.9175210
v -6.1180019 2.2636607 -2.7928231
v -6.1180019 2.2553449 -2.7832260
v -6.2865744 2.4322853 -2.8936577
v -6.1180019 2.3266506 -2.8655176
v -6.1180019 1.9717747 -2.3986394
v -6.6244421 1.9717747 -2.3986394
v -6.6244421 2.1639836 -2.5621200
v -6.6244421 2.1623182 -2.5737021
v -6.6244421 2.1789017 -2.4583623
v -6.1180019 2.3266506 -2.2872829
v -6.2865744 2.3487725 -2.3128133
v -6.2865744 2.2837634 -2.3878379
v -6.1180019 2.2153866 -2.4570706
v -6.6244421 1.9717741 -2.7541609
v -6.1180019 1.9717745 -2.7541609
v -6.2865744 2.3487725 -2.8399873
v -6.1180019 2.3150635 -2.8521452
v -6.1180019 2.2101116 -2.6841791
v -6.1180019 1.9462163 -2.5764003
v -6.6244421 1.9462162 -2.5764003
v -6.1180019 2.1946149 -2.5764003
v -6.1180019 2.2101116 -2.4686215
v -6.2865744 2.2837634 -2.7649624
v -6.2865744 2.2425244 -2.6746616
v -6.2865744 2.2425244 -2.4781389
v -6.4618206 2.9645243 -2.4583623
v -6.4618206 2.9811075 -2.5737021
v -6.4618206 2.9161177 -2.3523667
v -6.4618206 2.9645238 -2.6890423
v -6.4618206 2.8398094 -2.2643023
v -6.4618206 2.9161174 -2.7950380
v -6.4618196 2.7417815 -2.2013037
v -6.4618206 2.8398092 -2.8831022
v -6.4618196 2.6299756 -2.1684747
v -6.4618216 2.7417812 -2.9461007
v -6.4618196 2.5134497 -2.1684747
v -6.4618216 2.6299753 -2.9789298
v -6.4618196 2.4016442 -2.2013037
v -6.4618216 2.5134497 -2.9789298
v -6.4618206 2.3036165 -2.2643023
v -6.4618216 2.4016440 -2.9461005
v -6.4618206 2.2273083 -2.3523667
v -6.4618206 2.3036163 -2.8831019
v -6.4618206 2.1789017 -2.4583623
v -6.4618206 2.2273083 -2.7950375
v -6.4618206 2.1623182 -2.5737021
v -6.4618206 2.1789017 -2.6890419
v -6.1180019 2.8906837 -2.3599770
v -6.1180019 2.8989995 -2.3695743
v -6.1180019 2.8392801 -2.8521459
v -6.1180019 2.8989995 -2.7832267
v -6.1180019 2.9597287 -2.5764003
v -6.1180010 2.7054334 -2.2194121
v -6.1180010 2.7360916 -2.2284141
v -6.2865744 2.8705804 -2.3878379
v -6.2865744 2.8055711 -2.3128133
v -6.1180019 2.8392801 -2.3006549
v -6.1180019 2.9442325 -2.4686215
v -6.1180029 2.6669662 -2.9446836
v -6.1180029 2.7360916 -2.9243865
v -6.1180019 2.9389570 -2.6957307
v -6.1180019 2.8276930 -2.8655179
v -6.2865744 2.8055708 -2.8399875
v -6.1180019 2.9442325 -2.6841798
v -6.1180010 2.5227284 -2.1977370
v -6.1180010 2.5227284 -2.1977372
v -6.2865744 2.7220588 -2.2591429
v -6.1180010 2.6669664 -2.2081170
v -6.1180019 2.8276937 -2.2872829
v -6.2865744 2.9118195 -2.4781389
v -6.2865744 2.8705802 -2.7649632
v -6.1180029 2.6316152 -2.9550636
v -6.1180029 2.5227284 -2.9550636
v -6.1180019 2.8008127 -2.8827929
v -6.1180029 2.6316152 -2.9550636
v -6.2865744 2.7220583 -2.8936577
v -6.2865744 2.9259472 -2.5764003
v -6.2865744 2.9118192 -2.6746621
v -6.1180010 2.4873779 -2.2081170
v -6.1180010 2.4182520 -2.2284141
v -6.2865734 2.5275362 -2.2311747
v -6.1180010 2.6316156 -2.1977370
v -6.2865734 2.6268082 -2.2311747
v -6.1180029 2.4489102 -2.9333885
v -6.1180029 2.4182520 -2.9243863
v -6.2865753 2.5275359 -2.9216259
v -6.1180029 2.4873769 -2.9446836
v -6.2865753 2.6268077 -2.9216259
v -6.1180019 2.3150635 -2.3006554
v -6.1180019 2.2553449 -2.3695743
v -6.1180019 2.3535304 -2.2700083
v -6.2865744 2.4322853 -2.2591429
v -6.1180019 2.2636607 -2.7928231
v -6.1180019 2.2553449 -2.7832260
v -6.2865744 2.4322853 -2.8936577
v -6.1180019 2.3266506 -2.8655176
v -6.1180019 2.3266506 -2.2872829
v -6.2865744 2.3487725 -2.3128133
v -6.2865744 2.2837634 -2.3878379
v -6.1180019 2.2153866 -2.4570706
v -6.2865744 2.3487725 -2.8399873
v -6.1180019 2.3150635 -2.8521452
v -6.1180019 2.2101116 -2.6841791
v -6.1180019 2.1946149 -2.5764003
v -6.1180019 2.2101116 -2.4686215
v -6.2865744 2.2837634 -2.7649624
v -6.2865744 2.2425244 -2.6746616
v -6.2865744 2.2425244 -2.4781389
v -6.2865744 2.2283964 -2.5764003
v -6.5563860 3.2400112 -2.5675023
v -6.1860580 3.2400112 -2.5675023
v -6.1860580 3.2156687 -2.3981948
v -6.5563860 3.2156687 -2.3981948
v -6.5563860 3.2106547 -2.3811190
v -6.1860580 3.2106547 -2.3811190
v -6.1860576 3.1395986 -2.2255278
v -6.5563850 3.1395986 -2.2255278
v -6.5563850 3.1299772 -2.2105567
v -6.1860576 3.1299772 -2.2105567
v -6.1860576 3.0179648 -2.0812867
v -6.5563850 3.0179646 -2.0812867
v -6.5563850 3.0045149 -2.0696325
v -6.1860576 3.0045152 -2.0696325
v -6.1860576 2.8606200 -1.9771566
v -6.5563850 2.8606198 -1.9771566
v -6.5563850 2.8444316 -1.9697638
v -6.1860576 2.8444319 -1.9697638
v -6.1860576 2.6803119 -1.9215739
v -6.5563850 2.6803117 -1.9215739
v -6.5563850 2.6626964 -1.9190412
v -6.1860576 2.6626966 -1.9190412
v -6.1860576 2.4916482 -1.9190412
v -6.5563850 2.4916480 -1.9190412
v -6.5563850 2.4740326 -1.9215739
v -6.1860576 2.4740329 -1.9215739
v -6.1860576 2.3099127 -1.9697638
v -6.5563850 2.3099124 -1.9697638
v -6.5563850 2.2937243 -1.9771568
v -6.1860576 2.2937245 -1.9771568
v -6.1860576 2.1498294 -2.0696325
v -6.5563850 2.1498291 -2.0696325
v -6.5563850 2.1363795 -2.0812869
v -6.1860576 2.1363797 -2.0812869
v -6.1860576 2.0243669 -2.2105565
v -6.5563850 2.0243666 -2.2105565
v -6.5563850 2.0147450 -2.2255280
v -6.1860576 2.0147455 -2.2255280
v -6.1860580 1.9436895 -2.3811193
v -6.5563860 1.9436895 -2.3811193
v -6.5563860 1.9386756 -2.3981946
v -6.1860580 1.9386756 -2.3981946
v -6.1860580 1.9143327 -2.5675020
v -6.5563860 1.9143327 -2.5675020
v -6.5563860 1.9143327 -2.5852985
v -6.1860580 1.9143327 -2.5852985
v -6.1860580 1.9386755 -2.7546058
v -6.5563860 1.9386752 -2.7546058
v -6.5563860 1.9436890 -2.7716813
v -6.1860580 1.9436892 -2.7716813
v -6.1860580 2.0147452 -2.9272728
v -6.5563860 2.0147450 -2.9272728
v -6.5563860 2.0243666 -2.9422441
v -6.1860580 2.0243669 -2.9422441
v -6.1860590 2.1363800 -3.0715137
v -6.5563865 2.1363795 -3.0715137
v -6.5563865 2.2937241 -3.1756437
v -6.5563865 2.1498291 -3.0831680
v -6.1860590 2.1498294 -3.0831680
v -6.1860590 2.2937245 -3.1756437
v -6.5563865 2.4740319 -3.2312264
v -6.5563865 2.3099124 -3.1830368
v -6.1860590 2.3099129 -3.1830368
v -6.1860590 2.4740319 -3.2312264
v -6.5563865 2.4916470 -3.2337589
v -6.1860590 2.4916470 -3.2337589
v -6.1860590 2.6626959 -3.2337594
v -6.5563865 2.6626959 -3.2337594
v -6.5563865 2.6803114 -3.2312267
v -6.1860590 2.6803114 -3.2312267
v -6.1860590 2.8444307 -3.1830368
v -6.5563865 2.8444309 -3.1830368
v -6.5563865 2.8606188 -3.1756442
v -6.1860590 2.8606188 -3.1756442
v -6.1860590 3.0045145 -3.0831685
v -6.5563865 3.0045145 -3.0831685
v -6.5563865 3.0179644 -3.0715141
v -6.1860590 3.0179644 -3.0715141
v -6.1860580 3.1299770 -2.9422445
v -6.5563860 3.1299770 -2.9422445
v -6.1860580 3.2400112 -2.5852985
v -6.5563860 3.2400112 -2.5852985
v -6.5563860 3.2156687 -2.7546065
v -6.1860580 3.2156687 -2.7546065
v -6.5563860 3.1395984 -2.9272735
v -6.1860580 3.1395984 -2.9272735
v -6.1860580 3.2106547 -2.7716823
v -6.5563860 3.2106547 -2.7716823
f 770 769 773
f 770 773 774
f 773 777 774
f 777 778 774
f 777 781 778
f 803 815 778
f 778 781 803
f 781 826 803
f 815 795 778
f 781 823 826
f 794 778 795
f 781 801 802
f 802 823 781
f 794 814 782
f 824 801 785
f 785 847 824
f 836 810 782
f 782 814 836
f 809 782 810
f 822 847 785
f 785 821 822
f 809 835 786
f 848 800 845
f 848 821 800
f 861 832 786
f 833 804 832
f 804 786 832
f 786 835 861
f 846 820 871
f 845 820 846
f 833 857 804
f 871 820 868
f 858 881 827
f 827 857 858
f 893 869 844
f 844 906 893
f 868 844 869
f 899 879 827
f 827 881 899
f 906 844 890
f 879 852 827
f 880 902 852
f 910 907 867
f 907 891 867
f 867 852 910
f 852 911 910
f 852 902 911
f 890 867 891
f 867 873 852
f 867 889 873
f 889 894 873
f 889 904 894
f 904 908 894
f 768 771 772
f 772 771 775
f 775 776 772
f 775 779 776
f 779 780 776
f 779 792 793
f 793 780 779
f 793 790 780
f 779 789 792
f 790 791 780
f 779 788 789
f 783 808 811
f 811 788 783
f 780 798 797
f 780 791 798
f 796 780 797
f 816 784 796
f 783 806 807
f 807 808 783
f 787 831 806
f 784 816 818
f 817 784 818
f 839 799 817
f 787 830 831
f 805 830 787
f 805 859 829
f 805 854 859
f 819 842 840
f 799 842 819
f 840 841 819
f 863 819 841
f 828 856 855
f 854 828 855
f 828 875 856
f 843 863 864
f 864 865 843
f 843 865 883
f 883 884 843
f 853 878 876
f 853 877 878
f 875 853 876
f 853 896 898
f 898 877 853
f 866 885 886
f 886 887 866
f 866 884 885
f 874 887 897
f 896 874 897
f 874 888 866
f 874 895 888
f 895 903 888
f 895 909 903
f 813 836 814
f 860 833 832
f 900 879 899
f 837 850 851
f 812 837 851
f 838 812 851
f 813 812 838
f 825 813 838
f 834 813 825
f 849 834 825
f 862 834 849
f 872 862 849
f 860 862 872
f 870 860 872
f 882 860 870
f 892 882 870
f 900 882 892
f 905 900 892
f 901 900 905
f 912 901 905
f 914 901 912
f 913 914 912
f 916 792 915
f 915 789 917
f 788 919 917
f 917 789 788
f 919 808 921
f 808 807 921
f 806 923 921
f 921 807 806
f 831 830 923
f 829 925 923
f 923 830 829
f 854 927 925
f 925 859 854
f 856 929 927
f 875 876 929
f 927 855 856
f 929 878 931
f 877 933 931
f 931 878 877
f 933 896 935
f 896 897 935
f 887 936 935
f 935 897 887
f 936 885 934
f 934 884 932
f 884 883 932
f 865 930 932
f 932 883 865
f 863 928 930
f 930 864 863
f 841 840 928
f 928 842 926
f 926 817 924
f 926 842 839
f 817 818 924
f 816 922 924
f 796 797 922
f 924 818 816
f 922 798 920
f 918 793 916
f 920 791 918
f 791 790 918
f 916 915 918
f 915 917 918
f 917 920 918
f 917 919 920
f 919 922 920
f 919 921 922
f 921 924 922
f 921 923 924
f 923 926 924
f 923 925 926
f 925 928 926
f 925 927 928
f 927 930 928
f 927 929 930
f 929 932 930
f 929 931 932
f 931 934 932
f 931 933 934
f 933 936 934
f 933 935 936
f 966 947 959
f 944 947 938
f 946 945 937
f 944 937 945
f 958 956 945
f 956 942 957
f 942 956 943
f 972 957 971
f 970 971 954
f 970 968 981
f 981 968 969
f 987 980 986
f 980 981 969
f 978 988 987
f 997 989 994
f 989 988 979
f 994 998 997
f 996 993 992
f 996 983 995
f 990 983 982
f 990 982 991
f 990 991 985
f 983 990 995
f 990 974 984
f 984 976 962
f 976 984 973
f 973 984 974
f 984 962 975
f 964 975 961
f 961 975 962
f 977 948 965
f 965 948 949
f 952 963 951
f 963 965 949
f 952 939 940
f 952 940 960
f 967 941 966
f 967 950 953
f 950 960 940
f 998 996 997
f 1000 1002 999
f 1000 768 769
f 1001 769 770
f 1002 770 771
f 768 1002 771
f 1004 1006 1003
f 1004 771 770
f 1005 770 774
f 775 1005 774
f 1003 775 771
f 1008 1010 1007
f 1008 775 774
f 1009 774 778
f 779 1009 778
f 775 1010 779
f 1011 1013 1014
f 1012 779 778
f 1013 778 782
f 783 1013 782
f 1011 783 779
f 1016 1018 1015
f 1016 783 782
f 1017 782 786
f 787 1017 786
f 1015 787 783
f 1019 1021 1022
f 1020 787 786
f 1021 786 804
f 805 1021 804
f 1019 805 787
f 1024 1026 1023
f 1024 805 804
f 1025 804 827
f 828 1025 827
f 1023 828 805
f 1027 1029 1030
f 1028 828 827
f 1029 827 852
f 853 1029 852
f 1027 853 828
f 1032 1034 1031
f 1032 853 852
f 873 1032 852
f 874 1033 873
f 1031 874 853
f 1035 1037 1038
f 1036 874 873
f 894 1036 873
f 1038 894 895
f 874 1038 895
f 1040 1042 1039
f 894 1039 895
f 1041 894 908
f 1042 908 909
f 1039 909 895
f 1044 1046 1043
f 908 1043 909
f 1045 908 904
f 903 1045 904
f 1043 903 909
f 1047 1049 1050
f 904 1047 903
f 1049 904 889
f 1050 889 888
f 903 1050 888
f 1051 1053 1054
f 889 1051 888
f 867 1052 889
f 1054 867 866
f 888 1054 866
f 1056 1058 1055
f 1056 843 866
f 867 1056 866
f 1058 867 844
f 1055 844 843
f 1059 1061 1062
f 1060 819 843
f 844 1060 843
f 820 1061 844
f 1059 820 819
f 1064 1066 1063
f 820 1063 819
f 1065 820 800
f 1066 800 799
f 819 1066 799
f 1068 1070 1067
f 800 1067 799
f 1069 800 785
f 1070 785 784
f 1067 784 799
f 1071 1073 1074
f 785 1071 784
f 1073 785 781
f 1074 781 780
f 784 1074 780
f 1076 1078 1075
f 781 1075 780
f 1077 781 777
f 776 1077 777
f 1075 776 780
f 1080 1082 1079
f 1080 769 768
f 1081 768 772
f 1082 772 773
f 1079 773 769
f 1084 1086 1083
f 1084 776 777
f 1085 777 773
f 772 1085 773
f 776 1086 772
f 794 782 778
f 781 785 801
f 809 786 782
f 785 800 821
f 845 800 820
f 827 804 857
f 868 820 844
f 879 880 852
f 890 844 867
f 779 783 788
f 796 784 780
f 783 787 806
f 817 799 784
f 805 829 830
f 799 839 842
f 854 805 828
f 843 819 863
f 875 828 853
f 866 843 884
f 874 866 887
f 896 853 874
f 916 793 792
f 915 792 789
f 788 811 919
f 919 811 808
f 806 831 923
f 829 859 925
f 854 855 927
f 856 875 929
f 929 876 878
f 877 898 933
f 933 898 896
f 887 886 936
f 936 886 885
f 934 885 884
f 865 864 930
f 863 841 928
f 928 840 842
f 926 839 817
f 816 796 922
f 922 797 798
f 918 790 793
f 920 798 791
f 966 941 947
f 944 959 947
f 944 938 937
f 958 943 956
f 972 956 957
f 970 972 971
f 970 955 968
f 980 987 981
f 978 979 988
f 997 988 989
f 994 993 998
f 996 998 993
f 996 992 983
f 990 985 974
f 964 977 975
f 977 964 948
f 963 952 965
f 952 951 939
f 967 953 941
f 967 960 950
f 1000 1001 1002
f 1000 999 768
f 1001 1000 769
f 1002 1001 770
f 768 999 1002
f 1004 1005 1006
f 1004 1003 771
f 1005 1004 770
f 775 1006 1005
f 1003 1006 775
f 1008 1009 1010
f 1008 1007 775
f 1009 1008 774
f 779 1010 1009
f 775 1007 1010
f 1011 1012 1013
f 1012 1011 779
f 1013 1012 778
f 783 1014 1013
f 1011 1014 783
f 1016 1017 1018
f 1016 1015 783
f 1017 1016 782
f 787 1018 1017
f 1015 1018 787
f 1019 1020 1021
f 1020 1019 787
f 1021 1020 786
f 805 1022 1021
f 1019 1022 805
f 1024 1025 1026
f 1024 1023 805
f 1025 1024 804
f 828 1026 1025
f 1023 1026 828
f 1027 1028 1029
f 1028 1027 828
f 1029 1028 827
f 853 1030 1029
f 1027 1030 853
f 1032 1033 1034
f 1032 1031 853
f 873 1033 1032
f 874 1034 1033
f 1031 1034 874
f 1035 1036 1037
f 1036 1035 874
f 894 1037 1036
f 1038 1037 894
f 874 1035 1038
f 1040 1041 1042
f 894 1040 1039
f 1041 1040 894
f 1042 1041 908
f 1039 1042 909
f 1044 1045 1046
f 908 1044 1043
f 1045 1044 908
f 903 1046 1045
f 1043 1046 903
f 1047 1048 1049
f 904 1048 1047
f 1049 1048 904
f 1050 1049 889
f 903 1047 1050
f 1051 1052 1053
f 889 1052 1051
f 867 1053 1052
f 1054 1053 867
f 888 1051 1054
f 1056 1057 1058
f 1056 1055 843
f 867 1057 1056
f 1058 1057 867
f 1055 1058 844
f 1059 1060 1061
f 1060 1059 819
f 844 1061 1060
f 820 1062 1061
f 1059 1062 820
f 1064 1065 1066
f 820 1064 1063
f 1065 1064 820
f 1066 1065 800
f 819 1063 1066
f 1068 1069 1070
f 800 1068 1067
f 1069 1068 800
f 1070 1069 785
f 1067 1070 784
f 1071 1072 1073
f 785 1072 1071
f 1073 1072 785
f 1074 1073 781
f 784 1071 1074
f 1076 1077 1078
f 781 1076 1075
f 1077 1076 781
f 776 1078 1077
f 1075 1078 776
f 1080 1081 1082
f 1080 1079 769
f 1081 1080 768
f 1082 1081 772
f 1079 1082 773
f 1084 1085 1086
f 1084 1083 776
f 1085 1084 777
f 772 1086 1085
f 776 1083 1086
v -6.6244421 3.2081280 -4.2725978
v -6.1180019 3.2081280 -4.2725978
v -6.1180019 3.1825700 -4.0948372
v -6.6244421 3.1825700 -4.0948372
v -6.6244421 3.1825700 -4.4503593
v -6.1180019 3.1825700 -4.4503593
v -6.1180010 3.1079659 -3.9314773
v -6.6244411 3.1079659 -3.9314773
v -6.6244421 3.1079657 -4.6137190
v -6.1180019 3.1079657 -4.6137190
v -6.1180010 2.9903610 -3.7957530
v -6.6244411 2.9903607 -3.7957530
v -6.6244431 2.9903605 -4.7494431
v -6.1180029 2.9903605 -4.7494431
v -6.1180010 2.8392813 -3.6986601
v -6.6244411 2.8392811 -3.6986601
v -6.6244431 2.8392801 -4.8465357
v -6.1180029 2.8392801 -4.8465357
v -6.1180010 2.6669669 -3.6480641
v -6.6244411 2.6669667 -3.6480641
v -6.6244421 2.8843122 -4.0118585
v -6.6244421 2.9161179 -4.0485640
v -6.6244421 2.9645240 -4.3852401
v -6.6244421 2.9443479 -4.4294195
v -6.6244421 2.9645245 -4.1545596
v -6.6244421 2.9811077 -4.2698998
v -6.1180019 2.8906839 -4.0561748
v -6.1180019 2.8989997 -4.0657716
v -6.6244421 2.8392806 -4.5796394
v -6.6244421 2.8398094 -4.5792999
v -6.6244421 2.9161177 -4.4912353
v -6.6244431 2.6669664 -4.8971314
v -6.1180029 2.6669664 -4.8971314
v -6.1180019 2.8392804 -4.5483437
v -6.1180019 2.8989997 -4.4794240
v -6.1180019 2.9597290 -4.2725978
v -6.1180010 2.4873784 -3.6480641
v -6.6244411 2.4873781 -3.6480641
v -6.6244411 2.7011132 -3.8855598
v -6.6244411 2.7417817 -3.8975012
v -6.6244421 2.8392808 -3.9601600
v -6.1180010 2.7054336 -3.9156096
v -6.1180010 2.7360919 -3.9246116
v -6.6244421 2.8398097 -3.9604998
v -6.2865744 2.8705807 -4.0840354
v -6.2865744 2.8055713 -4.0090108
v -6.1180019 2.8392804 -3.9968524
v -6.1180019 2.9442327 -4.1648188
v -6.6244421 2.8041523 -4.6022148
v -6.6244431 2.6669664 -4.6642656
v -6.6244431 2.7417815 -4.6422982
v -6.6244431 2.4873774 -4.8971310
v -6.1180029 2.4873772 -4.8971310
v -6.1180029 2.6669664 -4.6408811
v -6.1180029 2.7360919 -4.6205840
v -6.1180019 2.9389572 -4.3919282
v -6.1180019 2.8276932 -4.5617151
v -6.2865744 2.8055711 -4.5361853
v -6.1180019 2.9442327 -4.3803773
v -6.1180010 2.3150637 -3.6986601
v -6.6244411 2.3150635 -3.6986601
v -6.6244411 2.5185213 -3.8646722
v -6.6244411 2.6299758 -3.8646722
v -6.6244411 2.6669667 -3.8755336
v -6.1180010 2.5227287 -3.8939345
v -6.1180010 2.5227287 -3.8939347
v -6.2865744 2.7220590 -3.9553404
v -6.1180010 2.6669667 -3.9043145
v -6.1180019 2.8276939 -3.9834805
v -6.2865744 2.9118197 -4.1743364
v -6.2865744 2.8705804 -4.4611607
v -6.6244431 2.6348414 -4.6736984
v -6.6244431 2.5134499 -4.6751270
v -6.6244431 2.4873776 -4.6674714
v -6.6244431 2.6299756 -4.6751270
v -6.6244431 2.3150635 -4.8465357
v -6.1180029 2.3150640 -4.8465357
v -6.1180029 2.6316154 -4.6512613
v -6.1180029 2.5227287 -4.6512613
v -6.1180019 2.8008130 -4.5789905
v -6.1180029 2.6316154 -4.6512613
v -6.2865744 2.7220585 -4.5898552
v -6.2865744 2.9259474 -4.2725978
v -6.2865744 2.9118195 -4.3708596
v -6.1180010 2.1639841 -3.7957532
v -6.6244411 2.1639838 -3.7957532
v -6.6244411 2.4873779 -3.8723276
v -6.6244411 2.4016445 -3.8975012
v -6.6244411 2.3485577 -3.9316180
v -6.1180010 2.4873781 -3.9043145
v -6.1180010 2.4182522 -3.9246116
v -6.6244411 2.5134499 -3.8646722
v -6.2865734 2.5275364 -3.9273722
v -6.1180010 2.6316159 -3.8939345
v -6.2865734 2.6268084 -3.9273722
v -6.6244431 2.4529018 -4.6573486
v -6.6244431 2.4016442 -4.6422982
v -6.6244421 2.3150635 -4.5866556
v -6.6244431 2.1639838 -4.7494421
v -6.1180029 2.1639841 -4.7494421
v -6.1180029 2.4489105 -4.6295862
v -6.1180029 2.4182522 -4.6205840
v -6.2865753 2.5275362 -4.6178236
v -6.1180029 2.4873772 -4.6408811
v -6.2865753 2.6268079 -4.6178236
v -6.1180010 2.0463786 -3.9314773
v -6.6244411 2.0463784 -3.9314773
v -6.6244421 2.3150635 -3.9531436
v -6.6244421 2.3036168 -3.9604998
v -6.6244421 2.2067919 -4.0934896
v -6.6244421 2.2273085 -4.0485644
v -6.1180019 2.3150637 -3.9968529
v -6.1180019 2.2553451 -4.0657716
v -6.1180019 2.3535306 -3.9662058
v -6.2865744 2.4322855 -3.9553404
v -6.6244421 2.3036165 -4.5792994
v -6.6244421 2.2712741 -4.5419741
v -6.6244421 2.2273085 -4.4912348
v -6.6244421 2.1789019 -4.3852391
v -6.6244421 2.1639838 -4.2814822
v -6.6244421 2.0463781 -4.6137185
v -6.1180019 2.0463784 -4.6137185
v -6.1180019 2.2636609 -4.4890203
v -6.1180019 2.2553451 -4.4794235
v -6.2865744 2.4322855 -4.5898552
v -6.1180019 2.3266509 -4.5617151
v -6.1180019 1.9717749 -4.0948372
v -6.6244421 1.9717749 -4.0948372
v -6.6244421 2.1639838 -4.2583175
v -6.6244421 2.1623185 -4.2698994
v -6.6244421 2.1789019 -4.1545596
v -6.1180019 2.3266509 -3.9834805
v -6.2865744 2.3487728 -4.0090108
v -6.2865744 2.2837636 -4.0840354
v -6.1180019 2.2153869 -4.1532679
v -6.6244421 1.9717743 -4.4503584
v -6.1180019 1.9717747 -4.4503584
v -6.2865744 2.3487728 -4.5361848
v -6.1180019 2.3150637 -4.5483427
v -6.1180019 2.2101119 -4.3803763
v -6.1180019 1.9462166 -4.2725978
v -6.6244421 1.9462165 -4.2725978
v -6.1180019 2.1946151 -4.2725978
v -6.1180019 2.2101119 -4.1648188
v -6.2865744 2.2837636 -4.4611602
v -6.2865744 2.2425246 -4.3708591
v -6.2865744 2.2425246 -4.1743364
v -6.4618206 2.9645245 -4.1545596
v -6.4618206 2.9811077 -4.2698998
v -6.4618206 2.9161179 -4.0485640
v -6.4618206 2.9645240 -4.3852401
v -6.4618206 2.8398097 -3.9604998
v -6.4618206 2.9161177 -4.4912353
v -6.4618196 2.7417817 -3.8975012
v -6.4618206 2.8398094 -4.5792999
v -6.4618196 2.6299758 -3.8646722
v -6.4618216 2.7417815 -4.6422982
v -6.4618196 2.5134499 -3.8646722
v -6.4618216 2.6299756 -4.6751270
v -6.4618196 2.4016445 -3.8975012
v -6.4618216 2.5134499 -4.6751270
v -6.4618206 2.3036168 -3.9604998
v -6.4618216 2.4016442 -4.6422982
v -6.4618206 2.2273085 -4.0485644
v -6.4618206 2.3036165 -4.5792994
v -6.4618206 2.1789019 -4.1545596
v -6.4618206 2.2273085 -4.4912348
v -6.4618206 2.1623185 -4.2698994
v -6.4618206 2.1789019 -4.3852391
v -6.1180019 2.8906839 -4.0561748
v -6.1180019 2.8989997 -4.0657716
v -6.1180019 2.8392804 -4.5483437
v -6.1180019 2.8989997 -4.4794240
v -6.1180019 2.9597290 -4.2725978
v -6.1180010 2.7054336 -3.9156096
v -6.1180010 2.7360919 -3.9246116
v -6.2865744 2.8705807 -4.0840354
v -6.2865744 2.8055713 -4.0090108
v -6.1180019 2.8392804 -3.9968524
v -6.1180019 2.9442327 -4.1648188
v -6.1180029 2.6669664 -4.6408811
v -6.1180029 2.7360919 -4.6205840
v -6.1180019 2.9389572 -4.3919282
v -6.1180019 2.8276932 -4.5617151
v -6.2865744 2.8055711 -4.5361853
v -6.1180019 2.9442327 -4.3803773
v -6.1180010 2.5227287 -3.8939345
v -6.1180010 2.5227287 -3.8939347
v -6.2865744 2.7220590 -3.9553404
v -6.1180010 2.6669667 -3.9043145
v -6.1180019 2.8276939 -3.9834805
v -6.2865744 2.9118197 -4.1743364
v -6.2865744 2.8705804 -4.4611607
v -6.1180029 2.6316154 -4.6512613
v -6.1180029 2.5227287 -4.6512613
v -6.1180019 2.8008130 -4.5789905
v -6.1180029 2.6316154 -4.6512613
v -6.2865744 2.7220585 -4.5898552
v -6.2865744 2.9259474 -4.2725978
v -6.2865744 2.9118195 -4.3708596
v -6.1180010 2.4873781 -3.9043145
v -6.1180010 2.4182522 -3.9246116
v -6.2865734 2.5275364 -3.9273722
v -6.1180010 2.6316159 -3.8939345
v -6.2865734 2.6268084 -3.9273722
v -6.1180029 2.4489105 -4.6295862
v -6.1180029 2.4182522 -4.6205840
v -6.2865753 2.5275362 -4.6178236
v -6.1180029 2.4873772 -4.6408811
v -6.2865753 2.6268079 -4.6178236
v -6.1180019 2.3150637 -3.9968529
v -6.1180019 2.2553451 -4.0657716
v -6.1180019 2.3535306 -3.9662058
v -6.2865744 2.4322855 -3.9553404
v -6.1180019 2.2636609 -4.4890203
v -6.1180019 2.2553451 -4.4794235
v -6.2865744 2.4322855 -4.5898552
v -6.1180019 2.3266509 -4.5617151
v -6.1180019 2.3266509 -3.9834805
v -6.2865744 2.3487728 -4.0090108
v -6.2865744 2.2837636 -4.0840354
v -6.1180019 2.2153869 -4.1532679
v -6.2865744 2.3487728 -4.5361848
v -6.1180019 2.3150637 -4.5483427
v -6.1180019 2.2101119 -4.3803763
v -6.1180019 2.1946151 -4.2725978
v -6.1180019 2.2101119 -4.1648188
v -6.2865744 2.2837636 -4.4611602
v -6.2865744 2.2425246 -4.3708591
v -6.2865744 2.2425246 -4.1743364
v -6.2865744 2.2283967 -4.2725978
v -6.5563860 3.2400115 -4.2636995
v -6.1860580 3.2400115 -4.2636995
v -6.1860580 3.2156689 -4.0943923
v -6.5563860 3.2156689 -4.0943923
v -6.5563860 3.2106550 -4.0773168
v -6.1860580 3.2106550 -4.0773168
v -6.1860576 3.1395988 -3.9217253
v -6.5563850 3.1395988 -3.9217253
v -6.5563850 3.1299775 -3.9067543
v -6.1860576 3.1299775 -3.9067543
v -6.1860576 3.0179651 -3.7774842
v -6.5563850 3.0179648 -3.7774842
v -6.5563850 3.0045152 -3.7658300
v -6.1860576 3.0045154 -3.7658300
v -6.1860576 2.8606203 -3.6733541
v -6.5563850 2.8606200 -3.6733541
v -6.5563850 2.8444319 -3.6659613
v -6.1860576 2.8444321 -3.6659613
v -6.1860576 2.6803122 -3.6177714
v -6.5563850 2.6803119 -3.6177714
v -6.5563850 2.6626966 -3.6152387
v -6.1860576 2.6626968 -3.6152387
v -6.1860576 2.4916484 -3.6152387
v -6.5563850 2.4916482 -3.6152387
v -6.5563850 2.4740329 -3.6177714
v -6.1860576 2.4740331 -3.6177714
v -6.1860576 2.3099129 -3.6659613
v -6.5563850 2.3099127 -3.6659613
v -6.5563850 2.2937245 -3.6733541
v -6.1860576 2.2937248 -3.6733541
v -6.1860576 2.1498296 -3.7658300
v -6.5563850 2.1498294 -3.7658300
v -6.5563850 2.1363797 -3.7774844
v -6.1860576 2.1363800 -3.7774844
v -6.1860576 2.0243671 -3.9067540
v -6.5563850 2.0243669 -3.9067540
v -6.5563850 2.0147452 -3.9217255
v -6.1860576 2.0147457 -3.9217255
v -6.1860580 1.9436897 -4.0773168
v -6.5563860 1.9436897 -4.0773168
v -6.5563860 1.9386759 -4.0943923
v -6.1860580 1.9386759 -4.0943923
v -6.1860580 1.9143330 -4.2636995
v -6.5563860 1.9143330 -4.2636995
v -6.5563860 1.9143330 -4.2814960
v -6.1860580 1.9143330 -4.2814960
v -6.1860580 1.9386758 -4.4508033
v -6.5563860 1.9386754 -4.4508033
v -6.5563860 1.9436892 -4.4678788
v -6.1860580 1.9436895 -4.4678788
v -6.1860580 2.0147455 -4.6234703
v -6.5563860 2.0147452 -4.6234703
v -6.5563860 2.0243669 -4.6384416
v -6.1860580 2.0243671 -4.6384416
v -6.1860590 2.1363802 -4.7677112
v -6.5563865 2.1363797 -4.7677112
v -6.5563865 2.2937243 -4.8718414
v -6.5563865 2.1498294 -4.7793655
v -6.1860590 2.1498296 -4.7793655
v -6.1860590 2.2937248 -4.8718414
v -6.5563865 2.4740322 -4.9274240
v -6.5563865 2.3099127 -4.8792343
v -6.1860590 2.3099132 -4.8792343
v -6.1860590 2.4740322 -4.9274240
v -6.5563865 2.4916472 -4.9299564
v -6.1860590 2.4916472 -4.9299564
v -6.1860590 2.6626961 -4.9299569
v -6.5563865 2.6626961 -4.9299569
v -6.5563865 2.6803117 -4.9274244
v -6.1860590 2.6803117 -4.9274244
v -6.1860590 2.8444309 -4.8792343
v -6.5563865 2.8444312 -4.8792343
v -6.5563865 2.8606191 -4.8718414
v -6.1860590 2.8606191 -4.8718414
v -6.1860590 3.0045147 -4.7793660
v -6.5563865 3.0045147 -4.7793660
v -6.5563865 3.0179646 -4.7677116
v -6.1860590 3.0179646 -4.7677116
v -6.1860580 3.1299772 -4.6384420
v -6.5563860 3.1299772 -4.6384420
v -6.1860580 3.2400115 -4.2814960
v -6.5563860 3.2400115 -4.2814960
v -6.5563860 3.2156689 -4.4508042
v -6.1860580 3.2156689 -4.4508042
v -6.5563860 3.1395986 -4.6234708
v -6.1860580 3.1395986 -4.6234708
v -6.1860580 3.2106550 -4.4678798
v -6.5563860 3.2106550 -4.4678798
f 1089 1088 1092
f 1089 1092 1093
f 1092 1096 1093
f 1096 1097 1093
f 1096 1100 1097
f 1122 1134 1097
f 1097 1100 1122
f 1100 1145 1122
f 1134 1114 1097
f 1100 1142 1145
f 1113 1097 1114
f 1100 1120 1121
f 1121 1142 1100
f 1113 1133 1101
f 1143 1120 1104
f 1104 1166 1143
f 1155 1129 1101
f 1101 1133 1155
f 1128 1101 1129
f 1141 1166 1104
f 1104 1140 1141
f 1128 1154 1105
f 1167 1119 1164
f 1167 1140 1119
f 1180 1151 1105
f 1152 1123 1151
f 1123 1105 1151
f 1105 1154 1180
f 1165 1139 1190
f 1164 1139 1165
f 1152 1176 1123
f 1190 1139 1187
f 1177 1200 1146
f 1146 1176 1177
f 1212 1188 1163
f 1163 1225 1212
f 1187 1163 1188
f 1218 1198 1146
f 1146 1200 1218
f 1225 1163 1209
f 1198 1171 1146
f 1199 1221 1171
f 1229 1226 1186
f 1226 1210 1186
f 1186 1171 1229
f 1171 1230 1229
f 1171 1221 1230
f 1209 1186 1210
f 1186 1192 1171
f 1186 1208 1192
f 1208 1213 1192
f 1208 1223 1213
f 1223 1227 1213
f 1087 1090 1091
f 1091 1090 1094
f 1094 1095 1091
f 1094 1098 1095
f 1098 1099 1095
f 1098 1111 1112
f 1112 1099 1098
f 1112 1109 1099
f 1098 1108 1111
f 1109 1110 1099
f 1098 1107 1108
f 1102 1127 1130
f 1130 1107 1102
f 1099 1117 1116
f 1099 1110 1117
f 1115 1099 1116
f 1135 1103 1115
f 1102 1125 1126
f 1126 1127 1102
f 1106 1150 1125
f 1103 1135 1137
f 1136 1103 1137
f 1158 1118 1136
f 1106 1149 1150
f 1124 1149 1106
f 1124 1178 1148
f 1124 1173 1178
f 1138 1161 1159
f 1118 1161 1138
f 1159 1160 1138
f 1182 1138 1160
f 1147 1175 1174
f 1173 1147 1174
f 1147 1194 1175
f 1162 1182 1183
f 1183 1184 1162
f 1162 1184 1202
f 1202 1203 1162
f 1172 1197 1195
f 1172 1196 1197
f 1194 1172 1195
f 1172 1215 1217
f 1217 1196 1172
f 1185 1204 1205
f 1205 1206 1185
f 1185 1203 1204
f 1193 1206 1216
f 1215 1193 1216
f 1193 1207 1185
f 1193 1214 1207
f 1214 1222 1207
f 1214 1228 1222
f 1132 1155 1133
f 1179 1152 1151
f 1219 1198 1218
f 1156 1169 1170
f 1131 1156 1170
f 1157 1131 1170
f 1132 1131 1157
f 1144 1132 1157
f 1153 1132 1144
f 1168 1153 1144
f 1181 1153 1168
f 1191 1181 1168
f 1179 1181 1191
f 1189 1179 1191
f 1201 1179 1189
f 1211 1201 1189
f 1219 1201 1211
f 1224 1219 1211
f 1220 1219 1224
f 1231 1220 1224
f 1233 1220 1231
f 1232 1233 1231
f 1235 1111 1234
f 1234 1108 1236
f 1107 1238 1236
f 1236 1108 1107
f 1238 1127 1240
f 1127 1126 1240
f 1125 1242 1240
f 1240 1126 1125
f 1150 1149 1242
f 1148 1244 1242
f 1242 1149 1148
f 1173 1246 1244
f 1244 1178 1173
f 1175 1248 1246
f 1194 1195 1248
f 1246 1174 1175
f 1248 1197 1250
f 1196 1252 1250
f 1250 1197 1196
f 1252 1215 1254
f 1215 1216 1254
f 1206 1255 1254
f 1254 1216 1206
f 1255 1204 1253
f 1253 1203 1251
f 1203 1202 1251
f 1184 1249 1251
f 1251 1202 1184
f 1182 1247 1249
f 1249 1183 1182
f 1160 1159 1247
f 1247 1161 1245
f 1245 1136 1243
f 1245 1161 1158
f 1136 1137 1243
f 1135 1241 1243
f 1115 1116 1241
f 1243 1137 1135
f 1241 1117 1239
f 1237 1112 1235
f 1239 1110 1237
f 1110 1109 1237
f 1235 1234 1237
f 1234 1236 1237
f 1236 1239 1237
f 1236 1238 1239
f 1238 1241 1239
f 1238 1240 1241
f 1240 1243 1241
f 1240 1242 1243
f 1242 1245 1243
f 1242 1244 1245
f 1244 1247 1245
f 1244 1246 1247
f 1246 1249 1247
f 1246 1248 1249
f 1248 1251 1249
f 1248 1250 1251
f 1250 1253 1251
f 1250 1252 1253
f 1252 1255 1253
f 1252 1254 1255
f 1285 1266 1278
f 1263 1266 1257
f 1265 1264 1256
f 1263 1256 1264
f 1277 1275 1264
f 1275 1261 1276
f 1261 1275 1262
f 1291 1276 1290
f 1289 1290 1273
f 1289 1287 1300
f 1300 1287 1288
f 1306 1299 1305
f 1299 1300 1288
f 1297 1307 1306
f 1316 1308 1313
f 1308 1307 1298
f 1313 1317 1316
f 1315 1312 1311
f 1315 1302 1314
f 1309 1302 1301
f 1309 1301 1310
f 1309 1310 1304
f 1302 1309 1314
f 1309 1293 1303
f 1303 1295 1281
f 1295 1303 1292
f 1292 1303 1293
f 1303 1281 1294
f 1283 1294 1280
f 1280 1294 1281
f 1296 1267 1284
f 1284 1267 1268
f 1271 1282 1270
f 1282 1284 1268
f 1271 1258 1259
f 1271 1259 1279
f 1286 1260 1285
f 1286 1269 1272
f 1269 1279 1259
f 1317 1315 1316
f 1319 1321 1318
f 1319 1087 1088
f 1320 1088 1089
f 1321 1089 1090
f 1087 1321 1090
f 1323 1325 1322
f 1323 1090 1089
f 1324 1089 1093
f 1094 1324 1093
f 1322 1094 1090
f 1327 1329 1326
f 1327 1094 1093
f 1328 1093 1097
f 1098 1328 1097
f 1094 1329 1098
f 1330 1332 1333
f 1331 1098 1097
f 1332 1097 1101
f 1102 1332 1101
f 1330 1102 1098
f 1335 1337 1334
f 1335 1102 1101
f 1336 1101 1105
f 1106 1336 1105
f 1334 1106 1102
f 1338 1340 1341
f 1339 1106 1105
f 1340 1105 1123
f 1124 1340 1123
f 1338 1124 1106
f 1343 1345 1342
f 1343 1124 1123
f 1344 1123 1146
f 1147 1344 1146
f 1342 1147 1124
f 1346 1348 1349
f 1347 1147 1146
f 1348 1146 1171
f 1172 1348 1171
f 1346 1172 1147
f 1351 1353 1350
f 1351 1172 1171
f 1192 1351 1171
f 1193 1352 1192
f 1350 1193 1172
f 1354 1356 1357
f 1355 1193 1192
f 1213 1355 1192
f 1357 1213 1214
f 1193 1357 1214
f 1359 1361 1358
f 1213 1358 1214
f 1360 1213 1227
f 1361 1227 1228
f 1358 1228 1214
f 1363 1365 1362
f 1227 1362 1228
f 1364 1227 1223
f 1222 1364 1223
f 1362 1222 1228
f 1366 1368 1369
f 1223 1366 1222
f 1368 1223 1208
f 1369 1208 1207
f 1222 1369 1207
f 1370 1372 1373
f 1208 1370 1207
f 1186 1371 1208
f 1373 1186 1185
f 1207 1373 1185
f 1375 1377 1374
f 1375 1162 1185
f 1186 1375 1185
f 1377 1186 1163
f 1374 1163 1162
f 1378 1380 1381
f 1379 1138 1162
f 1163 1379 1162
f 1139 1380 1163
f 1378 1139 1138
f 1383 1385 1382
f 1139 1382 1138
f 1384 1139 1119
f 1385 1119 1118
f 1138 1385 1118
f 1387 1389 1386
f 1119 1386 1118
f 1388 1119 1104
f 1389 1104 1103
f 1386 1103 1118
f 1390 1392 1393
f 1104 1390 1103
f 1392 1104 1100
f 1393 1100 1099
f 1103 1393 1099
f 1395 1397 1394
f 1100 1394 1099
f 1396 1100 1096
f 1095 1396 1096
f 1394 1095 1099
f 1399 1401 1398
f 1399 1088 1087
f 1400 1087 1091
f 1401 1091 1092
f 1398 1092 1088
f 1403 1405 1402
f 1403 1095 1096
f 1404 1096 1092
f 1091 1404 1092
f 1095 1405 1091
f 1113 1101 1097
f 1100 1104 1120
f 1128 1105 1101
f 1104 1119 1140
f 1164 1119 1139
f 1146 1123 1176
f 1187 1139 1163
f 1198 1199 1171
f 1209 1163 1186
f 1098 1102 1107
f 1115 1103 1099
f 1102 1106 1125
f 1136 1118 1103
f 1124 1148 1149
f 1118 1158 1161
f 1173 1124 1147
f 1162 1138 1182
f 1194 1147 1172
f 1185 1162 1203
f 1193 1185 1206
f 1215 1172 1193
f 1235 1112 1111
f 1234 1111 1108
f 1107 1130 1238
f 1238 1130 1127
f 1125 1150 1242
f 1148 1178 1244
f 1173 1174 1246
f 1175 1194 1248
f 1248 1195 1197
f 1196 1217 1252
f 1252 1217 1215
f 1206 1205 1255
f 1255 1205 1204
f 1253 1204 1203
f 1184 1183 1249
f 1182 1160 1247
f 1247 1159 1161
f 1245 1158 1136
f 1135 1115 1241
f 1241 1116 1117
f 1237 1109 1112
f 1239 1117 1110
f 1285 1260 1266
f 1263 1278 1266
f 1263 1257 1256
f 1277 1262 1275
f 1291 1275 1276
f 1289 1291 1290
f 1289 1274 1287
f 1299 1306 1300
f 1297 1298 1307
f 1316 1307 1308
f 1313 1312 1317
f 1315 1317 1312
f 1315 1311 1302
f 1309 1304 1293
f 1283 1296 1294
f 1296 1283 1267
f 1282 1271 1284
f 1271 1270 1258
f 1286 1272 1260
f 1286 1279 1269
f 1319 1320 1321
f 1319 1318 1087
f 1320 1319 1088
f 1321 1320 1089
f 1087 1318 1321
f 1323 1324 1325
f 1323 1322 1090
f 1324 1323 1089
f 1094 1325 1324
f 1322 1325 1094
f 1327 1328 1329
f 1327 1326 1094
f 1328 1327 1093
f 1098 1329 1328
f 1094 1326 1329
f 1330 1331 1332
f 1331 1330 1098
f 1332 1331 1097
f 1102 1333 1332
f 1330 1333 1102
f 1335 1336 1337
f 1335 1334 1102
f 1336 1335 1101
f 1106 1337 1336
f 1334 1337 1106
f 1338 1339 1340
f 1339 1338 1106
f 1340 1339 1105
f 1124 1341 1340
f 1338 1341 1124
f 1343 1344 1345
f 1343 1342 1124
f 1344 1343 1123
f 1147 1345 1344
f 1342 1345 1147
f 1346 1347 1348
f 1347 1346 1147
f 1348 1347 1146
f 1172 1349 1348
f 1346 1349 1172
f 1351 1352 1353
f 1351 1350 1172
f 1192 1352 1351
f 1193 1353 1352
f 1350 1353 1193
f 1354 1355 1356
f 1355 1354 1193
f 1213 1356 1355
f 1357 1356 1213
f 1193 1354 1357
f 1359 1360 1361
f 1213 1359 1358
f 1360 1359 1213
f 1361 1360 1227
f 1358 1361 1228
f 1363 1364 1365
f 1227 1363 1362
f 1364 1363 1227
f 1222 1365 1364
f 1362 1365 1222
f 1366 1367 1368
f 1223 1367 1366
f 1368 1367 1223
f 1369 1368 1208
f 1222 1366 1369
f 1370 1371 1372
f 1208 1371 1370
f 1186 1372 1371
f 1373 1372 1186
f 1207 1370 1373
f 1375 1376 1377
f 1375 1374 1162
f 1186 1376 1375
f 1377 1376 1186
f 1374 1377 1163
f 1378 1379 1380
f 1379 1378 1138
f 1163 1380 1379
f 1139 1381 1380
f 1378 1381 1139
f 1383 1384 1385
f 1139 1383 1382
f 1384 1383 1139
f 1385 1384 1119
f 1138 1382 1385
f 1387 1388 1389
f 1119 1387 1386
f 1388 1387 1119
f 1389 1388 1104
f 1386 1389 1103
f 1390 1391 1392
f 1104 1391 1390
f 1392 1391 1104
f 1393 1392 1100
f 1103 1390 1393
f 1395 1396 1397
f 1100 1395 1394
f 1396 1395 1100
f 1095 1397 1396
f 1394 1397 1095
f 1399 1400 1401
f 1399 1398 1088
f 1400 1399 1087
f 1401 1400 1091
f 1398 1401 1092
f 1403 1404 1405
f 1403 1402 1095
f 1404 1403 1096
f 1091 1405 1404
f 1095 1402 1405
v -8.6551018 3.2081277 -2.5764000
v -9.1615419 3.2081277 -2.5764000
v -9.1615419 3.1825697 -2.7541609
v -8.6551018 3.1825697 -2.7541609
v -8.6551018 3.1825697 -2.3986385
v -9.1615419 3.1825697 -2.3986387
v -9.1615429 3.1079659 -2.9175205
v -8.6551027 3.1079659 -2.9175205
v -8.6551018 3.1079655 -2.2352788
v -9.1615419 3.1079655 -2.2352788
v -9.1615429 2.9903607 -3.0532448
v -8.6551027 2.9903605 -3.0532448
v -8.6551008 2.9903603 -2.0995548
v -9.1615410 2.9903600 -2.0995550
v -9.1615429 2.8392811 -3.1503377
v -8.6551027 2.8392808 -3.1503377
v -8.6551008 2.8392799 -2.0024621
v -9.1615410 2.8392799 -2.0024621
v -9.1615429 2.6669669 -3.2009339
v -8.6551027 2.6669667 -3.2009337
v -8.6551018 2.8843119 -2.8371394
v -8.6551018 2.9161177 -2.8004336
v -8.6551018 2.9645238 -2.4637580
v -8.6551018 2.9443476 -2.4195783
v -8.6551018 2.9645243 -2.6944380
v -8.6551018 2.9811075 -2.5790982
v -9.1615419 2.8906837 -2.7928233
v -9.1615419 2.8989995 -2.7832260
v -8.6551018 2.8392801 -2.2693582
v -8.6551018 2.8398092 -2.2696981
v -8.6551018 2.9161174 -2.3577623
v -8.6551008 2.6669662 -1.9518661
v -9.1615410 2.6669662 -1.9518663
v -9.1615419 2.8392801 -2.3006544
v -9.1615419 2.8989995 -2.3695738
v -9.1615419 2.9597287 -2.5764000
v -9.1615429 2.4873784 -3.2009339
v -8.6551027 2.4873779 -3.2009337
v -8.6551027 2.7011130 -2.9634380
v -8.6551027 2.7417817 -2.9514966
v -8.6551018 2.8392806 -2.8888378
v -9.1615429 2.7054334 -2.9333882
v -9.1615429 2.7360916 -2.9243863
v -8.6551018 2.8398094 -2.8884978
v -8.9929695 2.8705804 -2.7649624
v -8.9929695 2.8055713 -2.8399870
v -9.1615419 2.8392801 -2.8521454
v -9.1615419 2.9442325 -2.6841788
v -8.6551018 2.8041520 -2.2467830
v -8.6551008 2.6669662 -2.1847320
v -8.6551008 2.7417812 -2.2066996
v -8.6551008 2.4873769 -1.9518666
v -9.1615410 2.4873769 -1.9518667
v -9.1615410 2.6669662 -2.2081170
v -9.1615410 2.7360916 -2.2284138
v -9.1615419 2.9389570 -2.4570696
v -9.1615419 2.8276930 -2.2872825
v -8.9929695 2.8055708 -2.3128128
v -9.1615419 2.9442325 -2.4686208
v -9.1615429 2.3150637 -3.1503377
v -8.6551027 2.3150632 -3.1503377
v -8.6551027 2.5185213 -2.9843256
v -8.6551027 2.6299758 -2.9843256
v -8.6551027 2.6669664 -2.9734643
v -9.1615429 2.5227284 -2.9550633
v -9.1615429 2.5227284 -2.9550631
v -8.9929695 2.7220588 -2.8936574
v -9.1615429 2.6669664 -2.9446833
v -9.1615419 2.8276937 -2.8655174
v -8.9929695 2.9118195 -2.6746614
v -8.9929695 2.8705802 -2.3878372
v -8.6551008 2.6348412 -2.1752992
v -8.6551008 2.5134494 -2.1738706
v -8.6551008 2.4873772 -2.1815262
v -8.6551008 2.6299753 -2.1738706
v -8.6551008 2.3150630 -2.0024624
v -9.1615410 2.3150635 -2.0024624
v -9.1615410 2.6316149 -2.1977367
v -9.1615410 2.5227284 -2.1977367
v -9.1615419 2.8008127 -2.2700076
v -9.1615410 2.6316149 -2.1977367
v -8.9929695 2.7220581 -2.2591426
v -8.9929695 2.9259472 -2.5764000
v -8.9929695 2.9118192 -2.4781382
v -9.1615429 2.1639838 -3.0532448
v -8.6551027 2.1639836 -3.0532446
v -8.6551027 2.4873776 -2.9766703
v -8.6551027 2.4016442 -2.9514966
v -8.6551027 2.3485575 -2.9173796
v -9.1615429 2.4873779 -2.9446833
v -9.1615429 2.4182520 -2.9243863
v -8.6551027 2.5134499 -2.9843256
v -8.9929705 2.5275362 -2.9216256
v -9.1615429 2.6316156 -2.9550633
v -8.9929705 2.6268082 -2.9216256
v -8.6551008 2.4529016 -2.1916492
v -8.6551008 2.4016440 -2.2066998
v -8.6551018 2.3150632 -2.2623420
v -8.6551008 2.1639833 -2.0995555
v -9.1615410 2.1639838 -2.0995555
v -9.1615410 2.4489102 -2.2194118
v -9.1615410 2.4182520 -2.2284141
v -8.9929686 2.5275359 -2.2311745
v -9.1615410 2.4873769 -2.2081170
v -8.9929686 2.6268075 -2.2311745
v -9.1615429 2.0463784 -2.9175205
v -8.6551027 2.0463781 -2.9175205
v -8.6551018 2.3150632 -2.8958542
v -8.6551018 2.3036165 -2.8884978
v -8.6551018 2.2067916 -2.7555084
v -8.6551018 2.2273083 -2.8004336
v -9.1615419 2.3150635 -2.8521450
v -9.1615419 2.2553449 -2.7832260
v -9.1615419 2.3535304 -2.8827920
v -8.9929695 2.4322853 -2.8936574
v -8.6551018 2.3036163 -2.2696984
v -8.6551018 2.2712739 -2.3070235
v -8.6551018 2.2273083 -2.3577628
v -8.6551018 2.1789017 -2.4637585
v -8.6551018 2.1639836 -2.5675159
v -8.6551018 2.0463779 -2.2352793
v -9.1615419 2.0463781 -2.2352796
v -9.1615419 2.2636607 -2.3599775
v -9.1615419 2.2553449 -2.3695743
v -8.9929695 2.4322853 -2.2591426
v -9.1615419 2.3266506 -2.2872827
v -9.1615419 1.9717747 -2.7541609
v -8.6551018 1.9717747 -2.7541609
v -8.6551018 2.1639836 -2.5906804
v -8.6551018 2.1623182 -2.5790982
v -8.6551018 2.1789017 -2.6944380
v -9.1615419 2.3266506 -2.8655174
v -8.9929695 2.3487725 -2.8399870
v -8.9929695 2.2837634 -2.7649624
v -9.1615419 2.2153866 -2.6957297
v -8.6551018 1.9717741 -2.3986394
v -9.1615419 1.9717743 -2.3986394
v -8.9929695 2.3487725 -2.3128130
v -9.1615419 2.3150635 -2.3006554
v -9.1615419 2.2101116 -2.4686213
v -9.1615419 1.9462163 -2.5764000
v -8.6551018 1.9462162 -2.5764000
v -9.1615419 2.1946149 -2.5764000
v -9.1615419 2.2101116 -2.6841788
v -8.9929695 2.2837634 -2.3878379
v -8.9929695 2.2425244 -2.4781387
v -8.9929695 2.2425244 -2.6746614
v -8.8177233 2.9645243 -2.6944380
v -8.8177233 2.9811075 -2.5790982
v -8.8177233 2.9161177 -2.8004336
v -8.8177233 2.9645238 -2.4637580
v -8.8177233 2.8398094 -2.8884981
v -8.8177233 2.9161174 -2.3577623
v -8.8177242 2.7417817 -2.9514966
v -8.8177233 2.8398092 -2.2696981
v -8.8177242 2.6299758 -2.9843256
v -8.8177223 2.7417812 -2.2066996
v -8.8177242 2.5134499 -2.9843256
v -8.8177223 2.6299753 -2.1738706
v -8.8177242 2.4016442 -2.9514966
v -8.8177223 2.5134494 -2.1738706
v -8.8177233 2.3036165 -2.8884978
v -8.8177223 2.4016440 -2.2066998
v -8.8177233 2.2273083 -2.8004336
v -8.8177233 2.3036163 -2.2696984
v -8.8177233 2.1789017 -2.6944380
v -8.8177233 2.2273083 -2.3577628
v -8.8177233 2.1623182 -2.5790982
v -8.8177233 2.1789017 -2.4637585
v -9.1615419 2.8906837 -2.7928233
v -9.1615419 2.8989995 -2.7832260
v -9.1615419 2.8392801 -2.3006544
v -9.1615419 2.8989995 -2.3695738
v -9.1615419 2.9597287 -2.5764000
v -9.1615429 2.7054334 -2.9333882
v -9.1615429 2.7360916 -2.9243863
v -8.9929695 2.8705804 -2.7649624
v -8.9929695 2.8055713 -2.8399870
v -9.1615419 2.8392801 -2.8521454
v -9.1615419 2.9442325 -2.6841788
v -9.1615410 2.6669662 -2.2081170
v -9.1615410 2.7360916 -2.2284138
v -9.1615419 2.9389570 -2.4570696
v -9.1615419 2.8276930 -2.2872825
v -8.9929695 2.8055708 -2.3128128
v -9.1615419 2.9442325 -2.4686208
v -9.1615429 2.5227284 -2.9550633
v -9.1615429 2.5227284 -2.9550631
v -8.9929695 2.7220588 -2.8936574
v -9.1615429 2.6669664 -2.9446833
v -9.1615419 2.8276937 -2.8655174
v -8.9929695 2.9118195 -2.6746614
v -8.9929695 2.8705802 -2.3878372
v -9.1615410 2.6316149 -2.1977367
v -9.1615410 2.5227284 -2.1977367
v -9.1615419 2.8008127 -2.2700076
v -9.1615410 2.6316149 -2.1977367
v -8.9929695 2.7220581 -2.2591426
v -8.9929695 2.9259472 -2.5764000
v -8.9929695 2.9118192 -2.4781382
v -9.1615429 2.4873779 -2.9446833
v -9.1615429 2.4182520 -2.9243863
v -8.9929705 2.5275362 -2.9216256
v -9.1615429 2.6316156 -2.9550633
v -8.9929705 2.6268082 -2.9216256
v -9.1615410 2.4489102 -2.2194118
v -9.1615410 2.4182520 -2.2284141
v -8.9929686 2.5275359 -2.2311745
v -9.1615410 2.4873769 -2.2081170
v -8.9929686 2.6268075 -2.2311745
v -9.1615419 2.3150635 -2.8521450
v -9.1615419 2.2553449 -2.7832260
v -9.1615419 2.3535304 -2.8827920
v -8.9929695 2.4322853 -2.8936574
v -9.1615419 2.2636607 -2.3599775
v -9.1615419 2.2553449 -2.3695743
v -8.9929695 2.4322853 -2.2591426
v -9.1615419 2.3266506 -2.2872827
v -9.1615419 2.3266506 -2.8655174
v -8.9929695 2.3487725 -2.8399870
v -8.9929695 2.2837634 -2.7649624
v -9.1615419 2.2153866 -2.6957297
v -8.9929695 2.3487725 -2.3128130
v -9.1615419 2.3150635 -2.3006554
v -9.1615419 2.2101116 -2.4686213
v -9.1615419 2.1946149 -2.5764000
v -9.1615419 2.2101116 -2.6841788
v -8.9929695 2.2837634 -2.3878379
v -8.9929695 2.2425244 -2.4781387
v -8.9929695 2.2425244 -2.6746614
v -8.9929695 2.2283964 -2.5764000
v -8.7231579 3.2400112 -2.5852981
v -9.0934858 3.2400112 -2.5852983
v -9.0934858 3.2156687 -2.7546058
v -8.7231579 3.2156687 -2.7546055
v -8.7231579 3.2106550 -2.7716813
v -9.0934858 3.2106550 -2.7716813
v -9.0934868 3.1395988 -2.9272726
v -8.7231588 3.1395988 -2.9272723
v -8.7231588 3.1299775 -2.9422436
v -9.0934868 3.1299775 -2.9422436
v -9.0934868 3.0179651 -3.0715137
v -8.7231588 3.0179648 -3.0715137
v -8.7231588 3.0045149 -3.0831678
v -9.0934868 3.0045152 -3.0831680
v -9.0934868 2.8606200 -3.1756437
v -8.7231588 2.8606198 -3.1756437
v -8.7231588 2.8444316 -3.1830366
v -9.0934868 2.8444319 -3.1830366
v -9.0934868 2.6803119 -3.2312264
v -8.7231588 2.6803117 -3.2312264
v -8.7231588 2.6626964 -3.2337592
v -9.0934868 2.6626966 -3.2337592
v -9.0934868 2.4916484 -3.2337592
v -8.7231588 2.4916482 -3.2337592
v -8.7231588 2.4740329 -3.2312264
v -9.0934868 2.4740331 -3.2312264
v -9.0934868 2.3099129 -3.1830366
v -8.7231588 2.3099127 -3.1830366
v -8.7231588 2.2937243 -3.1756434
v -9.0934868 2.2937245 -3.1756437
v -9.0934868 2.1498294 -3.0831678
v -8.7231588 2.1498291 -3.0831678
v -8.7231588 2.1363795 -3.0715134
v -9.0934868 2.1363797 -3.0715134
v -9.0934868 2.0243669 -2.9422438
v -8.7231588 2.0243666 -2.9422438
v -8.7231588 2.0147452 -2.9272723
v -9.0934868 2.0147455 -2.9272723
v -9.0934858 1.9436895 -2.7716811
v -8.7231579 1.9436895 -2.7716811
v -8.7231579 1.9386756 -2.7546058
v -9.0934858 1.9386756 -2.7546058
v -9.0934858 1.9143327 -2.5852983
v -8.7231579 1.9143327 -2.5852983
v -8.7231579 1.9143327 -2.5675018
v -9.0934858 1.9143327 -2.5675018
v -9.0934858 1.9386754 -2.3981948
v -8.7231579 1.9386750 -2.3981946
v -8.7231579 1.9436889 -2.3811190
v -9.0934858 1.9436891 -2.3811190
v -9.0934858 2.0147450 -2.2255278
v -8.7231579 2.0147450 -2.2255275
v -8.7231579 2.0243666 -2.2105563
v -9.0934858 2.0243666 -2.2105563
v -9.0934849 2.1363797 -2.0812867
v -8.7231569 2.1363792 -2.0812864
v -8.7231569 2.2937241 -1.9771565
v -8.7231569 2.1498289 -2.0696323
v -9.0934849 2.1498294 -2.0696325
v -9.0934849 2.2937245 -1.9771566
v -8.7231569 2.4740319 -1.9215739
v -8.7231569 2.3099124 -1.9697636
v -9.0934849 2.3099127 -1.9697636
v -9.0934849 2.4740319 -1.9215740
v -8.7231569 2.4916470 -1.9190413
v -9.0934849 2.4916470 -1.9190413
v -9.0934849 2.6626959 -1.9190408
v -8.7231579 2.6626959 -1.9190408
v -8.7231579 2.6803114 -1.9215735
v -9.0934849 2.6803112 -1.9215736
v -9.0934849 2.8444307 -1.9697634
v -8.7231579 2.8444307 -1.9697634
v -8.7231579 2.8606188 -1.9771562
v -9.0934849 2.8606186 -1.9771562
v -9.0934849 3.0045145 -2.0696318
v -8.7231569 3.0045145 -2.0696316
v -8.7231569 3.0179644 -2.0812860
v -9.0934849 3.0179644 -2.0812862
v -9.0934858 3.1299770 -2.2105558
v -8.7231579 3.1299770 -2.2105558
v -9.0934858 3.2400112 -2.5675018
v -8.7231579 3.2400112 -2.5675018
v -8.7231579 3.2156687 -2.3981938
v -9.0934858 3.2156687 -2.3981938
v -8.7231579 3.1395984 -2.2255268
v -9.0934858 3.1395984 -2.2255268
v -9.0934858 3.2106547 -2.3811181
v -8.7231579 3.2106547 -2.3811181
f 1408 1407 1411
f 1408 1411 1412
f 1411 1415 1412
f 1415 1416 1412
f 1415 1419 1416
f 1441 1453 1416
f 1416 1419 1441
f 1419 1464 1441
f 1453 1433 1416
f 1419 1461 1464
f 1432 1416 1433
f 1419 1439 1440
f 1440 1461 1419
f 1432 1452 1420
f 1462 1439 1423
f 1423 1485 1462
f 1474 1448 1420
f 1420 1452 1474
f 1447 1420 1448
f 1460 1485 1423
f 1423 1459 1460
f 1447 1473 1424
f 1486 1438 1483
f 1486 1459 1438
f 1499 1470 1424
f 1471 1442 1470
f 1442 1424 1470
f 1424 1473 1499
f 1484 1458 1509
f 1483 1458 1484
f 1471 1495 1442
f 1509 1458 1506
f 1496 1519 1465
f 1465 1495 1496
f 1531 1507 1482
f 1482 1544 1531
f 1506 1482 1507
f 1537 1517 1465
f 1465 1519 1537
f 1544 1482 1528
f 1517 1490 1465
f 1518 1540 1490
f 1548 1545 1505
f 1545 1529 1505
f 1505 1490 1548
f 1490 1549 1548
f 1490 1540 1549
f 1528 1505 1529
f 1505 1511 1490
f 1505 1527 1511
f 1527 1532 1511
f 1527 1542 1532
f 1542 1546 1532
f 1406 1409 1410
f 1410 1409 1413
f 1413 1414 1410
f 1413 1417 1414
f 1417 1418 1414
f 1417 1430 1431
f 1431 1418 1417
f 1431 1428 1418
f 1417 1427 1430
f 1428 1429 1418
f 1417 1426 1427
f 1421 1446 1449
f 1449 1426 1421
f 1418 1436 1435
f 1418 1429 1436
f 1434 1418 1435
f 1454 1422 1434
f 1421 1444 1445
f 1445 1446 1421
f 1425 1469 1444
f 1422 1454 1456
f 1455 1422 1456
f 1477 1437 1455
f 1425 1468 1469
f 1443 1468 1425
f 1443 1497 1467
f 1443 1492 1497
f 1457 1480 1478
f 1437 1480 1457
f 1478 1479 1457
f 1501 1457 1479
f 1466 1494 1493
f 1492 1466 1493
f 1466 1513 1494
f 1481 1501 1502
f 1502 1503 1481
f 1481 1503 1521
f 1521 1522 1481
f 1491 1516 1514
f 1491 1515 1516
f 1513 1491 1514
f 1491 1534 1536
f 1536 1515 1491
f 1504 1523 1524
f 1524 1525 1504
f 1504 1522 1523
f 1512 1525 1535
f 1534 1512 1535
f 1512 1526 1504
f 1512 1533 1526
f 1533 1541 1526
f 1533 1547 1541
f 1451 1474 1452
f 1498 1471 1470
f 1538 1517 1537
f 1475 1488 1489
f 1450 1475 1489
f 1476 1450 1489
f 1451 1450 1476
f 1463 1451 1476
f 1472 1451 1463
f 1487 1472 1463
f 1500 1472 1487
f 1510 1500 1487
f 1498 1500 1510
f 1508 1498 1510
f 1520 1498 1508
f 1530 1520 1508
f 1538 1520 1530
f 1543 1538 1530
f 1539 1538 1543
f 1550 1539 1543
f 1552 1539 1550
f 1551 1552 1550
f 1554 1430 1553
f 1553 1427 1555
f 1426 1557 1555
f 1555 1427 1426
f 1557 1446 1559
f 1446 1445 1559
f 1444 1561 1559
f 1559 1445 1444
f 1469 1468 1561
f 1467 1563 1561
f 1561 1468 1467
f 1492 1565 1563
f 1563 1497 1492
f 1494 1567 1565
f 1513 1514 1567
f 1565 1493 1494
f 1567 1516 1569
f 1515 1571 1569
f 1569 1516 1515
f 1571 1534 1573
f 1534 1535 1573
f 1525 1574 1573
f 1573 1535 1525
f 1574 1523 1572
f 1572 1522 1570
f 1522 1521 1570
f 1503 1568 1570
f 1570 1521 1503
f 1501 1566 1568
f 1568 1502 1501
f 1479 1478 1566
f 1566 1480 1564
f 1564 1455 1562
f 1564 1480 1477
f 1455 1456 1562
f 1454 1560 1562
f 1434 1435 1560
f 1562 1456 1454
f 1560 1436 1558
f 1556 1431 1554
f 1558 1429 1556
f 1429 1428 1556
f 1554 1553 1556
f 1553 1555 1556
f 1555 1558 1556
f 1555 1557 1558
f 1557 1560 1558
f 1557 1559 1560
f 1559 1562 1560
f 1559 1561 1562
f 1561 1564 1562
f 1561 1563 1564
f 1563 1566 1564
f 1563 1565 1566
f 1565 1568 1566
f 1565 1567 1568
f 1567 1570 1568
f 1567 1569 1570
f 1569 1572 1570
f 1569 1571 1572
f 1571 1574 1572
f 1571 1573 1574
f 1604 1585 1597
f 1582 1585 1576
f 1584 1583 1575
f 1582 1575 1583
f 1596 1594 1583
f 1594 1580 1595
f 1580 1594 1581
f 1610 1595 1609
f 1608 1609 1592
f 1608 1606 1619
f 1619 1606 1607
f 1625 1618 1624
f 1618 1619 1607
f 1616 1626 1625
f 1635 1627 1632
f 1627 1626 1617
f 1632 1636 1635
f 1634 1631 1630
f 1634 1621 1633
f 1628 1621 1620
f 1628 1620 1629
f 1628 1629 1623
f 1621 1628 1633
f 1628 1612 1622
f 1622 1614 1600
f 1614 1622 1611
f 1611 1622 1612
f 1622 1600 1613
f 1602 1613 1599
f 1599 1613 1600
f 1615 1586 1603
f 1603 1586 1587
f 1590 1601 1589
f 1601 1603 1587
f 1590 1577 1578
f 1590 1578 1598
f 1605 1579 1604
f 1605 1588 1591
f 1588 1598 1578
f 1636 1634 1635
f 1638 1640 1637
f 1638 1406 1407
f 1639 1407 1408
f 1640 1408 1409
f 1406 1640 1409
f 1642 1644 1641
f 1642 1409 1408
f 1643 1408 1412
f 1413 1643 1412
f 1641 1413 1409
f 1646 1648 1645
f 1646 1413 1412
f 1647 1412 1416
f 1417 1647 1416
f 1413 1648 1417
f 1649 1651 1652
f 1650 1417 1416
f 1651 1416 1420
f 1421 1651 1420
f 1649 1421 1417
f 1654 1656 1653
f 1654 1421 1420
f 1655 1420 1424
f 1425 1655 1424
f 1653 1425 1421
f 1657 1659 1660
f 1658 1425 1424
f 1659 1424 1442
f 1443 1659 1442
f 1657 1443 1425
f 1662 1664 1661
f 1662 1443 1442
f 1663 1442 1465
f 1466 1663 1465
f 1661 1466 1443
f 1665 1667 1668
f 1666 1466 1465
f 1667 1465 1490
f 1491 1667 1490
f 1665 1491 1466
f 1670 1672 1669
f 1670 1491 1490
f 1511 1670 1490
f 1512 1671 1511
f 1669 1512 1491
f 1673 1675 1676
f 1674 1512 1511
f 1532 1674 1511
f 1676 1532 1533
f 1512 1676 1533
f 1678 1680 1677
f 1532 1677 1533
f 1679 1532 1546
f 1680 1546 1547
f 1677 1547 1533
f 1682 1684 1681
f 1546 1681 1547
f 1683 1546 1542
f 1541 1683 1542
f 1681 1541 1547
f 1685 1687 1688
f 1542 1685 1541
f 1687 1542 1527
f 1688 1527 1526
f 1541 1688 1526
f 1689 1691 1692
f 1527 1689 1526
f 1505 1690 1527
f 1692 1505 1504
f 1526 1692 1504
f 1694 1696 1693
f 1694 1481 1504
f 1505 1694 1504
f 1696 1505 1482
f 1693 1482 1481
f 1697 1699 1700
f 1698 1457 1481
f 1482 1698 1481
f 1458 1699 1482
f 1697 1458 1457
f 1702 1704 1701
f 1458 1701 1457
f 1703 1458 1438
f 1704 1438 1437
f 1457 1704 1437
f 1706 1708 1705
f 1438 1705 1437
f 1707 1438 1423
f 1708 1423 1422
f 1705 1422 1437
f 1709 1711 1712
f 1423 1709 1422
f 1711 1423 1419
f 1712 1419 1418
f 1422 1712 1418
f 1714 1716 1713
f 1419 1713 1418
f 1715 1419 1415
f 1414 1715 1415
f 1713 1414 1418
f 1718 1720 1717
f 1718 1407 1406
f 1719 1406 1410
f 1720 1410 1411
f 1717 1411 1407
f 1722 1724 1721
f 1722 1414 1415
f 1723 1415 1411
f 1410 1723 1411
f 1414 1724 1410
f 1432 1420 1416
f 1419 1423 1439
f 1447 1424 1420
f 1423 1438 1459
f 1483 1438 1458
f 1465 1442 1495
f 1506 1458 1482
f 1517 1518 1490
f 1528 1482 1505
f 1417 1421 1426
f 1434 1422 1418
f 1421 1425 1444
f 1455 1437 1422
f 1443 1467 1468
f 1437 1477 1480
f 1492 1443 1466
f 1481 1457 1501
f 1513 1466 1491
f 1504 1481 1522
f 1512 1504 1525
f 1534 1491 1512
f 1554 1431 1430
f 1553 1430 1427
f 1426 1449 1557
f 1557 1449 1446
f 1444 1469 1561
f 1467 1497 1563
f 1492 1493 1565
f 1494 1513 1567
f 1567 1514 1516
f 1515 1536 1571
f 1571 1536 1534
f 1525 1524 1574
f 1574 1524 1523
f 1572 1523 1522
f 1503 1502 1568
f 1501 1479 1566
f 1566 1478 1480
f 1564 1477 1455
f 1454 1434 1560
f 1560 1435 1436
f 1556 1428 1431
f 1558 1436 1429
f 1604 1579 1585
f 1582 1597 1585
f 1582 1576 1575
f 1596 1581 1594
f 1610 1594 1595
f 1608 1610 1609
f 1608 1593 1606
f 1618 1625 1619
f 1616 1617 1626
f 1635 1626 1627
f 1632 1631 1636
f 1634 1636 1631
f 1634 1630 1621
f 1628 1623 1612
f 1602 1615 1613
f 1615 1602 1586
f 1601 1590 1603
f 1590 1589 1577
f 1605 1591 1579
f 1605 1598 1588
f 1638 1639 1640
f 1638 1637 1406
f 1639 1638 1407
f 1640 1639 1408
f 1406 1637 1640
f 1642 1643 1644
f 1642 1641 1409
f 1643 1642 1408
f 1413 1644 1643
f 1641 1644 1413
f 1646 1647 1648
f 1646 1645 1413
f 1647 1646 1412
f 1417 1648 1647
f 1413 1645 1648
f 1649 1650 1651
f 1650 1649 1417
f 1651 1650 1416
f 1421 1652 1651
f 1649 1652 1421
f 1654 1655 1656
f 1654 1653 1421
f 1655 1654 1420
f 1425 1656 1655
f 1653 1656 1425
f 1657 1658 1659
f 1658 1657 1425
f 1659 1658 1424
f 1443 1660 1659
f 1657 1660 1443
f 1662 1663 1664
f 1662 1661 1443
f 1663 1662 1442
f 1466 1664 1663
f 1661 1664 1466
f 1665 1666 1667
f 1666 1665 1466
f 1667 1666 1465
f 1491 1668 1667
f 1665 1668 1491
f 1670 1671 1672
f 1670 1669 1491
f 1511 1671 1670
f 1512 1672 1671
f 1669 1672 1512
f 1673 1674 1675
f 1674 1673 1512
f 1532 1675 1674
f 1676 1675 1532
f 1512 1673 1676
f 1678 1679 1680
f 1532 1678 1677
f 1679 1678 1532
f 1680 1679 1546
f 1677 1680 1547
f 1682 1683 1684
f 1546 1682 1681
f 1683 1682 1546
f 1541 1684 1683
f 1681 1684 1541
f 1685 1686 1687
f 1542 1686 1685
f 1687 1686 1542
f 1688 1687 1527
f 1541 1685 1688
f 1689 1690 1691
f 1527 1690 1689
f 1505 1691 1690
f 1692 1691 1505
f 1526 1689 1692
f 1694 1695 1696
f 1694 1693 1481
f 1505 1695 1694
f 1696 1695 1505
f 1693 1696 1482
f 1697 1698 1699
f 1698 1697 1457
f 1482 1699 1698
f 1458 1700 1699
f 1697 1700 1458
f 1702 1703 1704
f 1458 1702 1701
f 1703 1702 1458
f 1704 1703 1438
f 1457 1701 1704
f 1706 1707 1708
f 1438 1706 1705
f 1707 1706 1438
f 1708 1707 1423
f 1705 1708 1422
f 1709 1710 1711
f 1423 1710 1709
f 1711 1710 1423
f 1712 1711 1419
f 1422 1709 1712
f 1714 1715 1716
f 1419 1714 1713
f 1715 1714 1419
f 1414 1716 1715
f 1713 1716 1414
f 1718 1719 1720
f 1718 1717 1407
f 1719 1718 1406
f 1720 1719 1410
f 1717 1720 1411
f 1722 1723 1724
f 1722 1721 1414
f 1723 1722 1415
f 1410 1724 1723
f 1414 1721 1724
v -8.6551018 3.2081280 -4.2725973
v -9.1615419 3.2081280 -4.2725973
v -9.1615419 3.1825700 -4.4503579
v -8.6551018 3.1825700 -4.4503579
v -8.6551018 3.1825700 -4.0948358
v -9.1615419 3.1825700 -4.0948358
v -9.1615429 3.1079662 -4.6137180
v -8.6551027 3.1079662 -4.6137180
v -8.6551018 3.1079657 -3.9314761
v -9.1615419 3.1079657 -3.9314761
v -9.1615429 2.9903610 -4.7494421
v -8.6551027 2.9903607 -4.7494421
v -8.6551008 2.9903605 -3.7957520
v -9.1615410 2.9903603 -3.7957523
v -9.1615429 2.8392813 -4.8465352
v -8.6551027 2.8392811 -4.8465347
v -8.6551008 2.8392801 -3.6986594
v -9.1615410 2.8392801 -3.6986594
v -9.1615429 2.6669672 -4.8971310
v -8.6551027 2.6669669 -4.8971310
v -8.6551018 2.8843122 -4.5333366
v -8.6551018 2.9161179 -4.4966307
v -8.6551018 2.9645240 -4.1599550
v -8.6551018 2.9443479 -4.1157756
v -8.6551018 2.9645245 -4.3906350
v -8.6551018 2.9811077 -4.2752953
v -9.1615419 2.8906839 -4.4890203
v -9.1615419 2.8989997 -4.4794235
v -8.6551018 2.8392804 -3.9655554
v -8.6551018 2.8398094 -3.9658954
v -8.6551018 2.9161177 -4.0539598
v -8.6551008 2.6669664 -3.6480634
v -9.1615410 2.6669664 -3.6480634
v -9.1615419 2.8392804 -3.9968517
v -9.1615419 2.8989997 -4.0657711
v -9.1615419 2.9597290 -4.2725973
v -9.1615429 2.4873786 -4.8971310
v -8.6551027 2.4873781 -4.8971310
v -8.6551027 2.7011132 -4.6596351
v -8.6551027 2.7417819 -4.6476941
v -8.6551018 2.8392808 -4.5850348
v -9.1615429 2.7054336 -4.6295857
v -9.1615429 2.7360919 -4.6205835
v -8.6551018 2.8398097 -4.5846953
v -8.9929695 2.8705807 -4.4611597
v -8.9929695 2.8055716 -4.5361843
v -9.1615419 2.8392804 -4.5483427
v -9.1615419 2.9442327 -4.3803763
v -8.6551018 2.8041523 -3.9429803
v -8.6551008 2.6669664 -3.8809292
v -8.6551008 2.7417815 -3.9028969
v -8.6551008 2.4873772 -3.6480639
v -9.1615410 2.4873772 -3.6480639
v -9.1615410 2.6669664 -3.9043143
v -9.1615410 2.7360919 -3.9246111
v -9.1615419 2.9389572 -4.1532669
v -9.1615419 2.8276932 -3.9834797
v -8.9929695 2.8055711 -4.0090103
v -9.1615419 2.9442327 -4.1648178
v -9.1615429 2.3150640 -4.8465352
v -8.6551027 2.3150635 -4.8465347
v -8.6551027 2.5185215 -4.6805229
v -8.6551027 2.6299760 -4.6805229
v -8.6551027 2.6669667 -4.6696615
v -9.1615429 2.5227287 -4.6512609
v -9.1615429 2.5227287 -4.6512604
v -8.9929695 2.7220590 -4.5898547
v -9.1615429 2.6669667 -4.6408806
v -9.1615419 2.8276939 -4.5617146
v -8.9929695 2.9118197 -4.3708587
v -8.9929695 2.8705804 -4.0840344
v -8.6551008 2.6348414 -3.8714964
v -8.6551008 2.5134497 -3.8700678
v -8.6551008 2.4873774 -3.8777235
v -8.6551008 2.6299756 -3.8700678
v -8.6551008 2.3150632 -3.6986597
v -9.1615410 2.3150637 -3.6986597
v -9.1615410 2.6316152 -3.8939340
v -9.1615410 2.5227287 -3.8939340
v -9.1615419 2.8008130 -3.9662049
v -9.1615410 2.6316152 -3.8939340
v -8.9929695 2.7220583 -3.9553399
v -8.9929695 2.9259474 -4.2725973
v -8.9929695 2.9118195 -4.1743355
v -9.1615429 2.1639841 -4.7494421
v -8.6551027 2.1639838 -4.7494421
v -8.6551027 2.4873779 -4.6728673
v -8.6551027 2.4016445 -4.6476936
v -8.6551027 2.3485577 -4.6135769
v -9.1615429 2.4873781 -4.6408806
v -9.1615429 2.4182522 -4.6205835
v -8.6551027 2.5134501 -4.6805229
v -8.9929705 2.5275364 -4.6178226
v -9.1615429 2.6316159 -4.6512609
v -8.9929705 2.6268084 -4.6178226
v -8.6551008 2.4529018 -3.8878465
v -8.6551008 2.4016442 -3.9028971
v -8.6551018 2.3150635 -3.9585392
v -8.6551008 2.1639836 -3.7957528
v -9.1615410 2.1639841 -3.7957528
v -9.1615410 2.4489105 -3.9156091
v -9.1615410 2.4182522 -3.9246113
v -8.9929686 2.5275362 -3.9273717
v -9.1615410 2.4873772 -3.9043143
v -8.9929686 2.6268077 -3.9273717
v -9.1615429 2.0463786 -4.6137180
v -8.6551027 2.0463784 -4.6137180
v -8.6551018 2.3150635 -4.5920515
v -8.6551018 2.3036168 -4.5846953
v -8.6551018 2.2067919 -4.4517055
v -8.6551018 2.2273085 -4.4966307
v -9.1615419 2.3150637 -4.5483422
v -9.1615419 2.2553451 -4.4794235
v -9.1615419 2.3535306 -4.5789890
v -8.9929695 2.4322855 -4.5898547
v -8.6551018 2.3036165 -3.9658957
v -8.6551018 2.2712741 -4.0032210
v -8.6551018 2.2273085 -4.0539598
v -8.6551018 2.1789019 -4.1599555
v -8.6551018 2.1639838 -4.2637129
v -8.6551018 2.0463781 -3.9314766
v -9.1615419 2.0463784 -3.9314768
v -9.1615419 2.2636609 -4.0561748
v -9.1615419 2.2553451 -4.0657716
v -8.9929695 2.4322855 -3.9553399
v -9.1615419 2.3266509 -3.9834800
v -9.1615419 1.9717749 -4.4503579
v -8.6551018 1.9717749 -4.4503579
v -8.6551018 2.1639838 -4.2868776
v -8.6551018 2.1623185 -4.2752953
v -8.6551018 2.1789019 -4.3906350
v -9.1615419 2.3266509 -4.5617146
v -8.9929695 2.3487728 -4.5361843
v -8.9929695 2.2837636 -4.4611597
v -9.1615419 2.2153869 -4.3919272
v -8.6551018 1.9717743 -4.0948367
v -9.1615419 1.9717746 -4.0948367
v -8.9929695 2.3487728 -4.0090103
v -9.1615419 2.3150637 -3.9968526
v -9.1615419 2.2101119 -4.1648188
v -9.1615419 1.9462166 -4.2725973
v -8.6551018 1.9462165 -4.2725973
v -9.1615419 2.1946151 -4.2725973
v -9.1615419 2.2101119 -4.3803763
v -8.9929695 2.2837636 -4.0840349
v -8.9929695 2.2425246 -4.1743360
v -8.9929695 2.2425246 -4.3708587
v -8.8177233 2.9645245 -4.3906355
v -8.8177233 2.9811077 -4.2752953
v -8.8177233 2.9161179 -4.4966307
v -8.8177233 2.9645240 -4.1599550
v -8.8177233 2.8398097 -4.5846953
v -8.8177233 2.9161177 -4.0539598
v -8.8177242 2.7417819 -4.6476941
v -8.8177233 2.8398094 -3.9658954
v -8.8177242 2.6299760 -4.6805229
v -8.8177223 2.7417815 -3.9028969
v -8.8177242 2.5134501 -4.6805229
v -8.8177223 2.6299756 -3.8700678
v -8.8177242 2.4016445 -4.6476936
v -8.8177223 2.5134497 -3.8700678
v -8.8177233 2.3036168 -4.5846953
v -8.8177223 2.4016442 -3.9028971
v -8.8177233 2.2273085 -4.4966307
v -8.8177233 2.3036165 -3.9658957
v -8.8177233 2.1789019 -4.3906355
v -8.8177233 2.2273085 -4.0539603
v -8.8177233 2.1623185 -4.2752957
v -8.8177233 2.1789019 -4.1599560
v -9.1615419 2.8906839 -4.4890203
v -9.1615419 2.8989997 -4.4794235
v -9.1615419 2.8392804 -3.9968517
v -9.1615419 2.8989997 -4.0657711
v -9.1615419 2.9597290 -4.2725973
v -9.1615429 2.7054336 -4.6295857
v -9.1615429 2.7360919 -4.6205835
v -8.9929695 2.8705807 -4.4611597
v -8.9929695 2.8055716 -4.5361843
v -9.1615419 2.8392804 -4.5483427
v -9.1615419 2.9442327 -4.3803763
v -9.1615410 2.6669664 -3.9043143
v -9.1615410 2.7360919 -3.9246111
v -9.1615419 2.9389572 -4.1532669
v -9.1615419 2.8276932 -3.9834797
v -8.9929695 2.8055711 -4.0090103
v -9.1615419 2.9442327 -4.1648178
v -9.1615429 2.5227287 -4.6512609
v -9.1615429 2.5227287 -4.6512604
v -8.9929695 2.7220590 -4.5898547
v -9.1615429 2.6669667 -4.6408806
v -9.1615419 2.8276939 -4.5617146
v -8.9929695 2.9118197 -4.3708587
v -8.9929695 2.8705804 -4.0840344
v -9.1615410 2.6316152 -3.8939340
v -9.1615410 2.5227287 -3.8939340
v -9.1615419 2.8008130 -3.9662049
v -9.1615410 2.6316152 -3.8939340
v -8.9929695 2.7220583 -3.9553399
v -8.9929695 2.9259474 -4.2725973
v -8.9929695 2.9118195 -4.1743355
v -9.1615429 2.4873781 -4.6408806
v -9.1615429 2.4182522 -4.6205835
v -8.9929705 2.5275364 -4.6178226
v -9.1615429 2.6316159 -4.6512609
v -8.9929705 2.6268084 -4.6178226
v -9.1615410 2.4489105 -3.9156091
v -9.1615410 2.4182522 -3.9246113
v -8.9929686 2.5275362 -3.9273717
v -9.1615410 2.4873772 -3.9043143
v -8.9929686 2.6268077 -3.9273717
v -9.1615419 2.3150637 -4.5483422
v -9.1615419 2.2553451 -4.4794235
v -9.1615419 2.3535306 -4.5789890
v -8.9929695 2.4322855 -4.5898547
v -9.1615419 2.2636609 -4.0561748
v -9.1615419 2.2553451 -4.0657716
v -8.9929695 2.4322855 -3.9553399
v -9.1615419 2.3266509 -3.9834800
v -9.1615419 2.3266509 -4.5617146
v -8.9929695 2.3487728 -4.5361843
v -8.9929695 2.2837636 -4.4611597
v -9.1615419 2.2153869 -4.3919272
v -8.9929695 2.3487728 -4.0090103
v -9.1615419 2.3150637 -3.9968526
v -9.1615419 2.2101119 -4.1648188
v -9.1615419 2.1946151 -4.2725973
v -9.1615419 2.2101119 -4.3803763
v -8.9929695 2.2837636 -4.0840349
v -8.9929695 2.2425246 -4.1743360
v -8.9929695 2.2425246 -4.3708587
v -8.9929695 2.2283967 -4.2725973
v -8.7231579 3.2400115 -4.2814956
v -9.0934858 3.2400115 -4.2814956
v -9.0934858 3.2156689 -4.4508028
v -8.7231579 3.2156689 -4.4508028
v -8.7231579 3.2106552 -4.4678783
v -9.0934858 3.2106552 -4.4678783
v -9.0934868 3.1395991 -4.6234698
v -8.7231588 3.1395991 -4.6234698
v -8.7231588 3.1299777 -4.6384411
v -9.0934868 3.1299777 -4.6384411
v -9.0934868 3.0179653 -4.7677107
v -8.7231588 3.0179651 -4.7677107
v -8.7231588 3.0045152 -4.7793651
v -9.0934868 3.0045154 -4.7793651
v -9.0934868 2.8606203 -4.8718410
v -8.7231588 2.8606200 -4.8718410
v -8.7231588 2.8444319 -4.8792338
v -9.0934868 2.8444321 -4.8792338
v -9.0934868 2.6803122 -4.9274240
v -8.7231588 2.6803119 -4.9274235
v -8.7231588 2.6626966 -4.9299564
v -9.0934868 2.6626968 -4.9299564
v -9.0934868 2.4916487 -4.9299564
v -8.7231588 2.4916484 -4.9299564
v -8.7231588 2.4740331 -4.9274235
v -9.0934868 2.4740334 -4.9274240
v -9.0934868 2.3099132 -4.8792338
v -8.7231588 2.3099129 -4.8792338
v -8.7231588 2.2937245 -4.8718410
v -9.0934868 2.2937248 -4.8718410
v -9.0934868 2.1498296 -4.7793651
v -8.7231588 2.1498294 -4.7793651
v -8.7231588 2.1363797 -4.7677107
v -9.0934868 2.1363800 -4.7677107
v -9.0934868 2.0243671 -4.6384411
v -8.7231588 2.0243669 -4.6384411
v -8.7231588 2.0147455 -4.6234698
v -9.0934868 2.0147457 -4.6234698
v -9.0934858 1.9436897 -4.4678783
v -8.7231579 1.9436897 -4.4678783
v -8.7231579 1.9386759 -4.4508028
v -9.0934858 1.9386759 -4.4508033
v -9.0934858 1.9143330 -4.2814956
v -8.7231579 1.9143330 -4.2814956
v -8.7231579 1.9143330 -4.2636991
v -9.0934858 1.9143330 -4.2636991
v -9.0934858 1.9386756 -4.0943918
v -8.7231579 1.9386753 -4.0943918
v -8.7231579 1.9436891 -4.0773163
v -9.0934858 1.9436893 -4.0773163
v -9.0934858 2.0147452 -3.9217250
v -8.7231579 2.0147452 -3.9217248
v -8.7231579 2.0243669 -3.9067535
v -9.0934858 2.0243669 -3.9067535
v -9.0934849 2.1363800 -3.7774839
v -8.7231569 2.1363795 -3.7774837
v -8.7231569 2.2937243 -3.6733539
v -8.7231569 2.1498291 -3.7658296
v -9.0934849 2.1498296 -3.7658298
v -9.0934849 2.2937248 -3.6733539
v -8.7231569 2.4740322 -3.6177711
v -8.7231569 2.3099127 -3.6659608
v -9.0934849 2.3099129 -3.6659610
v -9.0934849 2.4740322 -3.6177711
v -8.7231569 2.4916472 -3.6152384
v -9.0934849 2.4916472 -3.6152387
v -9.0934849 2.6626961 -3.6152382
v -8.7231579 2.6626961 -3.6152380
v -8.7231579 2.6803117 -3.6177709
v -9.0934849 2.6803114 -3.6177709
v -9.0934849 2.8444309 -3.6659608
v -8.7231579 2.8444309 -3.6659606
v -8.7231579 2.8606191 -3.6733534
v -9.0934849 2.8606188 -3.6733534
v -9.0934849 3.0045147 -3.7658291
v -8.7231569 3.0045147 -3.7658288
v -8.7231569 3.0179646 -3.7774832
v -9.0934849 3.0179646 -3.7774835
v -9.0934858 3.1299772 -3.9067531
v -8.7231579 3.1299772 -3.9067531
v -9.0934858 3.2400115 -4.2636991
v -8.7231579 3.2400115 -4.2636991
v -8.7231579 3.2156689 -4.0943909
v -9.0934858 3.2156689 -4.0943909
v -8.7231579 3.1395986 -3.9217241
v -9.0934858 3.1395986 -3.9217241
v -9.0934858 3.2106550 -4.0773153
v -8.7231579 3.2106550 -4.0773153
f 1727 1726 1730
f 1727 1730 1731
f 1730 1734 1731
f 1734 1735 1731
f 1734 1738 1735
f 1760 1772 1735
f 1735 1738 1760
f 1738 1783 1760
f 1772 1752 1735
f 1738 1780 1783
f 1751 1735 1752
f 1738 1758 1759
f 1759 1780 1738
f 1751 1771 1739
f 1781 1758 1742
f 1742 1804 1781
f 1793 1767 1739
f 1739 1771 1793
f 1766 1739 1767
f 1779 1804 1742
f 1742 1778 1779
f 1766 1792 1743
f 1805 1757 1802
f 1805 1778 1757
f 1818 1789 1743
f 1790 1761 1789
f 1761 1743 1789
f 1743 1792 1818
f 1803 1777 1828
f 1802 1777 1803
f 1790 1814 1761
f 1828 1777 1825
f 1815 1838 1784
f 1784 1814 1815
f 1850 1826 1801
f 1801 1863 1850
f 1825 1801 1826
f 1856 1836 1784
f 1784 1838 1856
f 1863 1801 1847
f 1836 1809 1784
f 1837 1859 1809
f 1867 1864 1824
f 1864 1848 1824
f 1824 1809 1867
f 1809 1868 1867
f 1809 1859 1868
f 1847 1824 1848
f 1824 1830 1809
f 1824 1846 1830
f 1846 1851 1830
f 1846 1861 1851
f 1861 1865 1851
f 1725 1728 1729
f 1729 1728 1732
f 1732 1733 1729
f 1732 1736 1733
f 1736 1737 1733
f 1736 1749 1750
f 1750 1737 1736
f 1750 1747 1737
f 1736 1746 1749
f 1747 1748 1737
f 1736 1745 1746
f 1740 1765 1768
f 1768 1745 1740
f 1737 1755 1754
f 1737 1748 1755
f 1753 1737 1754
f 1773 1741 1753
f 1740 1763 1764
f 1764 1765 1740
f 1744 1788 1763
f 1741 1773 1775
f 1774 1741 1775
f 1796 1756 1774
f 1744 1787 1788
f 1762 1787 1744
f 1762 1816 1786
f 1762 1811 1816
f 1776 1799 1797
f 1756 1799 1776
f 1797 1798 1776
f 1820 1776 1798
f 1785 1813 1812
f 1811 1785 1812
f 1785 1832 1813
f 1800 1820 1821
f 1821 1822 1800
f 1800 1822 1840
f 1840 1841 1800
f 1810 1835 1833
f 1810 1834 1835
f 1832 1810 1833
f 1810 1853 1855
f 1855 1834 1810
f 1823 1842 1843
f 1843 1844 1823
f 1823 1841 1842
f 1831 1844 1854
f 1853 1831 1854
f 1831 1845 1823
f 1831 1852 1845
f 1852 1860 1845
f 1852 1866 1860
f 1770 1793 1771
f 1817 1790 1789
f 1857 1836 1856
f 1794 1807 1808
f 1769 1794 1808
f 1795 1769 1808
f 1770 1769 1795
f 1782 1770 1795
f 1791 1770 1782
f 1806 1791 1782
f 1819 1791 1806
f 1829 1819 1806
f 1817 1819 1829
f 1827 1817 1829
f 1839 1817 1827
f 1849 1839 1827
f 1857 1839 1849
f 1862 1857 1849
f 1858 1857 1862
f 1869 1858 1862
f 1871 1858 1869
f 1870 1871 1869
f 1873 1749 1872
f 1872 1746 1874
f 1745 1876 1874
f 1874 1746 1745
f 1876 1765 1878
f 1765 1764 1878
f 1763 1880 1878
f 1878 1764 1763
f 1788 1787 1880
f 1786 1882 1880
f 1880 1787 1786
f 1811 1884 1882
f 1882 1816 1811
f 1813 1886 1884
f 1832 1833 1886
f 1884 1812 1813
f 1886 1835 1888
f 1834 1890 1888
f 1888 1835 1834
f 1890 1853 1892
f 1853 1854 1892
f 1844 1893 1892
f 1892 1854 1844
f 1893 1842 1891
f 1891 1841 1889
f 1841 1840 1889
f 1822 1887 1889
f 1889 1840 1822
f 1820 1885 1887
f 1887 1821 1820
f 1798 1797 1885
f 1885 1799 1883
f 1883 1774 1881
f 1883 1799 1796
f 1774 1775 1881
f 1773 1879 1881
f 1753 1754 1879
f 1881 1775 1773
f 1879 1755 1877
f 1875 1750 1873
f 1877 1748 1875
f 1748 1747 1875
f 1873 1872 1875
f 1872 1874 1875
f 1874 1877 1875
f 1874 1876 1877
f 1876 1879 1877
f 1876 1878 1879
f 1878 1881 1879
f 1878 1880 1881
f 1880 1883 1881
f 1880 1882 1883
f 1882 1885 1883
f 1882 1884 1885
f 1884 1887 1885
f 1884 1886 1887
f 1886 1889 1887
f 1886 1888 1889
f 1888 1891 1889
f 1888 1890 1891
f 1890 1893 1891
f 1890 1892 1893
f 1923 1904 1916
f 1901 1904 1895
f 1903 1902 1894
f 1901 1894 1902
f 1915 1913 1902
f 1913 1899 1914
f 1899 1913 1900
f 1929 1914 1928
f 1927 1928 1911
f 1927 1925 1938
f 1938 1925 1926
f 1944 1937 1943
f 1937 1938 1926
f 1935 1945 1944
f 1954 1946 1951
f 1946 1945 1936
f 1951 1955 1954
f 1953 1950 1949
f 1953 1940 1952
f 1947 1940 1939
f 1947 1939 1948
f 1947 1948 1942
f 1940 1947 1952
f 1947 1931 1941
f 1941 1933 1919
f 1933 1941 1930
f 1930 1941 1931
f 1941 1919 1932
f 1921 1932 1918
f 1918 1932 1919
f 1934 1905 1922
f 1922 1905 1906
f 1909 1920 1908
f 1920 1922 1906
f 1909 1896 1897
f 1909 1897 1917
f 1924 1898 1923
f 1924 1907 1910
f 1907 1917 1897
f 1955 1953 1954
f 1957 1959 1956
f 1957 1725 1726
f 1958 1726 1727
f 1959 1727 1728
f 1725 1959 1728
f 1961 1963 1960
f 1961 1728 1727
f 1962 1727 1731
f 1732 1962 1731
f 1960 1732 1728
f 1965 1967 1964
f 1965 1732 1731
f 1966 1731 1735
f 1736 1966 1735
f 1732 1967 1736
f 1968 1970 1971
f 1969 1736 1735
f 1970 1735 1739
f 1740 1970 1739
f 1968 1740 1736
f 1973 1975 1972
f 1973 1740 1739
f 1974 1739 1743
f 1744 1974 1743
f 1972 1744 1740
f 1976 1978 1979
f 1977 1744 1743
f 1978 1743 1761
f 1762 1978 1761
f 1976 1762 1744
f 1981 1983 1980
f 1981 1762 1761
f 1982 1761 1784
f 1785 1982 1784
f 1980 1785 1762
f 1984 1986 1987
f 1985 1785 1784
f 1986 1784 1809
f 1810 1986 1809
f 1984 1810 1785
f 1989 1991 1988
f 1989 1810 1809
f 1830 1989 1809
f 1831 1990 1830
f 1988 1831 1810
f 1992 1994 1995
f 1993 1831 1830
f 1851 1993 1830
f 1995 1851 1852
f 1831 1995 1852
f 1997 1999 1996
f 1851 1996 1852
f 1998 1851 1865
f 1999 1865 1866
f 1996 1866 1852
f 2001 2003 2000
f 1865 2000 1866
f 2002 1865 1861
f 1860 2002 1861
f 2000 1860 1866
f 2004 2006 2007
f 1861 2004 1860
f 2006 1861 1846
f 2007 1846 1845
f 1860 2007 1845
f 2008 2010 2011
f 1846 2008 1845
f 1824 2009 1846
f 2011 1824 1823
f 1845 2011 1823
f 2013 2015 2012
f 2013 1800 1823
f 1824 2013 1823
f 2015 1824 1801
f 2012 1801 1800
f 2016 2018 2019
f 2017 1776 1800
f 1801 2017 1800
f 1777 2018 1801
f 2016 1777 1776
f 2021 2023 2020
f 1777 2020 1776
f 2022 1777 1757
f 2023 1757 1756
f 1776 2023 1756
f 2025 2027 2024
f 1757 2024 1756
f 2026 1757 1742
f 2027 1742 1741
f 2024 1741 1756
f 2028 2030 2031
f 1742 2028 1741
f 2030 1742 1738
f 2031 1738 1737
f 1741 2031 1737
f 2033 2035 2032
f 1738 2032 1737
f 2034 1738 1734
f 1733 2034 1734
f 2032 1733 1737
f 2037 2039 2036
f 2037 1726 1725
f 2038 1725 1729
f 2039 1729 1730
f 2036 1730 1726
f 2041 2043 2040
f 2041 1733 1734
f 2042 1734 1730
f 1729 2042 1730
f 1733 2043 1729
f 1751 1739 1735
f 1738 1742 1758
f 1766 1743 1739
f 1742 1757 1778
f 1802 1757 1777
f 1784 1761 1814
f 1825 1777 1801
f 1836 1837 1809
f 1847 1801 1824
f 1736 1740 1745
f 1753 1741 1737
f 1740 1744 1763
f 1774 1756 1741
f 1762 1786 1787
f 1756 1796 1799
f 1811 1762 1785
f 1800 1776 1820
f 1832 1785 1810
f 1823 1800 1841
f 1831 1823 1844
f 1853 1810 1831
f 1873 1750 1749
f 1872 1749 1746
f 1745 1768 1876
f 1876 1768 1765
f 1763 1788 1880
f 1786 1816 1882
f 1811 1812 1884
f 1813 1832 1886
f 1886 1833 1835
f 1834 1855 1890
f 1890 1855 1853
f 1844 1843 1893
f 1893 1843 1842
f 1891 1842 1841
f 1822 1821 1887
f 1820 1798 1885
f 1885 1797 1799
f 1883 1796 1774
f 1773 1753 1879
f 1879 1754 1755
f 1875 1747 1750
f 1877 1755 1748
f 1923 1898 1904
f 1901 1916 1904
f 1901 1895 1894
f 1915 1900 1913
f 1929 1913 1914
f 1927 1929 1928
f 1927 1912 1925
f 1937 1944 1938
f 1935 1936 1945
f 1954 1945 1946
f 1951 1950 1955
f 1953 1955 1950
f 1953 1949 1940
f 1947 1942 1931
f 1921 1934 1932
f 1934 1921 1905
f 1920 1909 1922
f 1909 1908 1896
f 1924 1910 1898
f 1924 1917 1907
f 1957 1958 1959
f 1957 1956 1725
f 1958 1957 1726
f 1959 1958 1727
f 1725 1956 1959
f 1961 1962 1963
f 1961 1960 1728
f 1962 1961 1727
f 1732 1963 1962
f 1960 1963 1732
f 1965 1966 1967
f 1965 1964 1732
f 1966 1965 1731
f 1736 1967 1966
f 1732 1964 1967
f 1968 1969 1970
f 1969 1968 1736
f 1970 1969 1735
f 1740 1971 1970
f 1968 1971 1740
f 1973 1974 1975
f 1973 1972 1740
f 1974 1973 1739
f 1744 1975 1974
f 1972 1975 1744
f 1976 1977 1978
f 1977 1976 1744
f 1978 1977 1743
f 1762 1979 1978
f 1976 1979 1762
f 1981 1982 1983
f 1981 1980 1762
f 1982 1981 1761
f 1785 1983 1982
f 1980 1983 1785
f 1984 1985 1986
f 1985 1984 1785
f 1986 1985 1784
f 1810 1987 1986
f 1984 1987 1810
f 1989 1990 1991
f 1989 1988 1810
f 1830 1990 1989
f 1831 1991 1990
f 1988 1991 1831
f 1992 1993 1994
f 1993 1992 1831
f 1851 1994 1993
f 1995 1994 1851
f 1831 1992 1995
f 1997 1998 1999
f 1851 1997 1996
f 1998 1997 1851
f 1999 1998 1865
f 1996 1999 1866
f 2001 2002 2003
f 1865 2001 2000
f 2002 2001 1865
f 1860 2003 2002
f 2000 2003 1860
f 2004 2005 2006
f 1861 2005 2004
f 2006 2005 1861
f 2007 2006 1846
f 1860 2004 2007
f 2008 2009 2010
f 1846 2009 2008
f 1824 2010 2009
f 2011 2010 1824
f 1845 2008 2011
f 2013 2014 2015
f 2013 2012 1800
f 1824 2014 2013
f 2015 2014 1824
f 2012 2015 1801
f 2016 2017 2018
f 2017 2016 1776
f 1801 2018 2017
f 1777 2019 2018
f 2016 2019 1777
f 2021 2022 2023
f 1777 2021 2020
f 2022 2021 1777
f 2023 2022 1757
f 1776 2020 2023
f 2025 2026 2027
f 1757 2025 2024
f 2026 2025 1757
f 2027 2026 1742
f 2024 2027 1741
f 2028 2029 2030
f 1742 2029 2028
f 2030 2029 1742
f 2031 2030 1738
f 1741 2028 2031
f 2033 2034 2035
f 1738 2033 2032
f 2034 2033 1738
f 1733 2035 2034
f 2032 2035 1733
f 2037 2038 2039
f 2037 2036 1726
f 2038 2037 1725
f 2039 2038 1729
f 2036 2039 1730
f 2041 2042 2043
f 2041 2040 1733
f 2042 2041 1734
f 1729 2043 2042
f 1733 2040 2043
