# Sci-fi chess by Drummyfish (CC0); converted for OTBMaster3D
v -10.6131554 4.0071430 -0.1962199
v -10.6131554 3.7742186 -0.1962199
v -10.6212015 4.0071430 -0.1145243
v -10.6212015 3.7742186 -0.1145243
v -10.6450310 4.0071430 -0.0359682
v -10.6450310 3.7742186 -0.0359682
v -10.6837282 4.0071430 0.0364295
v -10.6837282 3.7742186 0.0364295
v -10.7358065 4.0071430 0.0998866
v -10.7358065 3.7742186 0.0998866
v -10.7992630 4.0071430 0.1519645
v -10.7992630 3.7742186 0.1519645
v -10.8716612 4.0071430 0.1906618
v -10.8716612 3.7742186 0.1906618
v -10.9502172 4.0071430 0.2144916
v -10.9502172 3.7742186 0.2144916
v -10.9502163 4.0071430 -0.6069314
v -10.9502163 3.7742186 -0.6069314
v -10.8716602 4.0071430 -0.5831015
v -10.8716602 3.7742186 -0.5831015
v -10.7992630 4.0071430 -0.5444041
v -10.7992630 3.7742186 -0.5444041
v -10.7358055 4.0071430 -0.4923261
v -10.7358055 3.7742186 -0.4923261
v -10.6837282 4.0071430 -0.4288688
v -10.6837282 3.7742186 -0.4288688
v -10.6450310 4.0071430 -0.3564711
v -10.6450310 3.7742186 -0.3564711
v -10.6212015 4.0071430 -0.2779149
v -10.6212015 3.7742186 -0.2779149
v -10.6157732 2.8991079 1.4644538
v -10.6157732 2.8838603 1.4961160
v -10.6157732 2.8495989 1.5039359
v -10.6157732 2.8221235 1.4820250
v -10.6157732 2.8221235 1.4468826
v -10.6157732 2.8495989 1.4249717
v -10.6157732 2.8838603 1.4327916
v -10.2409601 2.6355107 1.4270607
v -10.2409601 2.6355107 1.5392772
v -10.2513380 2.5866852 1.4270607
v -10.2513380 2.5866852 1.5392772
v -10.2806787 2.5463018 1.4270607
v -10.2806787 2.5463018 1.5392772
v -10.3239069 2.5213437 1.4270607
v -10.3239069 2.5213437 1.5392772
v -10.3735504 2.5161262 1.4270607
v -10.3735504 2.5161262 1.5392772
v -10.4210234 2.5315511 1.4270607
v -10.4210234 2.5315511 1.5392772
v -10.4581184 2.5649517 1.4270607
v -10.4581184 2.5649517 1.5392772
v -10.4784212 2.6105525 1.4270607
v -10.4784212 2.6105525 1.5392772
v -10.4784212 2.6604688 1.4270607
v -10.4784212 2.6604688 1.5392772
v -10.4581184 2.7060697 1.4270607
v -10.4581184 2.7060697 1.5392772
v -10.4210234 2.7394702 1.4270607
v -10.4210234 2.7394702 1.5392772
v -10.3735504 2.7548952 1.4270607
v -10.3735504 2.7548952 1.5392772
v -10.3239069 2.7496774 1.4270607
v -10.3239069 2.7496774 1.5392772
v -10.2806787 2.7247193 1.4270607
v -10.2806787 2.7247193 1.5392772
v -10.2513380 2.6843362 1.4270607
v -10.2513380 2.6843362 1.5392772
v -10.9664469 3.8504622 1.3508639
v -10.9664469 3.8504622 0.2124563
v -10.9605627 3.8800445 0.2124563
v -10.9605627 3.8800445 1.3508639
v -10.9832039 3.8253834 1.3508639
v -10.9832039 3.8253832 0.2124563
v -10.7860699 3.7608480 0.1481254
v -10.9664469 3.9096272 0.2124563
v -10.9664469 3.9096272 1.3508639
v -11.0082827 3.8086262 1.3508639
v -11.0082827 3.8086259 0.2124563
v -10.9832039 3.8702393 1.3508639
v -10.9832039 3.9347057 1.3508639
v -10.9832039 3.8880701 1.3508639
v -10.9803076 3.8791549 1.3508639
v -10.9832039 3.9347057 0.2124563
v -11.0082827 3.8344941 1.3508639
v -10.9906578 3.8472996 1.3508639
v -10.9887390 3.8532062 1.3508639
v -11.0082827 3.9514630 1.3508639
v -11.0018549 3.9191446 1.3508639
v -10.9906578 3.9110098 1.3508639
v -10.7860699 3.7608480 -0.3966360
v -11.0082827 3.9514627 0.2124563
v -11.0127792 3.8312280 1.3508639
v -11.0082827 3.9238153 1.3508639
v -10.9231596 3.7608480 -0.3966360
v -10.9231596 3.7608480 0.1481254
v -10.9803076 3.8791549 0.1479748
v -10.9906578 3.8472996 0.1479748
v -10.9906578 3.9110098 0.1479748
v -11.0117922 3.8287930 0.1479748
v -11.0110617 3.9306977 0.1479748
v -10.2568312 3.0135534 0.2629622
v -10.2799129 2.9735749 0.2629622
v -10.3260756 2.9735749 0.2629622
v -10.3381290 2.9623973 0.9336802
v -10.3491573 3.0135534 0.2629622
v -10.3491573 3.0135534 0.9398988
v -10.3260756 3.0535319 0.2629622
v -10.3260756 3.0535319 0.9363493
v -10.2799129 3.0535319 0.2629622
v -10.8428059 2.8812175 -0.9190459
v -10.8428059 2.9499569 -0.9190459
v -10.8731041 2.8812175 -0.9028196
v -10.8731041 2.9499569 -0.9028196
v -10.9023056 2.8812175 -0.9209456
v -10.9023056 2.9499569 -0.9209456
v -10.9012089 2.8812175 -0.9552979
v -10.9012089 2.9499569 -0.9552979
v -10.8709106 2.8812175 -0.9715242
v -10.8709106 2.9499569 -0.9715242
v -10.8417091 2.8812175 -0.9533982
v -10.8417091 2.9499569 -0.9533982
v -10.8428059 2.8346190 -0.9190459
v -10.8731041 2.8346190 -0.9028196
v -10.9023056 2.8346190 -0.9209456
v -10.9012089 2.8346190 -0.9552979
v -10.8709106 2.8346190 -0.9715242
v -10.8417091 2.8346190 -0.9533982
v -10.8428059 2.7756667 -0.9190459
v -10.8731041 2.7756667 -0.9028196
v -10.9023056 2.7756667 -0.9209456
v -10.9012089 2.7756667 -0.9552979
v -10.8709106 2.7756667 -0.9715242
v -10.8417091 2.7756667 -0.9533982
v -10.8428059 2.7295218 -0.9190459
v -10.8731041 2.7295218 -0.9028196
v -10.9023056 2.7295218 -0.9209456
v -10.9012089 2.7295218 -0.9552979
v -10.8709106 2.7295218 -0.9715242
v -10.8417091 2.7295218 -0.9533982
v -10.8428059 2.6662707 -0.9190459
v -10.8731041 2.6662707 -0.9028196
v -10.9023056 2.6662707 -0.9209456
v -10.9012089 2.6662707 -0.9552979
v -10.8709106 2.6662707 -0.9715242
v -10.8417091 2.6662707 -0.9533982
v -10.8428059 2.6261480 -0.9190459
v -10.8731041 2.6261480 -0.9028196
v -10.9023056 2.6261480 -0.9209456
v -10.9012089 2.6261480 -0.9552979
v -10.8709106 2.6261480 -0.9715242
v -10.8417091 2.6261480 -0.9533982
v -10.8428059 2.5610909 -0.9190459
v -10.8731041 2.5610909 -0.9028196
v -10.9023056 2.5610909 -0.9209456
v -10.9012089 2.5610909 -0.9552979
v -10.8709106 2.5610909 -0.9715242
v -10.8417091 2.5610909 -0.9533982
v -10.8428059 2.5326717 -0.9190459
v -10.8731041 2.5326717 -0.9028196
v -10.9023056 2.5326717 -0.9209456
v -10.9012089 2.5326717 -0.9552979
v -10.8709106 2.5326717 -0.9715242
v -10.8417091 2.5326717 -0.9533982
v -10.8428059 2.4755230 -0.9190459
v -10.8731041 2.4755230 -0.9028196
v -10.9023056 2.4755230 -0.9209456
v -10.9012089 2.4755230 -0.9552979
v -10.8709106 2.4755230 -0.9715242
v -10.8417091 2.4755230 -0.9533982
v -10.8428059 2.4467921 -0.9190459
v -10.8731041 2.4467921 -0.9028196
v -10.9023056 2.4467921 -0.9209456
v -10.9012089 2.4467921 -0.9552979
v -10.8709106 2.4467921 -0.9715242
v -10.8417091 2.4467921 -0.9533982
v -10.8428059 2.3933170 -0.9190459
v -10.8731041 2.3933170 -0.9028196
v -10.9023056 2.3933170 -0.9209456
v -10.9012089 2.3933170 -0.9552979
v -10.8709106 2.3933170 -0.9715242
v -10.8417091 2.3933170 -0.9533982
v -9.8838301 2.1470928 1.5081758
v -9.8838301 2.4269564 1.5081758
v -9.8838301 2.1470928 1.4451566
v -9.8838301 2.4269564 1.4451566
v -9.8838301 2.7068200 1.2283123
v -9.8838301 2.6572526 1.1652932
v -9.8838301 2.7068200 0.9484487
v -9.8838301 2.6572526 -0.7772319
v -9.8838301 2.7068200 -0.5406058
v -9.8838301 2.1470926 -1.0570955
v -9.8838301 2.4269562 -1.0570955
v -9.8838301 2.7068200 -0.8204694
v -9.8838301 2.1470926 -1.1003330
v -9.8838301 2.4269562 -1.1003330
v -10.3504181 2.1470928 1.5081758
v -10.3504181 2.4269564 1.5081758
v -10.3504181 2.1470928 1.2283123
v -10.3504181 2.4269564 1.2283123
v -10.3504181 2.7068200 1.2283123
v -10.3504181 2.1470928 0.9484487
v -10.3504181 2.4269562 0.9484487
v -10.3504181 2.7068200 0.9484487
v -10.3504181 2.1470926 -0.5406058
v -10.3504181 2.4269562 -0.5406058
v -10.3504181 2.7068200 -0.5406059
v -10.3504181 2.1470926 -0.8204694
v -10.3504181 2.4269562 -0.8204694
v -10.3504181 2.7068200 -0.8204695
v -10.3504181 2.1470926 -1.1003330
v -10.3504181 2.4269562 -1.1003330
v -10.3660622 2.9613252 -0.8820066
v -10.3660622 2.2162533 -0.8820066
v -10.5441227 3.3633761 -0.5893070
v -10.3660622 2.2162533 1.1179934
v -10.3660622 2.1349840 -0.7224502
v -10.6420355 3.5556006 -0.5886602
v -10.3660622 2.1349840 0.8554509
v -10.3660622 1.9653562 -0.7224502
v -10.3660622 1.9653562 0.8554509
v -10.3660622 2.7714438 1.1179934
v -10.3660622 2.7626791 -0.8820066
v -10.4728889 2.9613252 1.3567770
v -10.4728889 2.7714438 1.3567770
v -9.9944143 2.9613252 1.3102841
v -10.2193842 2.9613252 0.9247128
v -9.9944143 2.7714438 1.3102841
v -10.2193861 2.7714438 0.9247128
v -10.6939592 2.7602477 -0.8820066
v -10.6874065 2.9613252 -0.8820066
v -10.5429316 2.9613252 -1.1251884
v -10.5429316 2.7626791 -1.1251884
v -10.6939592 2.7602477 -1.1251884
v -10.6874065 2.9613252 -1.1251884
v -10.8428059 2.9976001 -0.9190459
v -10.8731041 2.9976001 -0.9028196
v -10.9023056 2.9976001 -0.9209456
v -10.9012089 2.9976001 -0.9552979
v -10.8709106 2.9976001 -0.9715242
v -10.8417091 2.9976001 -0.9533982
v -10.8428059 3.0331407 -0.9221320
v -10.8731041 3.0240843 -0.9086683
v -10.9023056 3.0342011 -0.9237083
v -10.9012089 3.0533741 -0.9522123
v -10.8709106 3.0624304 -0.9656761
v -10.8417091 3.0523138 -0.9506360
v -10.8428059 3.0786250 -0.8915371
v -10.8731041 3.0695686 -0.8780733
v -10.9023056 3.0796852 -0.8931134
v -10.9012089 3.0988584 -0.9216174
v -10.8709106 3.1079147 -0.9350811
v -10.8417091 3.0977979 -0.9200411
v -10.8428059 3.1135883 -0.8680190
v -10.8731041 3.1045320 -0.8545552
v -10.9023056 3.1146488 -0.8695953
v -10.9012089 3.1338217 -0.8980993
v -10.8709106 3.1428781 -0.9115630
v -10.8417091 3.1327615 -0.8965230
v -10.8428059 3.1664510 -0.8324610
v -10.8731041 3.1573946 -0.8189973
v -10.9023056 3.1675115 -0.8340373
v -10.9012089 3.1866844 -0.8625413
v -10.8709106 3.1957407 -0.8760051
v -10.8417091 3.1856241 -0.8609650
v -10.8428059 3.2024899 -0.8082197
v -10.8731041 3.1934335 -0.7947559
v -10.9023056 3.2035503 -0.8097960
v -10.9012089 3.2227232 -0.8383000
v -10.8709106 3.2317796 -0.8517637
v -10.8417091 3.2216630 -0.8367237
v -10.8428059 3.2537143 -0.7737637
v -10.8731041 3.2446580 -0.7602999
v -10.9023056 3.2547746 -0.7753400
v -10.9012089 3.2739477 -0.8038440
v -10.8709106 3.2830040 -0.8173077
v -10.8417091 3.2728872 -0.8022677
v -10.8428059 3.2928979 -0.7474068
v -10.8731041 3.2838416 -0.7339431
v -10.9023056 3.2939582 -0.7489831
v -10.9012089 3.3131313 -0.7774872
v -10.8709106 3.3221877 -0.7909509
v -10.8417091 3.3120708 -0.7759109
v -10.8428059 3.3447108 -0.7125551
v -10.8731041 3.3356545 -0.6990913
v -10.9023056 3.3457713 -0.7141314
v -10.9012089 3.3649442 -0.7426354
v -10.8709106 3.3740005 -0.7560991
v -10.8417091 3.3638840 -0.7410591
v -10.8428059 3.4131422 -0.6701584
v -10.8731041 3.4130280 -0.6539326
v -10.9023056 3.4131558 -0.6720581
v -10.9012089 3.4133978 -0.7064096
v -10.8709106 3.4135122 -0.7226354
v -10.8417091 3.4133844 -0.7045099
v -10.8428059 3.4530725 -0.6699522
v -10.8731041 3.4529581 -0.6537263
v -10.9023056 3.4530859 -0.6718519
v -10.9012089 3.4533279 -0.7062033
v -10.8709106 3.4534421 -0.7224292
v -10.8417091 3.4533143 -0.7043036
v -10.8428059 3.5053945 -0.6695835
v -10.8731041 3.5052803 -0.6533577
v -10.9023056 3.5054080 -0.6714832
v -10.9012089 3.5056500 -0.7058347
v -10.8709106 3.5057645 -0.7220605
v -10.8417082 3.5056367 -0.7039350
v -10.8428059 3.5477629 -0.6692851
v -10.8731041 3.5476484 -0.6530592
v -10.9023056 3.5477762 -0.6711848
v -10.9012089 3.5480182 -0.7055362
v -10.8709106 3.5481324 -0.7217621
v -10.8417082 3.5480046 -0.7036365
v -10.8428049 3.6018000 -0.6689044
v -10.8731041 3.6016858 -0.6526785
v -10.9023056 3.6018136 -0.6708041
v -10.9012089 3.6020555 -0.7051556
v -10.8709097 3.6021700 -0.7213814
v -10.8417082 3.6020422 -0.7032558
v -10.8428049 3.6457453 -0.6685947
v -10.8731041 3.6456311 -0.6523689
v -10.9023056 3.6457589 -0.6704944
v -10.9012089 3.6460009 -0.7048459
v -10.8709097 3.6461153 -0.7210717
v -10.8417082 3.6459875 -0.7029462
v -10.0096292 2.9613252 0.5410047
v -10.0273762 2.9613252 0.2751735
v -10.0276861 2.7626791 0.2752159
v -10.0096292 2.7641115 0.5410047
v -9.9961967 2.9613252 1.0621986
v -9.9996471 2.9613252 0.8011746
v -10.1280499 2.9613252 0.8531263
v -9.9996471 2.7691140 0.8011746
v -9.9961967 2.7707021 1.0621986
v -10.1280622 2.7708018 0.8531286
v -10.0525637 2.9613252 0.0238379
v -10.1214809 2.9613171 -0.2659030
v -10.1263371 2.7626791 -0.2640604
v -10.0573845 2.7626877 0.0257458
v -10.3660622 2.9613252 1.0861678
v -10.3978872 2.9613252 1.1179934
v -10.3786612 2.9613252 1.1472188
v -10.3425198 2.9613252 1.0965781
v -10.5753708 3.3344588 0.9591890
v -10.5441227 3.3344588 0.9343315
v -10.7624578 3.6864905 -0.5809168
v -10.7175770 3.6613317 -0.5823172
v -10.6978455 3.6648490 0.3762742
v -10.7431517 3.6864905 0.3385553
v -10.7371311 3.6756520 0.3954893
v -10.6406174 3.5556006 0.6829279
v -10.6708841 3.5556006 0.6993762
v -10.2633524 3.0147469 1.1789844
v -10.2831736 2.9747684 1.1671567
v -10.3228149 2.9735749 1.1451515
v -10.3426361 3.0135534 1.1333238
v -10.3228149 3.0535319 1.1451515
v -10.2831736 3.0535319 1.1688070
v -10.3290405 3.0147469 1.2401094
v -10.3411932 2.9747684 1.2204859
v -10.3654976 2.9735749 1.1828892
v -10.3776493 3.0135534 1.1632657
v -10.3654976 3.0535319 1.1828892
v -10.3411932 3.0535319 1.2221363
v -10.4662733 3.0135534 1.2600808
v -10.4672480 2.9735749 1.2370200
v -10.4691963 2.9735749 1.1908979
v -10.4701710 3.0135534 1.1678369
v -10.4691963 3.0535319 1.1908979
v -10.4672480 3.0535319 1.2370200
v -10.8119049 3.0135534 1.2746830
v -10.8128786 2.9735749 1.2516222
v -10.8148279 2.9735749 1.2055001
v -10.8158016 3.0135534 1.1824391
v -10.8148279 3.0535319 1.2055001
v -10.8128786 3.0535319 1.2516222
v -10.8582773 3.6841612 -0.4236670
v -10.8419113 3.6841612 0.1813054
v -10.8582773 3.7583857 -0.4236670
v -10.8419113 3.7583857 0.1813054
v -10.2568312 3.0415351 -0.4622104
v -10.2799129 3.0179939 -0.4945229
v -10.3260756 3.0179939 -0.4945229
v -10.3491573 3.0415351 -0.4622104
v -10.3260756 3.0650764 -0.4298979
v -10.2799129 3.0650764 -0.4298979
v -10.2799129 3.0535319 -0.3983433
v -10.3260756 3.0535319 -0.3983433
v -10.3491573 3.0135534 -0.3983433
v -10.3260756 2.9735749 -0.3983433
v -10.2799129 2.9735749 -0.3983433
v -10.2568312 3.0135534 -0.3983433
v -9.9981613 2.6933806 0.8902429
v -9.9979553 2.6938753 0.9695410
v -9.9581919 2.6923053 0.8846323
v -9.9579210 2.6934917 0.9821259
v -9.9579144 2.9884362 0.9821259
v -9.9574547 2.9873095 0.8846323
v -10.2504520 2.1470928 1.4451566
v -10.2504520 2.4269564 1.4451566
v -10.2504520 2.6572526 1.1652932
v -10.2504520 2.6572526 -0.7772319
v -10.2504520 2.1470926 -1.0570955
v -10.2504520 2.4269562 -1.0570955
v -10.5454016 2.8991079 1.4644538
v -10.5454016 2.8838603 1.4961160
v -10.5454016 2.8495989 1.5039359
v -10.5454016 2.8221235 1.4820250
v -10.5454016 2.8221235 1.4468826
v -10.5454016 2.8495989 1.4249717
v -10.5454016 2.8838603 1.4327916
v -10.1238642 2.8991084 1.4644538
v -10.1238642 2.8838606 1.4961160
v -10.1238642 2.8495994 1.5039359
v -10.1238642 2.8221238 1.4820250
v -10.1238642 2.8221238 1.4468826
v -10.1238642 2.8495994 1.4249717
v -10.1238642 2.8838606 1.4327916
v -10.6157732 2.8687396 1.3411115
v -10.6157732 2.9030008 1.3489314
v -10.5454016 2.8687396 1.3411115
v -10.5454016 2.9030008 1.3489314
v -10.0392752 2.8538980 1.4644538
v -10.0497293 2.8427985 1.4961160
v -10.0732193 2.8178575 1.5039359
v -10.0920572 2.7978563 1.4820250
v -10.0920572 2.7978563 1.4468826
v -10.0732193 2.8178575 1.4249717
v -10.0497293 2.8427985 1.4327916
v -10.0010948 2.7597032 1.4644538
v -10.0163412 2.7595391 1.4961160
v -10.0506010 2.7591705 1.5039359
v -10.0780745 2.7588749 1.4820250
v -10.0780745 2.7588749 1.4468826
v -10.0506010 2.7591705 1.4249717
v -10.0163412 2.7595391 1.4327916
v -9.9984465 2.5135665 1.4644538
v -10.0136929 2.5134027 1.4961160
v -10.0479527 2.5130339 1.5039359
v -10.0754261 2.5127382 1.4820250
v -10.0754261 2.5127382 1.4468826
v -10.0479527 2.5130339 1.4249717
v -10.0136929 2.5134027 1.4327916
v -10.3660622 2.9613252 -0.5188919
v -10.2803602 3.0535319 0.9713100
v -10.3254623 3.0535319 0.9785172
v -10.2568312 3.0135534 0.8900595
v -10.2799129 3.0535319 0.8963204
v -10.2799129 2.9735749 0.8956701
v -10.2804155 2.9737592 0.9749682
v -10.2580280 3.0137725 0.9875531
v -9.9909048 2.9657526 0.9695410
v -9.9907885 2.9652295 0.8902429
v -9.9255610 3.0116439 0.8908932
v -9.9258022 3.0120208 0.9658828
v -10.0102615 3.0535319 0.9713100
v -10.0098133 3.0535319 0.8963204
v -10.0058336 2.9735749 0.8956701
v -10.0063372 2.9737592 0.9749682
v -10.0064859 3.0135534 0.8900595
v -10.0076828 3.0137725 0.9875531
v -9.9181070 2.6939030 0.8908932
v -9.9180880 2.6943500 0.9658828
v -10.6019220 2.9613252 -0.5911043
v -10.2823610 3.1103659 -0.4794321
v -10.3022938 3.0973248 -0.5189750
v -10.3459711 3.0823801 -0.5189750
v -10.3697157 3.0804763 -0.4794321
v -10.3497820 3.0935173 -0.4398892
v -10.3061047 3.1084619 -0.4398892
v -10.4418068 3.4020002 -0.5124630
v -10.4600697 3.3895316 -0.5529851
v -10.5016890 3.3696094 -0.5543922
v -10.5250444 3.3621552 -0.5152773
v -10.5067816 3.3746235 -0.4747552
v -10.4651623 3.3945460 -0.4733481
v -10.6530647 3.7283406 -0.5213314
v -10.6713276 3.7188668 -0.5626564
v -10.7129469 3.6991007 -0.5655157
v -10.7363024 3.6888080 -0.5270501
v -10.7180395 3.6982815 -0.4857252
v -10.6764202 3.7180476 -0.4828659
v -10.7434025 3.7945635 -0.5223734
v -10.7464027 3.7742095 -0.5636984
v -10.7547188 3.7288914 -0.5665576
v -10.7600336 3.7039278 -0.5280921
v -10.7570333 3.7242818 -0.4867671
v -10.7487173 3.7695999 -0.4839079
v -10.6910124 2.2930171 1.5272162
v -10.7814770 2.2930174 1.7867184
v -10.6988335 2.2562218 1.5272162
v -10.7209444 2.2257886 1.5272162
v -10.7535219 2.2069798 1.5272162
v -10.7909336 2.2030478 1.5272162
v -10.8267097 2.2146721 1.5272162
v -10.8546648 2.2398431 1.5272162
v -10.8699656 2.2742085 1.5272162
v -10.8699656 2.3118260 1.5272162
v -10.8546648 2.3461914 1.5272162
v -10.8267097 2.3713622 1.5272162
v -10.7909336 2.3829868 1.5272162
v -10.7535219 2.3790545 1.5272162
v -10.7209444 2.3602459 1.5272162
v -10.6988335 2.3298128 1.5272162
v -10.1627350 2.2930174 1.5272163
v -10.2531996 2.2930174 1.7867185
v -10.1705561 2.2562218 1.5272163
v -10.1926670 2.2257886 1.5272163
v -10.2252445 2.2069798 1.5272163
v -10.2626553 2.2030478 1.5272163
v -10.2984324 2.2146721 1.5272163
v -10.3263874 2.2398434 1.5272163
v -10.3416882 2.2742085 1.5272163
v -10.3416882 2.3118260 1.5272163
v -10.3263874 2.3461914 1.5272163
v -10.2984324 2.3713622 1.5272163
v -10.2626553 2.3829868 1.5272163
v -10.2252445 2.3790545 1.5272163
v -10.1926670 2.3602459 1.5272163
v -10.1705551 2.3298128 1.5272163
v -10.6782112 4.0678234 -0.1962314
v -10.6848583 4.0678234 -0.1287416
v -10.7045441 4.0678234 -0.0638453
v -10.7365131 4.0678234 -0.0040366
v -10.7795353 4.0678234 0.0483861
v -10.8319578 4.0678234 0.0914084
v -10.8917665 4.0678234 0.1233768
v -10.9566622 4.0678234 -0.5355256
v -10.8917665 4.0678234 -0.5158395
v -10.8319578 4.0678234 -0.4838710
v -10.7795343 4.0678234 -0.4408486
v -10.7365122 4.0678234 -0.3884258
v -10.7045441 4.0678234 -0.3286170
v -10.6848583 4.0678234 -0.2637207
v -10.9566631 4.0678234 0.1430629
v -10.6131554 4.0071430 -0.1962199
v -10.6212015 4.0071430 -0.1145243
v -10.6450310 4.0071430 -0.0359682
v -10.6837282 4.0071430 0.0364295
v -10.7358065 4.0071430 0.0998866
v -10.7992630 4.0071430 0.1519645
v -10.8716612 4.0071430 0.1906618
v -10.9502172 4.0071430 0.2144916
v -10.9502163 4.0071430 -0.6069314
v -10.8716602 4.0071430 -0.5831015
v -10.7992630 4.0071430 -0.5444041
v -10.7358055 4.0071430 -0.4923261
v -10.6837282 4.0071430 -0.4288688
v -10.6450310 4.0071430 -0.3564711
v -10.6212015 4.0071430 -0.2779149
v -10.6782112 4.0678234 -0.1962314
v -10.6848583 4.0678234 -0.1287416
v -10.7045441 4.0678234 -0.0638453
v -10.7365131 4.0678234 -0.0040366
v -10.7795353 4.0678234 0.0483861
v -10.8319578 4.0678234 0.0914084
v -10.8917665 4.0678234 0.1233768
v -10.9566622 4.0678234 -0.5355256
v -10.8917665 4.0678234 -0.5158395
v -10.8319578 4.0678234 -0.4838710
v -10.7795343 4.0678234 -0.4408486
v -10.7365122 4.0678234 -0.3884258
v -10.7045441 4.0678234 -0.3286170
v -10.6848583 4.0678234 -0.2637207
v -10.9566631 4.0678234 0.1430629
v -10.6255598 3.4606361 0.8265148
v -10.5927887 3.4566822 0.8103971
v -10.4824657 3.1951160 1.0249798
v -10.5158672 3.1993546 1.0513659
v -10.5441227 3.3633761 -0.5893070
v -10.6420355 3.5556006 -0.5886602
v -10.3660622 2.9613252 1.0861678
v -10.5441227 3.3344588 0.9343315
v -10.7175770 3.6613317 -0.5823172
v -10.6978455 3.6648490 0.3762742
v -10.6406174 3.5556006 0.6829279
v -10.3660622 2.9613252 -0.5188919
v -10.5927887 3.4566822 0.8103971
v -10.4824657 3.1951160 1.0249798
v -11.4577866 4.0071430 -0.1962199
v -11.4577866 3.7742186 -0.1962199
v -11.4497404 4.0071430 -0.1145243
v -11.4497404 3.7742186 -0.1145243
v -11.4259109 4.0071430 -0.0359682
v -11.4259109 3.7742186 -0.0359682
v -11.3872137 4.0071430 0.0364295
v -11.3872137 3.7742186 0.0364295
v -11.3351355 4.0071430 0.0998866
v -11.3351355 3.7742186 0.0998866
v -11.2716789 4.0071430 0.1519645
v -11.2716789 3.7742186 0.1519645
v -11.1992807 4.0071430 0.1906618
v -11.1992807 3.7742186 0.1906618
v -11.1207247 4.0071430 0.2144916
v -11.1207247 3.7742186 0.2144916
v -11.0354710 4.0071430 -0.6149778
v -11.0354710 3.7742186 -0.6149778
v -11.1207256 4.0071430 -0.6069314
v -11.1207256 3.7742186 -0.6069314
v -11.1992817 4.0071430 -0.5831015
v -11.1992817 3.7742186 -0.5831015
v -11.2716789 4.0071430 -0.5444041
v -11.2716789 3.7742186 -0.5444041
v -11.3351364 4.0071430 -0.4923261
v -11.3351364 3.7742186 -0.4923261
v -11.3872137 4.0071430 -0.4288688
v -11.3872137 3.7742186 -0.4288688
v -11.4259109 4.0071430 -0.3564711
v -11.4259109 3.7742186 -0.3564711
v -11.4497404 4.0071430 -0.2779149
v -11.4497404 3.7742186 -0.2779149
v -11.4551687 2.8991079 1.4644538
v -11.0354710 2.8991082 1.4644538
v -11.4551687 2.8838603 1.4961160
v -11.0354710 2.8838606 1.4961160
v -11.4551687 2.8495989 1.5039359
v -11.0354710 2.8495991 1.5039359
v -11.4551687 2.8221235 1.4820250
v -11.0354710 2.8221235 1.4820250
v -11.4551687 2.8221235 1.4468826
v -11.0354710 2.8221235 1.4468826
v -11.4551687 2.8495989 1.4249717
v -11.0354710 2.8495991 1.4249717
v -11.4551687 2.8838603 1.4327916
v -11.0354710 2.8838606 1.4327916
v -11.8299818 2.6355107 1.4270607
v -11.8299818 2.6355107 1.5392772
v -11.8196039 2.5866852 1.4270607
v -11.8196039 2.5866852 1.5392772
v -11.7902632 2.5463018 1.4270607
v -11.7902632 2.5463018 1.5392772
v -11.7470350 2.5213437 1.4270607
v -11.7470350 2.5213437 1.5392772
v -11.6973915 2.5161262 1.4270607
v -11.6973915 2.5161262 1.5392772
v -11.6499186 2.5315511 1.4270607
v -11.6499186 2.5315511 1.5392772
v -11.6128235 2.5649517 1.4270607
v -11.6128235 2.5649517 1.5392772
v -11.5925207 2.6105525 1.4270607
v -11.5925207 2.6105525 1.5392772
v -11.5925207 2.6604688 1.4270607
v -11.5925207 2.6604688 1.5392772
v -11.6128235 2.7060697 1.4270607
v -11.6128235 2.7060697 1.5392772
v -11.6499186 2.7394702 1.4270607
v -11.6499186 2.7394702 1.5392772
v -11.6973915 2.7548952 1.4270607
v -11.6973915 2.7548952 1.5392772
v -11.7470350 2.7496774 1.4270607
v -11.7470350 2.7496774 1.5392772
v -11.7902632 2.7247193 1.4270607
v -11.7902632 2.7247193 1.5392772
v -11.8196039 2.6843362 1.4270607
v -11.8196039 2.6843362 1.5392772
v -11.1044950 3.8504622 1.3508639
v -11.1044950 3.8504622 0.2124563
v -11.1103792 3.8800445 0.2124563
v -11.1103792 3.8800445 1.3508639
v -11.0877380 3.8253834 1.3508639
v -11.0877380 3.8253832 0.2124563
v -11.2848721 3.7608480 0.1481254
v -11.1044950 3.9096272 0.2124563
v -11.1044950 3.9096272 1.3508639
v -11.0626593 3.8086262 1.3508639
v -11.0626593 3.8086259 0.2124563
v -11.0877380 3.8702393 1.3508639
v -11.0877380 3.9347057 1.3508639
v -11.0877380 3.8880701 1.3508639
v -11.0906343 3.8791549 1.3508639
v -11.0877380 3.9347057 0.2124563
v -11.0626593 3.8344941 1.3508639
v -11.0802841 3.8472996 1.3508639
v -11.0822029 3.8532062 1.3508639
v -11.0354710 3.8027420 1.3508639
v -11.0354710 3.8027415 0.2124563
v -11.0626593 3.9514630 1.3508639
v -11.0690870 3.9191446 1.3508639
v -11.0802841 3.9110098 1.3508639
v -11.2848721 3.7608480 -0.3966360
v -11.0626593 3.9514627 0.2124563
v -11.0581627 3.8312280 1.3508639
v -11.0354710 3.8276122 1.3508639
v -11.0354710 3.8276122 1.3508639
v -11.0626593 3.9238153 1.3508639
v -11.1477823 3.7608480 -0.3966360
v -11.1477823 3.7608480 0.1481254
v -11.0354710 3.9573469 0.2124563
v -11.0354710 3.9573472 1.3508639
v -11.0354710 3.9306977 1.3508639
v -11.0354710 3.9306977 1.3508639
v -11.0354710 3.9306977 1.3508639
v -11.0906343 3.8791549 0.1479748
v -11.0802841 3.8472996 0.1479748
v -11.0802841 3.9110098 0.1479748
v -11.0591497 3.8287930 0.1479748
v -11.0598803 3.9306977 0.1479748
v -11.0354710 3.8276119 0.1479748
v -11.0354710 3.9306977 0.1479748
v -11.8141108 3.0135534 0.2629622
v -11.7910290 2.9735749 0.2629622
v -11.7448664 2.9735749 0.2629622
v -11.7328129 2.9623973 0.9336802
v -11.7217846 3.0135534 0.2629622
v -11.7217846 3.0135534 0.9398988
v -11.7448664 3.0535319 0.2629622
v -11.7448664 3.0535319 0.9363493
v -11.7910290 3.0535319 0.2629622
v -11.2281361 2.8812175 -0.9190459
v -11.2281361 2.9499569 -0.9190459
v -11.1978378 2.8812175 -0.9028196
v -11.1978378 2.9499569 -0.9028196
v -11.1686363 2.8812175 -0.9209456
v -11.1686363 2.9499569 -0.9209456
v -11.1697330 2.8812175 -0.9552979
v -11.1697330 2.9499569 -0.9552979
v -11.2000313 2.8812175 -0.9715242
v -11.2000313 2.9499569 -0.9715242
v -11.2292328 2.8812175 -0.9533982
v -11.2292328 2.9499569 -0.9533982
v -11.2281361 2.8346190 -0.9190459
v -11.1978378 2.8346190 -0.9028196
v -11.1686363 2.8346190 -0.9209456
v -11.1697330 2.8346190 -0.9552979
v -11.2000313 2.8346190 -0.9715242
v -11.2292328 2.8346190 -0.9533982
v -11.2281361 2.7756667 -0.9190459
v -11.1978378 2.7756667 -0.9028196
v -11.1686363 2.7756667 -0.9209456
v -11.1697330 2.7756667 -0.9552979
v -11.2000313 2.7756667 -0.9715242
v -11.2292328 2.7756667 -0.9533982
v -11.2281361 2.7295218 -0.9190459
v -11.1978378 2.7295218 -0.9028196
v -11.1686363 2.7295218 -0.9209456
v -11.1697330 2.7295218 -0.9552979
v -11.2000313 2.7295218 -0.9715242
v -11.2292328 2.7295218 -0.9533982
v -11.2281361 2.6662707 -0.9190459
v -11.1978378 2.6662707 -0.9028196
v -11.1686363 2.6662707 -0.9209456
v -11.1697330 2.6662707 -0.9552979
v -11.2000313 2.6662707 -0.9715242
v -11.2292328 2.6662707 -0.9533982
v -11.2281361 2.6261480 -0.9190459
v -11.1978378 2.6261480 -0.9028196
v -11.1686363 2.6261480 -0.9209456
v -11.1697330 2.6261480 -0.9552979
v -11.2000313 2.6261480 -0.9715242
v -11.2292328 2.6261480 -0.9533982
v -11.2281361 2.5610909 -0.9190459
v -11.1978378 2.5610909 -0.9028196
v -11.1686363 2.5610909 -0.9209456
v -11.1697330 2.5610909 -0.9552979
v -11.2000313 2.5610909 -0.9715242
v -11.2292328 2.5610909 -0.9533982
v -11.2281361 2.5326717 -0.9190459
v -11.1978378 2.5326717 -0.9028196
v -11.1686363 2.5326717 -0.9209456
v -11.1697330 2.5326717 -0.9552979
v -11.2000313 2.5326717 -0.9715242
v -11.2292328 2.5326717 -0.9533982
v -11.2281361 2.4755230 -0.9190459
v -11.1978378 2.4755230 -0.9028196
v -11.1686363 2.4755230 -0.9209456
v -11.1697330 2.4755230 -0.9552979
v -11.2000313 2.4755230 -0.9715242
v -11.2292328 2.4755230 -0.9533982
v -11.2281361 2.4467921 -0.9190459
v -11.1978378 2.4467921 -0.9028196
v -11.1686363 2.4467921 -0.9209456
v -11.1697330 2.4467921 -0.9552979
v -11.2000313 2.4467921 -0.9715242
v -11.2292328 2.4467921 -0.9533982
v -11.2281361 2.3933170 -0.9190459
v -11.1978378 2.3933170 -0.9028196
v -11.1686363 2.3933170 -0.9209456
v -11.1697330 2.3933170 -0.9552979
v -11.2000313 2.3933170 -0.9715242
v -11.2292328 2.3933170 -0.9533982
v -11.0354710 2.8812175 -0.9199369
v -11.0354710 2.8812175 -0.9542892
v -11.0354710 2.8346190 -0.9199369
v -11.0354710 2.8346190 -0.9542892
v -11.0354710 2.7756667 -0.9199369
v -11.0354710 2.7756667 -0.9542892
v -11.0354710 2.7295218 -0.9199369
v -11.0354710 2.7295218 -0.9542892
v -11.0354710 2.6662707 -0.9199369
v -11.0354710 2.6662707 -0.9542892
v -11.0354710 2.6261480 -0.9199369
v -11.0354710 2.6261480 -0.9542892
v -11.0354710 2.5610909 -0.9199369
v -11.0354710 2.5610909 -0.9542892
v -11.0354710 2.5326717 -0.9199369
v -11.0354710 2.5326717 -0.9542892
v -11.0354710 2.4755230 -0.9199369
v -11.0354710 2.4755230 -0.9542892
v -11.0354710 2.4467921 -0.9199369
v -11.0354710 2.4467921 -0.9542892
v -12.1871119 2.1470928 1.5081758
v -12.1871119 2.4269564 1.5081758
v -12.1871119 2.1470928 1.4451566
v -12.1871119 2.4269564 1.4451566
v -12.1871119 2.7068200 1.2283123
v -12.1871119 2.6572526 1.1652932
v -12.1871119 2.7068200 0.9484487
v -12.1871119 2.6572526 -0.7772319
v -12.1871119 2.7068200 -0.5406058
v -12.1871119 2.1470926 -1.0570955
v -12.1871119 2.4269562 -1.0570955
v -12.1871119 2.7068200 -0.8204694
v -12.1871119 2.1470926 -1.1003330
v -12.1871119 2.4269562 -1.1003330
v -11.7205238 2.1470928 1.5081758
v -11.7205238 2.4269564 1.5081758
v -11.7205238 2.1470928 1.2283123
v -11.7205238 2.4269564 1.2283123
v -11.7205238 2.7068200 1.2283123
v -11.7205238 2.1470928 0.9484487
v -11.7205238 2.4269562 0.9484487
v -11.7205238 2.7068200 0.9484487
v -11.7205238 2.1470926 -0.5406058
v -11.7205238 2.4269562 -0.5406058
v -11.7205238 2.7068200 -0.5406059
v -11.7205238 2.1470926 -0.8204694
v -11.7205238 2.4269562 -0.8204694
v -11.7205238 2.7068200 -0.8204695
v -11.7205238 2.1470926 -1.1003330
v -11.7205238 2.4269562 -1.1003330
v -11.0354710 2.2162533 -0.8820066
v -11.0354710 2.9613252 -0.8820066
v -11.7048798 2.9613252 -0.8820066
v -11.7048798 2.2162533 -0.8820066
v -11.5268192 3.3633761 -0.5893070
v -11.0354710 3.3633761 -0.5893070
v -11.7048798 2.2162533 1.1179934
v -11.0354710 2.1349840 -0.7224502
v -11.7048798 2.1349840 -0.7224502
v -11.0354710 3.5556006 -0.5886602
v -11.4289064 3.5556006 -0.5886602
v -11.0354710 2.9613252 1.1179934
v -11.0354710 2.2162533 1.1179934
v -11.7048798 2.1349840 0.8554509
v -11.0354710 1.9653562 -0.7224502
v -11.7048798 1.9653562 -0.7224502
v -11.0354710 3.6864905 -0.5809168
v -11.0354710 3.3344588 0.9591890
v -11.0354710 2.1349840 0.8554509
v -11.7048798 1.9653562 0.8554509
v -11.0354710 1.9653562 0.8554509
v -11.0354710 3.5556006 0.6993762
v -11.7048798 2.7714438 1.1179934
v -11.7048798 2.7626791 -0.8820066
v -11.0354710 2.7714698 1.1179934
v -11.5980530 2.9613252 1.3567770
v -11.0354710 2.9613252 1.3632270
v -11.5980530 2.7714438 1.3567770
v -11.0354710 2.7714698 1.3632270
v -12.0765276 2.9613252 1.3102841
v -11.8515577 2.9613252 0.9247128
v -12.0765276 2.7714438 1.3102841
v -11.8515558 2.7714438 0.9247128
v -11.0354710 2.7578311 -0.8820066
v -11.3769827 2.7602477 -0.8820066
v -11.3835354 2.9613252 -0.8820066
v -11.5280104 2.9613252 -1.1251884
v -11.5280104 2.7626791 -1.1251884
v -11.3769827 2.7602477 -1.1251884
v -11.3835354 2.9613252 -1.1251884
v -11.2281361 2.9976001 -0.9190459
v -11.1978378 2.9976001 -0.9028196
v -11.1686363 2.9976001 -0.9209456
v -11.1697330 2.9976001 -0.9552979
v -11.2000313 2.9976001 -0.9715242
v -11.2292328 2.9976001 -0.9533982
v -11.2281361 3.0331407 -0.9221320
v -11.1978378 3.0240843 -0.9086683
v -11.1686363 3.0342011 -0.9237083
v -11.1697330 3.0533741 -0.9522123
v -11.2000313 3.0624304 -0.9656761
v -11.2292328 3.0523138 -0.9506360
v -11.0354710 2.9499569 -0.9249030
v -11.0354710 2.9499569 -0.9592553
v -11.0354710 2.9976001 -0.9249030
v -11.0354710 2.9976001 -0.9592553
v -11.2281361 3.0786250 -0.8915371
v -11.1978378 3.0695686 -0.8780733
v -11.1686363 3.0796852 -0.8931134
v -11.1697330 3.0988584 -0.9216174
v -11.2000313 3.1079147 -0.9350811
v -11.2292328 3.0977979 -0.9200411
v -11.2281361 3.1135883 -0.8680190
v -11.1978378 3.1045320 -0.8545552
v -11.1686363 3.1146488 -0.8695953
v -11.1697330 3.1338217 -0.8980993
v -11.2000313 3.1428781 -0.9115630
v -11.2292328 3.1327615 -0.8965230
v -11.2281361 3.1664510 -0.8324610
v -11.1978378 3.1573946 -0.8189973
v -11.1686363 3.1675115 -0.8340373
v -11.1697330 3.1866844 -0.8625413
v -11.2000313 3.1957407 -0.8760051
v -11.2292328 3.1856241 -0.8609650
v -11.2281361 3.2024899 -0.8082197
v -11.1978378 3.1934335 -0.7947559
v -11.1686363 3.2035503 -0.8097960
v -11.1697330 3.2227232 -0.8383000
v -11.2000313 3.2317796 -0.8517637
v -11.2292328 3.2216630 -0.8367237
v -11.2281361 3.2537143 -0.7737637
v -11.1978378 3.2446580 -0.7602999
v -11.1686363 3.2547746 -0.7753400
v -11.1697330 3.2739477 -0.8038440
v -11.2000313 3.2830040 -0.8173077
v -11.2292328 3.2728872 -0.8022677
v -11.2281361 3.2928979 -0.7474068
v -11.1978378 3.2838416 -0.7339431
v -11.1686363 3.2939582 -0.7489831
v -11.1697330 3.3131313 -0.7774872
v -11.2000313 3.3221877 -0.7909509
v -11.2292328 3.3120708 -0.7759109
v -11.2281361 3.3447108 -0.7125551
v -11.1978378 3.3356545 -0.6990913
v -11.1686363 3.3457713 -0.7141314
v -11.1697330 3.3649442 -0.7426354
v -11.2000313 3.3740005 -0.7560991
v -11.2292328 3.3638840 -0.7410591
v -11.0354710 3.0818057 -0.8962657
v -11.0354710 3.1009789 -0.9247698
v -11.0354710 3.1167693 -0.8727476
v -11.0354710 3.1359422 -0.9012517
v -11.0354710 3.1696320 -0.8371896
v -11.0354710 3.1888049 -0.8656936
v -11.0354710 3.2056708 -0.8129483
v -11.0354710 3.2248437 -0.8414523
v -11.0354710 3.2568951 -0.7784923
v -11.0354710 3.2760682 -0.8069963
v -11.0354710 3.2960787 -0.7521355
v -11.0354710 3.3152518 -0.7806395
v -11.2281361 3.4131422 -0.6701584
v -11.1978378 3.4130280 -0.6539326
v -11.1686363 3.4131558 -0.6720581
v -11.1697330 3.4133978 -0.7064096
v -11.2000313 3.4135122 -0.7226354
v -11.2292328 3.4133844 -0.7045099
v -11.2281361 3.4530725 -0.6699522
v -11.1978378 3.4529581 -0.6537263
v -11.1686363 3.4530859 -0.6718519
v -11.1697330 3.4533279 -0.7062033
v -11.2000313 3.4534421 -0.7224292
v -11.2292328 3.4533143 -0.7043036
v -11.2281361 3.5053945 -0.6695835
v -11.1978378 3.5052803 -0.6533577
v -11.1686363 3.5054080 -0.6714832
v -11.1697330 3.5056500 -0.7058347
v -11.2000313 3.5057645 -0.7220605
v -11.2292337 3.5056367 -0.7039350
v -11.2281361 3.5477629 -0.6692851
v -11.1978378 3.5476484 -0.6530592
v -11.1686363 3.5477762 -0.6711848
v -11.1697330 3.5480182 -0.7055362
v -11.2000313 3.5481324 -0.7217621
v -11.2292337 3.5480046 -0.7036365
v -11.2281370 3.6018000 -0.6689044
v -11.1978378 3.6016858 -0.6526785
v -11.1686363 3.6018136 -0.6708041
v -11.1697330 3.6020555 -0.7051556
v -11.2000322 3.6021700 -0.7213814
v -11.2292337 3.6020422 -0.7032558
v -11.2281370 3.6457453 -0.6685947
v -11.1978378 3.6456311 -0.6523689
v -11.1686363 3.6457589 -0.6704944
v -11.1697330 3.6460009 -0.7048459
v -11.2000322 3.6461153 -0.7210717
v -11.2292337 3.6459875 -0.7029462
v -11.0354710 3.4131811 -0.6759580
v -11.0354710 3.4134231 -0.7103095
v -11.0354710 3.4531112 -0.6757518
v -11.0354710 3.4533532 -0.7101033
v -11.0354710 3.5054333 -0.6753832
v -11.0354710 3.5056753 -0.7097346
v -11.0354710 3.5478015 -0.6750847
v -11.0354710 3.5480435 -0.7094362
v -11.0354710 3.6018388 -0.6747040
v -11.0354710 3.6020808 -0.7090555
v -11.0354710 3.6457841 -0.6743944
v -11.0354710 3.6460261 -0.7087458
v -12.0613127 2.9613252 0.5410047
v -12.0435658 2.9613252 0.2751735
v -12.0432558 2.7626791 0.2752159
v -12.0613127 2.7641115 0.5410047
v -12.0747452 2.9613252 1.0621986
v -12.0712948 2.9613252 0.8011746
v -11.9428921 2.9613252 0.8531263
v -12.0712948 2.7691140 0.8011746
v -12.0747452 2.7707021 1.0621986
v -11.9428797 2.7708018 0.8531286
v -12.0183783 2.9613252 0.0238379
v -11.9494610 2.9613171 -0.2659030
v -11.9446049 2.7626791 -0.2640604
v -12.0135574 2.7626877 0.0257458
v -11.7048798 2.9613252 1.0861678
v -11.6730547 2.9613252 1.1179934
v -11.6922808 2.9613252 1.1472188
v -11.7284222 2.9613252 1.0965781
v -11.4955711 3.3344588 0.9591890
v -11.5268192 3.3344588 0.9343315
v -11.3084841 3.6864905 -0.5809168
v -11.3533649 3.6613317 -0.5823172
v -11.0354710 3.6756520 0.3954893
v -11.0354710 3.6864905 0.3385553
v -11.3730965 3.6648490 0.3762742
v -11.3277903 3.6864905 0.3385553
v -11.3338108 3.6756520 0.3954893
v -11.4303246 3.5556006 0.6829279
v -11.4000578 3.5556006 0.6993762
v -11.8075895 3.0147469 1.1789844
v -11.7877684 2.9747684 1.1671567
v -11.7481270 2.9735749 1.1451515
v -11.7283058 3.0135534 1.1333238
v -11.7481270 3.0535319 1.1451515
v -11.7877684 3.0535319 1.1688070
v -11.7419014 3.0147469 1.2401094
v -11.7297487 2.9747684 1.2204859
v -11.7054443 2.9735749 1.1828892
v -11.6932926 3.0135534 1.1632657
v -11.7054443 3.0535319 1.1828892
v -11.7297487 3.0535319 1.2221363
v -11.6046686 3.0135534 1.2600808
v -11.6036940 2.9735749 1.2370200
v -11.6017456 2.9735749 1.1908979
v -11.6007710 3.0135534 1.1678369
v -11.6017456 3.0535319 1.1908979
v -11.6036940 3.0535319 1.2370200
v -11.2590370 3.0135534 1.2746830
v -11.2580633 2.9735749 1.2516222
v -11.2561140 2.9735749 1.2055001
v -11.2551403 3.0135534 1.1824391
v -11.2561140 3.0535319 1.2055001
v -11.2580633 3.0535319 1.2516222
v -11.0354710 3.0135534 1.2742445
v -11.0354710 2.9735749 1.2511837
v -11.0354710 2.9735749 1.2050617
v -11.0354710 3.0135534 1.1820006
v -11.0354710 3.0535319 1.2050617
v -11.0354710 3.0535319 1.2511837
v -11.0354710 3.6841612 -0.4236670
v -11.2126646 3.6841612 -0.4236670
v -11.0354710 3.6841612 0.1813054
v -11.2290306 3.6841612 0.1813054
v -11.0354710 3.7583857 -0.4236670
v -11.2126646 3.7583857 -0.4236670
v -11.0354710 3.7583857 0.1813054
v -11.2290306 3.7583857 0.1813054
v -11.8141108 3.0415351 -0.4622104
v -11.7910290 3.0179939 -0.4945229
v -11.7448664 3.0179939 -0.4945229
v -11.7217846 3.0415351 -0.4622104
v -11.7448664 3.0650764 -0.4298979
v -11.7910290 3.0650764 -0.4298979
v -11.7910290 3.0535319 -0.3983433
v -11.7448664 3.0535319 -0.3983433
v -11.7217846 3.0135534 -0.3983433
v -11.7448664 2.9735749 -0.3983433
v -11.7910290 2.9735749 -0.3983433
v -11.8141108 3.0135534 -0.3983433
v -11.0354710 2.1470928 1.5081757
v -11.0354710 2.4269564 1.5081757
v -11.0354710 2.1470928 1.2283121
v -11.0354710 2.4269564 1.2283121
v -11.0354710 2.7068200 1.2283121
v -12.0727806 2.6933806 0.8902429
v -12.0729866 2.6938753 0.9695410
v -12.1127501 2.6923053 0.8846323
v -12.1130209 2.6934917 0.9821259
v -12.1130276 2.9884362 0.9821259
v -12.1134872 2.9873095 0.8846323
v -11.8204899 2.1470928 1.4451566
v -11.8204899 2.4269564 1.4451566
v -11.8204899 2.6572526 1.1652932
v -11.8204899 2.6572526 -0.7772319
v -11.8204899 2.1470926 -1.0570955
v -11.8204899 2.4269562 -1.0570955
v -11.5255404 2.8991079 1.4644538
v -11.5255404 2.8838603 1.4961160
v -11.5255404 2.8495989 1.5039359
v -11.5255404 2.8221235 1.4820250
v -11.5255404 2.8221235 1.4468826
v -11.5255404 2.8495989 1.4249717
v -11.5255404 2.8838603 1.4327916
v -11.9470778 2.8991084 1.4644538
v -11.9470778 2.8838606 1.4961160
v -11.9470778 2.8495994 1.5039359
v -11.9470778 2.8221238 1.4820250
v -11.9470778 2.8221238 1.4468826
v -11.9470778 2.8495994 1.4249717
v -11.9470778 2.8838606 1.4327916
v -11.4551687 2.8687396 1.3411115
v -11.4551687 2.9030008 1.3489314
v -11.5255404 2.8687396 1.3411115
v -11.5255404 2.9030008 1.3489314
v -12.0316668 2.8538980 1.4644538
v -12.0212126 2.8427985 1.4961160
v -11.9977226 2.8178575 1.5039359
v -11.9788847 2.7978563 1.4820250
v -11.9788847 2.7978563 1.4468826
v -11.9977226 2.8178575 1.4249717
v -12.0212126 2.8427985 1.4327916
v -12.0698471 2.7597032 1.4644538
v -12.0546007 2.7595391 1.4961160
v -12.0203409 2.7591705 1.5039359
v -11.9928675 2.7588749 1.4820250
v -11.9928675 2.7588749 1.4468826
v -12.0203409 2.7591705 1.4249717
v -12.0546007 2.7595391 1.4327916
v -12.0724955 2.5135665 1.4644538
v -12.0572491 2.5134027 1.4961160
v -12.0229893 2.5130339 1.5039359
v -11.9955158 2.5127382 1.4820250
v -11.9955158 2.5127382 1.4468826
v -12.0229893 2.5130339 1.4249717
v -12.0572491 2.5134027 1.4327916
v -11.7048798 2.9613252 -0.5188919
v -11.7905817 3.0535319 0.9713100
v -11.7454796 3.0535319 0.9785172
v -11.8141108 3.0135534 0.8900595
v -11.7910290 3.0535319 0.8963204
v -11.7910290 2.9735749 0.8956701
v -11.7905264 2.9737592 0.9749682
v -11.8129139 3.0137725 0.9875531
v -12.0800371 2.9657526 0.9695410
v -12.0801535 2.9652295 0.8902429
v -12.1453810 3.0116439 0.8908932
v -12.1451397 3.0120208 0.9658828
v -12.0606804 3.0535319 0.9713100
v -12.0611286 3.0535319 0.8963204
v -12.0651083 2.9735749 0.8956701
v -12.0646048 2.9737592 0.9749682
v -12.0644560 3.0135534 0.8900595
v -12.0632591 3.0137725 0.9875531
v -12.1528349 2.6939030 0.8908932
v -12.1528540 2.6943500 0.9658828
v -11.4690199 2.9613252 -0.5911043
v -11.7885809 3.1103659 -0.4794321
v -11.7686481 3.0973248 -0.5189750
v -11.7249708 3.0823801 -0.5189750
v -11.7012262 3.0804763 -0.4794321
v -11.7211599 3.0935173 -0.4398892
v -11.7648373 3.1084619 -0.4398892
v -11.6291351 3.4020002 -0.5124630
v -11.6108723 3.3895316 -0.5529851
v -11.5692530 3.3696094 -0.5543922
v -11.5458975 3.3621552 -0.5152773
v -11.5641603 3.3746235 -0.4747552
v -11.6057796 3.3945460 -0.4733481
v -11.4178772 3.7283406 -0.5213314
v -11.3996143 3.7188668 -0.5626564
v -11.3579950 3.6991007 -0.5655157
v -11.3346395 3.6888080 -0.5270501
v -11.3529024 3.6982815 -0.4857252
v -11.3945217 3.7180476 -0.4828659
v -11.3275394 3.7945635 -0.5223734
v -11.3245392 3.7742095 -0.5636984
v -11.3162231 3.7288914 -0.5665576
v -11.3109083 3.7039278 -0.5280921
v -11.3139086 3.7242818 -0.4867671
v -11.3222246 3.7695999 -0.4839079
v -11.0354710 3.7905843 -0.5250712
v -11.0354710 3.7700181 -0.5663962
v -11.0354710 3.7239447 -0.5692555
v -11.0354710 3.6984379 -0.5307899
v -11.0354710 3.7190042 -0.4894649
v -11.0354710 3.7650776 -0.4866057
v -11.3799295 2.2930171 1.5272162
v -11.2894650 2.2930174 1.7867184
v -11.3721085 2.2562218 1.5272162
v -11.3499975 2.2257886 1.5272162
v -11.3174200 2.2069798 1.5272162
v -11.2800083 2.2030478 1.5272162
v -11.2442322 2.2146721 1.5272162
v -11.2162771 2.2398431 1.5272162
v -11.2009764 2.2742085 1.5272162
v -11.2009764 2.3118260 1.5272162
v -11.2162771 2.3461914 1.5272162
v -11.2442322 2.3713622 1.5272162
v -11.2800083 2.3829868 1.5272162
v -11.3174200 2.3790545 1.5272162
v -11.3499975 2.3602459 1.5272162
v -11.3721085 2.3298128 1.5272162
v -11.9082069 2.2930174 1.5272163
v -11.8177423 2.2930174 1.7867185
v -11.9003859 2.2562218 1.5272163
v -11.8782749 2.2257886 1.5272163
v -11.8456974 2.2069798 1.5272163
v -11.8082867 2.2030478 1.5272163
v -11.7725096 2.2146721 1.5272163
v -11.7445545 2.2398434 1.5272163
v -11.7292538 2.2742085 1.5272163
v -11.7292538 2.3118260 1.5272163
v -11.7445545 2.3461914 1.5272163
v -11.7725096 2.3713622 1.5272163
v -11.8082867 2.3829868 1.5272163
v -11.8456974 2.3790545 1.5272163
v -11.8782749 2.3602459 1.5272163
v -11.9003868 2.3298128 1.5272163
v -11.0354710 4.0040965 0.2187393
v -11.0354710 3.7745090 0.2124563
v -11.3927307 4.0678234 -0.1962314
v -11.3860836 4.0678234 -0.1287416
v -11.3663979 4.0678234 -0.0638453
v -11.3344288 4.0678234 -0.0040366
v -11.2914066 4.0678234 0.0483861
v -11.2389841 4.0678234 0.0914084
v -11.1791754 4.0678234 0.1233768
v -11.0354710 4.0678234 -0.5421728
v -11.1142797 4.0678234 -0.5355256
v -11.1791754 4.0678234 -0.5158395
v -11.2389841 4.0678234 -0.4838710
v -11.2914076 4.0678234 -0.4408486
v -11.3344297 4.0678234 -0.3884258
v -11.3663979 4.0678234 -0.3286170
v -11.3860836 4.0678234 -0.2637207
v -11.1142788 4.0678234 0.1430629
v -11.0354710 4.0653067 0.1465719
v -11.4577866 4.0071430 -0.1962199
v -11.4497404 4.0071430 -0.1145243
v -11.4259109 4.0071430 -0.0359682
v -11.3872137 4.0071430 0.0364295
v -11.3351355 4.0071430 0.0998866
v -11.2716789 4.0071430 0.1519645
v -11.1992807 4.0071430 0.1906618
v -11.1207247 4.0071430 0.2144916
v -11.0354710 4.0071430 -0.6149778
v -11.1207256 4.0071430 -0.6069314
v -11.1992817 4.0071430 -0.5831015
v -11.2716789 4.0071430 -0.5444041
v -11.3351364 4.0071430 -0.4923261
v -11.3872137 4.0071430 -0.4288688
v -11.4259109 4.0071430 -0.3564711
v -11.4497404 4.0071430 -0.2779149
v -11.0354710 4.0040965 0.2187393
v -11.3927307 4.0678234 -0.1962314
v -11.3860836 4.0678234 -0.1287416
v -11.3663979 4.0678234 -0.0638453
v -11.3344288 4.0678234 -0.0040366
v -11.2914066 4.0678234 0.0483861
v -11.2389841 4.0678234 0.0914084
v -11.1791754 4.0678234 0.1233768
v -11.0354710 4.0678234 -0.5421728
v -11.1142797 4.0678234 -0.5355256
v -11.1791754 4.0678234 -0.5158395
v -11.2389841 4.0678234 -0.4838710
v -11.2914076 4.0678234 -0.4408486
v -11.3344297 4.0678234 -0.3884258
v -11.3663979 4.0678234 -0.3286170
v -11.3860836 4.0678234 -0.2637207
v -11.1142788 4.0678234 0.1430629
v -11.0354710 4.0653067 0.1465719
v -11.4453821 3.4606361 0.8265148
v -11.4781532 3.4566822 0.8103971
v -11.0354710 3.4716253 0.8127624
v -11.5884762 3.1951160 1.0249798
v -11.5550747 3.1993546 1.0513659
v -11.0354710 3.1756067 1.0649592
v -11.5268192 3.3633761 -0.5893070
v -11.4289064 3.5556006 -0.5886602
v -11.7048798 2.9613252 1.0861678
v -11.5268192 3.3344588 0.9343315
v -11.3533649 3.6613317 -0.5823172
v -11.3730965 3.6648490 0.3762742
v -11.4303246 3.5556006 0.6829279
v -11.7048798 2.9613252 -0.5188919
v -11.4781532 3.4566822 0.8103971
v -11.5884762 3.1951160 1.0249798
f 3 2 1
f 5 4 3
f 7 6 5
f 9 8 7
f 11 10 9
f 13 12 11
f 15 14 13
f 17 596 595
f 19 18 17
f 21 20 19
f 23 22 21
f 25 24 23
f 27 26 25
f 1 30 29
f 29 28 27
f 612 32 31
f 32 616 33
f 616 34 33
f 618 35 34
f 620 36 35
f 404 417 410
f 624 31 37
f 622 37 36
f 31 410 37
f 39 40 38
f 40 43 42
f 43 44 42
f 45 46 44
f 47 48 46
f 48 51 50
f 51 52 50
f 53 54 52
f 55 56 54
f 57 58 56
f 59 60 58
f 61 62 60
f 63 64 62
f 39 61 53
f 67 38 66
f 65 66 64
f 40 48 56
f 69 71 68
f 68 73 69
f 77 73 72
f 675 77 674
f 91 688 87
f 80 91 87
f 68 71 76
f 68 76 80
f 80 82 68
f 68 79 72
f 86 72 79
f 80 88 89
f 89 81 80
f 87 93 88
f 72 86 85
f 84 72 85
f 87 690 93
f 87 689 690
f 92 77 84
f 77 92 683
f 682 77 683
f 70 76 71
f 75 80 76
f 95 90 74
f 97 79 82
f 97 85 86
f 82 96 97
f 99 84 85
f 99 683 92
f 85 97 99
f 683 99 697
f 100 689 691
f 81 96 82
f 89 98 96
f 98 88 93
f 100 93 690
f 96 98 97
f 97 98 100
f 97 100 99
f 99 100 698
f 99 698 697
f 104 105 103
f 105 108 107
f 450 357 352
f 391 385 386
f 111 112 110
f 113 114 112
f 115 116 114
f 117 118 116
f 121 235 111
f 121 110 120
f 119 120 118
f 110 127 120
f 122 133 127
f 120 126 118
f 118 125 116
f 166 797 796
f 114 123 112
f 112 122 110
f 128 139 133
f 127 132 126
f 126 131 125
f 125 130 124
f 124 129 123
f 123 128 122
f 134 145 139
f 133 138 132
f 132 137 131
f 137 785 131
f 130 135 129
f 129 134 128
f 140 151 145
f 139 144 138
f 138 143 137
f 137 142 136
f 136 141 135
f 135 140 134
f 146 157 151
f 145 150 144
f 144 149 143
f 114 781 780
f 142 147 141
f 141 146 140
f 152 163 157
f 151 156 150
f 150 155 149
f 149 154 148
f 148 153 147
f 147 152 146
f 158 169 163
f 157 162 156
f 156 161 155
f 149 789 143
f 154 159 153
f 153 158 152
f 164 175 169
f 163 168 162
f 162 167 161
f 161 166 160
f 160 165 159
f 159 164 158
f 170 181 175
f 169 174 168
f 168 173 167
f 124 783 125
f 166 171 165
f 165 170 164
f 180 181 177
f 175 180 174
f 174 179 173
f 173 178 172
f 172 177 171
f 171 176 170
f 386 384 387
f 125 781 116
f 166 798 172
f 154 793 792
f 142 789 788
f 154 794 160
f 130 785 784
f 142 790 148
f 130 786 136
f 172 799 173
f 114 782 124
f 160 795 161
f 173 797 167
f 148 791 149
f 136 787 137
f 161 793 155
f 182 185 183
f 186 185 187
f 188 186 187
f 187 190 188
f 189 192 193
f 189 193 190
f 191 195 192
f 193 192 195
f 185 186 183
f 1067 198 196
f 203 199 200
f 202 198 199
f 206 202 203
f 205 201 202
f 209 205 206
f 208 204 205
f 204 402 398
f 211 207 208
f 209 211 208
f 1071 197 200
f 200 183 186
f 195 209 193
f 210 195 194
f 193 206 190
f 190 203 188
f 203 186 188
f 197 182 183
f 229 222 213
f 215 222 221
f 841 856 223
f 341 223 225
f 212 463 443
f 847 565 1261
f 217 835 839
f 215 848 218
f 218 213 215
f 830 216 837
f 220 844 219
f 218 850 220
f 220 216 218
f 219 837 216
f 346 217 839
f 846 376 345
f 851 349 1010
f 221 227 224
f 226 331 325
f 854 224 858
f 328 332 334
f 221 842 215
f 223 858 224
f 214 443 463
f 223 227 225
f 329 227 333
f 333 228 334
f 212 337 222
f 329 226 225
f 332 325 330
f 230 233 229
f 831 229 863
f 234 232 233
f 229 232 222
f 222 231 212
f 230 231 234
f 240 241 235
f 119 240 121
f 117 239 119
f 237 882 115
f 113 237 115
f 111 236 113
f 241 252 247
f 239 246 240
f 239 244 245
f 238 243 244
f 237 242 243
f 235 242 236
f 117 885 238
f 238 884 237
f 117 882 883
f 247 258 253
f 246 251 252
f 245 250 251
f 243 250 244
f 243 248 249
f 242 247 248
f 253 264 259
f 251 258 252
f 251 256 257
f 280 938 279
f 248 255 249
f 247 254 248
f 259 270 265
f 258 263 264
f 257 262 263
f 255 262 256
f 254 261 255
f 253 260 254
f 265 276 271
f 263 270 264
f 263 268 269
f 274 939 280
f 261 266 267
f 259 266 260
f 271 282 277
f 270 275 276
f 269 274 275
f 267 274 268
f 266 273 267
f 266 271 272
f 277 288 283
f 276 281 282
f 274 281 275
f 279 936 273
f 272 279 273
f 272 277 278
f 283 294 289
f 282 287 288
f 281 286 287
f 279 286 280
f 279 284 285
f 278 283 284
f 274 936 937
f 267 932 261
f 262 935 268
f 268 934 267
f 262 932 933
f 255 928 249
f 250 931 256
f 256 930 255
f 250 928 929
f 294 295 289
f 288 293 294
f 286 293 287
f 285 292 286
f 284 291 285
f 284 289 290
f 295 306 301
f 293 300 294
f 293 298 299
f 322 986 321
f 291 296 297
f 289 296 290
f 306 307 301
f 299 306 300
f 299 304 305
f 297 304 298
f 296 303 297
f 295 302 296
f 307 318 313
f 305 312 306
f 305 310 311
f 316 987 322
f 303 308 309
f 301 308 302
f 313 324 319
f 311 318 312
f 311 316 317
f 309 316 310
f 309 314 315
f 307 314 308
f 323 322 321
f 317 324 318
f 317 322 323
f 315 986 984
f 314 321 315
f 313 320 314
f 316 984 985
f 303 982 980
f 304 983 310
f 310 982 309
f 304 980 981
f 297 976 291
f 298 977 979
f 298 978 297
f 292 976 977
f 329 330 331
f 332 333 334
f 326 328 327
f 330 333 332
f 335 337 336
f 338 326 327
f 340 342 339
f 347 348 349
f 348 346 345
f 567 340 339
f 349 350 347
f 344 565 343
f 1010 348 1011
f 841 568 1264
f 357 358 352
f 444 356 357
f 355 356 445
f 104 355 106
f 449 104 448
f 363 364 358
f 356 363 357
f 355 362 356
f 355 360 361
f 354 359 360
f 353 358 359
f 369 370 364
f 362 369 363
f 361 368 362
f 361 366 367
f 360 365 366
f 359 364 365
f 375 1041 370
f 369 374 375
f 367 374 368
f 367 372 373
f 365 372 366
f 364 371 365
f 374 1046 375
f 373 1045 374
f 373 1043 1044
f 372 1042 1043
f 371 1041 1042
f 1047 378 376
f 1053 378 1051
f 1011 377 1049
f 345 377 348
f 377 1053 1049
f 376 379 377
f 388 384 383
f 389 383 382
f 389 381 390
f 385 464 469
f 102 391 101
f 103 390 102
f 469 470 475
f 105 389 103
f 107 388 105
f 109 387 107
f 390 380 391
f 101 386 109
f 1070 200 199
f 1069 199 198
f 1068 196 197
f 397 461 394
f 451 395 396
f 452 394 392
f 396 462 454
f 453 462 461
f 452 393 451
f 401 400 398
f 36 420 409
f 36 408 35
f 35 407 34
f 34 406 33
f 33 405 32
f 32 404 31
f 417 422 428
f 410 416 409
f 409 415 408
f 408 414 407
f 407 413 406
f 405 413 412
f 405 411 404
f 419 420 418
f 410 419 37
f 410 420 421
f 37 418 36
f 428 429 435
f 416 428 427
f 415 427 426
f 415 425 414
f 414 424 413
f 413 423 412
f 412 422 411
f 429 442 435
f 427 435 434
f 426 434 433
f 426 432 425
f 425 431 424
f 424 430 423
f 423 429 422
f 442 437 439
f 435 441 434
f 434 440 433
f 433 439 432
f 432 438 431
f 431 437 430
f 429 437 436
f 835 230 831
f 446 102 101
f 354 449 353
f 107 447 109
f 447 108 444
f 108 445 444
f 448 103 102
f 450 353 449
f 109 446 101
f 448 458 449
f 447 455 456
f 182 398 184
f 194 402 210
f 401 192 189
f 403 191 192
f 400 189 187
f 185 400 187
f 398 185 184
f 446 456 459
f 450 458 460
f 446 457 448
f 450 455 444
f 230 214 463
f 384 469 468
f 383 468 467
f 383 466 382
f 382 465 381
f 380 465 464
f 475 476 481
f 468 475 474
f 467 474 473
f 467 472 466
f 466 471 465
f 465 470 464
f 481 482 487
f 474 481 480
f 473 480 479
f 473 478 472
f 472 477 471
f 471 476 470
f 487 1168 1173
f 480 487 486
f 479 486 485
f 479 484 478
f 478 483 477
f 477 482 476
f 486 1173 1172
f 485 1172 1171
f 485 1170 484
f 484 1169 483
f 483 1168 482
f 502 489 503
f 488 489 490
f 501 489 502
f 500 489 501
f 499 489 500
f 498 489 499
f 497 489 498
f 496 489 497
f 495 489 496
f 494 489 495
f 493 489 494
f 492 489 493
f 491 489 492
f 503 489 488
f 490 489 491
f 518 505 519
f 504 505 506
f 517 505 518
f 516 505 517
f 515 505 516
f 514 505 515
f 513 505 514
f 512 505 513
f 511 505 512
f 510 505 511
f 509 505 510
f 508 505 509
f 507 505 508
f 519 505 504
f 506 505 507
f 83 75 15
f 75 70 15
f 15 70 16
f 70 69 16
f 73 16 69
f 78 16 73
f 675 16 78
f 91 83 15
f 687 91 15
f 16 675 1207
f 523 522 1224
f 457 451 458
f 456 454 453
f 455 396 454
f 459 452 457
f 458 396 460
f 459 453 397
f 687 15 1206
f 538 554 539
f 546 559 560
f 549 562 563
f 536 552 537
f 544 557 558
f 539 555 540
f 547 560 561
f 535 551 536
f 535 563 550
f 537 553 538
f 545 558 559
f 540 556 541
f 548 561 562
f 543 1249 557
f 541 564 542
f 542 1258 1241
f 1261 351 851
f 566 351 565
f 567 343 568
f 1264 343 847
f 574 577 576
f 30 2 1207
f 580 581 579
f 582 583 581
f 584 585 583
f 586 587 585
f 588 589 587
f 590 591 589
f 592 593 591
f 596 597 595
f 598 599 597
f 600 601 599
f 602 603 601
f 604 605 603
f 606 607 605
f 610 579 609
f 608 609 607
f 613 612 611
f 613 616 614
f 617 616 615
f 619 618 617
f 621 620 619
f 1097 1084 1090
f 611 624 623
f 623 622 621
f 1090 611 623
f 627 626 625
f 627 630 628
f 631 630 629
f 633 632 631
f 635 634 633
f 635 638 636
f 639 638 637
f 641 640 639
f 643 642 641
f 645 644 643
f 647 646 645
f 649 648 647
f 651 650 649
f 638 646 654
f 625 654 653
f 653 652 651
f 637 633 629
f 658 656 655
f 660 655 656
f 664 660 665
f 664 675 674
f 688 680 676
f 676 670 667
f 655 663 658
f 655 667 663
f 669 667 655
f 655 666 669
f 673 666 659
f 667 677 676
f 678 667 668
f 676 677 684
f 659 672 673
f 671 659 664
f 676 684 690
f 676 689 688
f 681 671 664
f 664 683 681
f 682 664 674
f 663 657 658
f 667 662 663
f 679 686 661
f 693 666 673
f 693 673 672
f 669 693 692
f 695 671 681
f 695 681 683
f 672 695 693
f 691 688 689
f 683 697 695
f 696 689 690
f 668 692 678
f 678 692 694
f 694 677 678
f 684 696 690
f 692 693 694
f 693 696 694
f 693 695 696
f 695 698 696
f 695 697 698
f 703 702 701
f 703 706 704
f 1130 1022 1124
f 1060 1066 1061
f 710 709 708
f 712 711 710
f 714 713 712
f 716 715 714
f 870 719 709
f 708 719 718
f 718 717 716
f 725 708 718
f 731 720 725
f 724 718 716
f 723 716 714
f 764 797 765
f 721 712 710
f 720 710 708
f 737 726 731
f 730 725 724
f 729 724 723
f 728 723 722
f 727 722 721
f 726 721 720
f 743 732 737
f 736 731 730
f 735 730 729
f 785 735 729
f 733 728 727
f 732 727 726
f 749 738 743
f 742 737 736
f 741 736 735
f 740 735 734
f 739 734 733
f 738 733 732
f 755 744 749
f 748 743 742
f 747 742 741
f 712 781 714
f 745 740 739
f 744 739 738
f 761 750 755
f 754 749 748
f 753 748 747
f 752 747 746
f 751 746 745
f 750 745 744
f 767 756 761
f 760 755 754
f 759 754 753
f 789 747 741
f 757 752 751
f 756 751 750
f 773 762 767
f 766 761 760
f 765 760 759
f 764 759 758
f 763 758 757
f 762 757 756
f 779 768 773
f 772 767 766
f 771 766 765
f 783 722 723
f 769 764 763
f 768 763 762
f 777 776 775
f 778 773 772
f 777 772 771
f 776 771 770
f 775 770 769
f 774 769 768
f 782 781 780
f 786 785 784
f 790 789 788
f 1059 1061 1062
f 798 797 796
f 781 723 714
f 798 764 770
f 752 793 753
f 740 789 741
f 794 752 758
f 728 785 729
f 790 740 746
f 786 728 734
f 799 770 771
f 782 712 722
f 795 758 759
f 797 771 765
f 791 746 747
f 787 734 735
f 793 759 753
f 801 802 800
f 804 805 803
f 806 805 804
f 808 805 806
f 807 811 810
f 807 808 811
f 813 809 810
f 811 813 810
f 803 801 804
f 816 1067 814
f 817 821 818
f 816 820 817
f 820 824 821
f 819 823 820
f 823 827 824
f 822 826 823
f 1078 822 819
f 825 829 826
f 827 826 829
f 815 1071 818
f 801 818 804
f 811 829 813
f 813 828 812
f 811 824 827
f 808 821 824
f 804 821 806
f 800 815 801
f 833 853 864
f 853 836 852
f 856 854 841
f 855 841 1003
f 859 855 1004
f 1143 832 1123
f 847 1259 1006
f 840 835 834
f 848 836 843
f 833 843 836
f 838 830 837
f 844 849 845
f 850 843 849
f 838 849 843
f 837 845 838
f 839 840 1009
f 1048 846 1008
f 851 1014 1016
f 852 861 862
f 860 1002 989
f 854 857 852
f 991 990 862
f 842 852 836
f 858 855 857
f 834 1143 1123
f 861 855 859
f 861 992 996
f 862 996 997
f 1000 832 853
f 860 992 859
f 988 995 993
f 868 865 864
f 864 831 863
f 867 869 868
f 867 864 853
f 866 853 832
f 865 866 832
f 876 875 870
f 875 717 719
f 874 715 717
f 882 872 713
f 872 711 713
f 871 709 711
f 876 891 881
f 881 874 875
f 874 879 873
f 873 878 872
f 872 877 871
f 877 870 871
f 885 882 883
f 885 715 873
f 884 873 872
f 715 882 713
f 886 897 891
f 881 890 880
f 880 889 879
f 889 878 879
f 878 887 877
f 877 886 876
f 892 903 897
f 897 890 891
f 890 895 889
f 938 919 918
f 888 893 887
f 893 886 887
f 898 909 903
f 897 902 896
f 896 901 895
f 901 894 895
f 900 893 894
f 899 892 893
f 904 915 909
f 909 902 903
f 902 907 901
f 939 913 919
f 900 905 899
f 905 898 899
f 916 915 910
f 909 914 908
f 908 913 907
f 913 906 907
f 912 905 906
f 905 910 904
f 916 927 921
f 915 920 914
f 920 913 914
f 936 918 912
f 918 911 912
f 911 916 910
f 922 945 927
f 921 926 920
f 920 925 919
f 925 918 919
f 918 923 917
f 917 922 916
f 931 928 929
f 935 932 933
f 939 936 937
f 913 936 912
f 900 934 906
f 935 901 907
f 934 907 906
f 901 932 900
f 928 894 888
f 931 889 895
f 930 895 894
f 889 928 888
f 946 945 940
f 927 944 926
f 944 925 926
f 943 924 925
f 942 923 924
f 923 940 922
f 946 957 951
f 951 944 945
f 944 949 943
f 986 973 972
f 942 947 941
f 947 940 941
f 958 957 952
f 957 950 951
f 950 955 949
f 955 948 949
f 954 947 948
f 953 946 947
f 958 969 963
f 963 956 957
f 956 961 955
f 987 967 973
f 954 959 953
f 959 952 953
f 964 975 969
f 969 962 963
f 962 967 961
f 967 960 961
f 960 965 959
f 965 958 959
f 974 975 970
f 975 968 969
f 968 973 967
f 966 986 972
f 972 965 966
f 971 964 965
f 977 978 976
f 981 982 980
f 987 984 985
f 967 984 966
f 954 982 960
f 983 955 961
f 982 961 960
f 955 980 954
f 976 948 942
f 949 977 943
f 978 949 948
f 943 976 942
f 992 994 993
f 995 997 996
f 991 989 990
f 996 993 995
f 998 1000 1001
f 1001 989 998
f 1005 1003 1002
f 1012 1014 1013
f 1009 1013 1008
f 1003 1262 1002
f 1014 1015 1016
f 1007 1259 1260
f 1010 1013 1014
f 841 1263 1003
f 1023 1022 1017
f 1124 1021 1125
f 1125 1020 704
f 1020 702 704
f 1129 1128 702
f 1029 1028 1023
f 1028 1021 1022
f 1027 1020 1021
f 1020 1025 1019
f 1019 1024 1018
f 1018 1023 1017
f 1035 1034 1029
f 1034 1027 1028
f 1033 1026 1027
f 1026 1031 1025
f 1025 1030 1024
f 1024 1029 1023
f 1041 1040 1035
f 1034 1039 1033
f 1039 1032 1033
f 1038 1031 1032
f 1037 1030 1031
f 1030 1035 1029
f 1045 1046 1041
f 1046 1039 1040
f 1045 1038 1039
f 1038 1043 1037
f 1037 1042 1036
f 1036 1041 1035
f 1052 1047 1048
f 1053 1052 1054
f 1011 1050 1013
f 1050 1008 1013
f 1051 1049 1047
f 1053 1050 1049
f 1054 1048 1050
f 1063 1059 1062
f 1064 1058 1063
f 1056 1064 1065
f 1060 1144 1055
f 1066 700 699
f 1065 701 700
f 1149 1150 1144
f 1064 703 701
f 1063 705 703
f 1062 707 705
f 1055 1065 1066
f 1061 699 707
f 1067 1070 1068
f 1070 1071 1068
f 818 1070 817
f 817 1069 816
f 814 1068 815
f 1077 1141 1133
f 1075 1131 1076
f 1132 1074 1077
f 1142 1076 1134
f 1133 1142 1134
f 1073 1132 1131
f 1081 1083 1082
f 697 683 682
f 1100 621 1089
f 1088 621 619
f 1087 619 617
f 1086 617 615
f 1085 615 613
f 1084 613 611
f 1097 1102 1091
f 1096 1090 1089
f 1095 1089 1088
f 1094 1088 1087
f 1093 1087 1086
f 1085 1093 1086
f 1091 1085 1084
f 1100 1099 1098
f 1099 1090 623
f 1090 1100 1089
f 1098 623 621
f 1108 1109 1102
f 1096 1108 1097
f 1095 1107 1096
f 1105 1095 1094
f 1104 1094 1093
f 1103 1093 1092
f 1102 1092 1091
f 1122 1109 1115
f 1107 1115 1108
f 1106 1114 1107
f 1112 1106 1105
f 1111 1105 1104
f 1110 1104 1103
f 1109 1103 1102
f 1120 1119 1118
f 1121 1115 1114
f 1120 1114 1113
f 1119 1113 1112
f 1118 1112 1111
f 1117 1111 1110
f 1109 1117 1110
f 835 865 834
f 700 1126 699
f 1019 1129 702
f 705 1127 706
f 1127 1124 706
f 706 1124 1125
f 701 1128 700
f 1018 1130 1129
f 707 1126 1127
f 1138 1128 1129
f 1127 1135 1124
f 1078 800 802
f 812 1082 809
f 810 1081 807
f 809 1083 810
f 807 1080 805
f 803 1080 1079
f 803 1078 802
f 1126 1136 1127
f 1130 1138 1129
f 1137 1126 1128
f 1135 1130 1124
f 865 1143 834
f 1059 1149 1060
f 1058 1148 1059
f 1146 1058 1057
f 1145 1057 1056
f 1055 1145 1056
f 1155 1156 1150
f 1148 1155 1149
f 1147 1154 1148
f 1152 1147 1146
f 1151 1146 1145
f 1150 1145 1144
f 1161 1162 1156
f 1154 1161 1155
f 1153 1160 1154
f 1158 1153 1152
f 1157 1152 1151
f 1156 1151 1150
f 1167 1168 1162
f 1160 1167 1161
f 1159 1166 1160
f 1164 1159 1158
f 1163 1158 1157
f 1162 1157 1156
f 1171 1170 1169
f 1166 1173 1167
f 1165 1172 1166
f 1170 1165 1164
f 1169 1164 1163
f 1168 1163 1162
f 1188 1189 1175
f 1174 1176 1175
f 1187 1188 1175
f 1186 1187 1175
f 1185 1186 1175
f 1184 1185 1175
f 1183 1184 1175
f 1182 1183 1175
f 1181 1182 1175
f 1180 1181 1175
f 1179 1180 1175
f 1178 1179 1175
f 1177 1178 1175
f 1189 1174 1175
f 1176 1177 1175
f 1204 1205 1191
f 1190 1192 1191
f 1203 1204 1191
f 1202 1203 1191
f 1201 1202 1191
f 1200 1201 1191
f 1199 1200 1191
f 1198 1199 1191
f 1197 1198 1191
f 1196 1197 1191
f 1195 1196 1191
f 1194 1195 1191
f 1193 1194 1191
f 1205 1190 1191
f 1192 1193 1191
f 670 593 662
f 662 593 657
f 593 594 657
f 657 594 656
f 660 656 594
f 665 660 594
f 675 665 594
f 680 593 670
f 687 593 680
f 594 1207 675
f 1222 1208 1224
f 1131 1137 1138
f 1136 1134 1135
f 1135 1076 1140
f 1132 1139 1137
f 1076 1138 1140
f 1139 1133 1136
f 687 1206 593
f 1246 1228 1229
f 1237 1252 1236
f 1240 1255 1239
f 1244 1226 1227
f 1235 1250 1234
f 1247 1229 1230
f 1238 1253 1237
f 1243 1225 1226
f 1225 1256 1240
f 1245 1227 1228
f 1236 1251 1235
f 1248 1230 1231
f 1239 1254 1238
f 1234 1249 1233
f 1257 1231 1232
f 1258 1232 1241
f 1261 1016 1259
f 1260 1016 1015
f 1262 1006 1007
f 1264 1006 1263
f 1270 1272 1273
f 586 584 1207
f 3 4 2
f 5 6 4
f 7 8 6
f 9 10 8
f 11 12 10
f 13 14 12
f 15 16 14
f 17 18 596
f 19 20 18
f 21 22 20
f 23 24 22
f 25 26 24
f 27 28 26
f 1 2 30
f 29 30 28
f 612 614 32
f 32 614 616
f 616 618 34
f 618 620 35
f 620 622 36
f 404 411 417
f 624 612 31
f 622 624 37
f 31 404 410
f 39 41 40
f 40 41 43
f 43 45 44
f 45 47 46
f 47 49 48
f 48 49 51
f 51 53 52
f 53 55 54
f 55 57 56
f 57 59 58
f 59 61 60
f 61 63 62
f 63 65 64
f 43 41 45
f 41 39 45
f 39 67 65
f 65 63 39
f 63 61 39
f 61 59 57
f 57 55 61
f 55 53 61
f 53 51 49
f 49 47 53
f 47 45 53
f 45 39 53
f 67 39 38
f 65 67 66
f 66 38 64
f 38 40 64
f 40 42 44
f 44 46 40
f 46 48 40
f 48 50 52
f 52 54 56
f 56 58 60
f 60 62 64
f 48 52 56
f 56 60 64
f 64 40 56
f 69 70 71
f 68 72 73
f 77 78 73
f 675 78 77
f 91 687 688
f 80 83 91
f 80 81 82
f 68 82 79
f 80 87 88
f 84 77 72
f 87 688 689
f 682 674 77
f 70 75 76
f 75 83 80
f 95 94 90
f 97 86 79
f 99 92 84
f 100 690 689
f 81 89 96
f 98 89 88
f 100 98 93
f 104 106 105
f 105 106 108
f 450 444 357
f 391 380 385
f 111 113 112
f 113 115 114
f 115 117 116
f 117 119 118
f 121 240 235
f 121 111 110
f 119 121 120
f 110 122 127
f 122 128 133
f 120 127 126
f 118 126 125
f 166 167 797
f 114 124 123
f 112 123 122
f 128 134 139
f 127 133 132
f 126 132 131
f 125 131 130
f 124 130 129
f 123 129 128
f 134 140 145
f 133 139 138
f 132 138 137
f 137 787 785
f 130 136 135
f 129 135 134
f 140 146 151
f 139 145 144
f 138 144 143
f 137 143 142
f 136 142 141
f 135 141 140
f 146 152 157
f 145 151 150
f 144 150 149
f 114 116 781
f 142 148 147
f 141 147 146
f 152 158 163
f 151 157 156
f 150 156 155
f 149 155 154
f 148 154 153
f 147 153 152
f 158 164 169
f 157 163 162
f 156 162 161
f 149 791 789
f 154 160 159
f 153 159 158
f 164 170 175
f 163 169 168
f 162 168 167
f 161 167 166
f 160 166 165
f 159 165 164
f 170 176 181
f 169 175 174
f 168 174 173
f 124 782 783
f 166 172 171
f 165 171 170
f 181 176 177
f 177 178 179
f 179 180 177
f 175 181 180
f 174 180 179
f 173 179 178
f 172 178 177
f 171 177 176
f 386 385 384
f 125 783 781
f 166 796 798
f 154 155 793
f 142 143 789
f 154 792 794
f 130 131 785
f 142 788 790
f 130 784 786
f 172 798 799
f 114 780 782
f 160 794 795
f 173 799 797
f 148 790 791
f 136 786 787
f 161 795 793
f 182 184 185
f 187 189 190
f 191 194 195
f 1067 1069 198
f 203 202 199
f 202 201 198
f 206 205 202
f 205 204 201
f 209 208 205
f 208 207 204
f 398 196 198
f 198 201 398
f 201 204 398
f 207 210 402
f 204 207 402
f 211 210 207
f 1071 1068 197
f 200 197 183
f 195 211 209
f 210 211 195
f 193 209 206
f 190 206 203
f 203 200 186
f 197 196 182
f 213 830 229
f 830 863 229
f 215 213 222
f 223 341 340
f 340 841 223
f 226 342 225
f 342 341 225
f 212 230 463
f 847 343 565
f 217 214 835
f 215 842 848
f 218 216 213
f 830 213 216
f 220 850 844
f 218 848 850
f 220 219 216
f 219 844 837
f 846 345 839
f 345 346 839
f 846 1047 376
f 851 351 349
f 221 228 227
f 336 212 443
f 443 339 326
f 339 342 226
f 339 226 326
f 335 336 443
f 325 326 226
f 326 335 443
f 331 330 325
f 854 221 224
f 228 221 338
f 221 222 337
f 337 338 221
f 338 327 228
f 327 328 228
f 228 328 334
f 221 854 842
f 223 856 858
f 223 224 227
f 329 225 227
f 333 227 228
f 212 336 337
f 329 331 226
f 332 328 325
f 230 234 233
f 831 230 229
f 234 231 232
f 229 233 232
f 222 232 231
f 230 212 231
f 240 246 241
f 119 239 240
f 117 238 239
f 237 884 882
f 113 236 237
f 111 235 236
f 241 246 252
f 239 245 246
f 239 238 244
f 238 237 243
f 237 236 242
f 235 241 242
f 117 883 885
f 238 885 884
f 117 115 882
f 247 252 258
f 246 245 251
f 245 244 250
f 243 249 250
f 243 242 248
f 242 241 247
f 253 258 264
f 251 257 258
f 251 250 256
f 280 939 938
f 248 254 255
f 247 253 254
f 259 264 270
f 258 257 263
f 257 256 262
f 255 261 262
f 254 260 261
f 253 259 260
f 265 270 276
f 263 269 270
f 263 262 268
f 274 937 939
f 261 260 266
f 259 265 266
f 271 276 282
f 270 269 275
f 269 268 274
f 267 273 274
f 266 272 273
f 266 265 271
f 277 282 288
f 276 275 281
f 274 280 281
f 279 938 936
f 272 278 279
f 272 271 277
f 283 288 294
f 282 281 287
f 281 280 286
f 279 285 286
f 279 278 284
f 278 277 283
f 274 273 936
f 267 934 932
f 262 933 935
f 268 935 934
f 262 261 932
f 255 930 928
f 250 929 931
f 256 931 930
f 250 249 928
f 294 300 295
f 288 287 293
f 286 292 293
f 285 291 292
f 284 290 291
f 284 283 289
f 295 300 306
f 293 299 300
f 293 292 298
f 322 987 986
f 291 290 296
f 289 295 296
f 306 312 307
f 299 305 306
f 299 298 304
f 297 303 304
f 296 302 303
f 295 301 302
f 307 312 318
f 305 311 312
f 305 304 310
f 316 985 987
f 303 302 308
f 301 307 308
f 313 318 324
f 311 317 318
f 311 310 316
f 309 315 316
f 309 308 314
f 307 313 314
f 321 320 323
f 320 319 323
f 319 324 323
f 317 323 324
f 317 316 322
f 315 321 986
f 314 320 321
f 313 319 320
f 316 315 984
f 303 309 982
f 304 981 983
f 310 983 982
f 304 303 980
f 297 978 976
f 298 292 977
f 298 979 978
f 292 291 976
f 326 325 328
f 330 329 333
f 335 338 337
f 338 335 326
f 340 341 342
f 348 347 346
f 567 568 340
f 349 351 350
f 344 566 565
f 1010 349 348
f 841 340 568
f 357 363 358
f 444 445 356
f 445 108 106
f 106 355 445
f 104 354 355
f 363 369 364
f 356 362 363
f 355 361 362
f 355 354 360
f 354 353 359
f 353 352 358
f 369 375 370
f 362 368 369
f 361 367 368
f 361 360 366
f 360 359 365
f 359 358 364
f 375 1046 1041
f 369 368 374
f 367 373 374
f 367 366 372
f 365 371 372
f 364 370 371
f 374 1045 1046
f 373 1044 1045
f 373 372 1043
f 372 371 1042
f 371 370 1041
f 1047 1051 378
f 1053 379 378
f 1011 348 377
f 345 376 377
f 377 379 1053
f 376 378 379
f 388 387 384
f 389 388 383
f 389 382 381
f 385 380 464
f 102 390 391
f 103 389 390
f 469 464 470
f 105 388 389
f 107 387 388
f 109 386 387
f 390 381 380
f 101 391 386
f 1070 1071 200
f 1069 1070 199
f 1068 1067 196
f 397 453 461
f 451 393 395
f 452 397 394
f 396 395 462
f 453 454 462
f 452 392 393
f 399 398 400
f 398 402 401
f 402 403 401
f 36 418 420
f 36 409 408
f 35 408 407
f 34 407 406
f 33 406 405
f 32 405 404
f 417 411 422
f 410 417 416
f 409 416 415
f 408 415 414
f 407 414 413
f 405 406 413
f 405 412 411
f 419 421 420
f 410 421 419
f 410 409 420
f 37 419 418
f 428 422 429
f 416 417 428
f 415 416 427
f 415 426 425
f 414 425 424
f 413 424 423
f 412 423 422
f 429 436 442
f 427 428 435
f 426 427 434
f 426 433 432
f 425 432 431
f 424 431 430
f 423 430 429
f 442 436 437
f 437 438 439
f 439 440 441
f 441 442 439
f 435 442 441
f 434 441 440
f 433 440 439
f 432 439 438
f 431 438 437
f 429 430 437
f 835 214 230
f 446 448 102
f 354 104 449
f 107 108 447
f 448 104 103
f 450 352 353
f 109 447 446
f 448 457 458
f 447 444 455
f 182 196 398
f 194 191 402
f 401 403 192
f 403 402 191
f 400 401 189
f 185 399 400
f 398 399 185
f 446 447 456
f 450 449 458
f 446 459 457
f 450 460 455
f 384 385 469
f 383 384 468
f 383 467 466
f 382 466 465
f 380 381 465
f 475 470 476
f 468 469 475
f 467 468 474
f 467 473 472
f 466 472 471
f 465 471 470
f 481 476 482
f 474 475 481
f 473 474 480
f 473 479 478
f 472 478 477
f 471 477 476
f 487 482 1168
f 480 481 487
f 479 480 486
f 479 485 484
f 478 484 483
f 477 483 482
f 486 487 1173
f 485 486 1172
f 485 1171 1170
f 484 1170 1169
f 483 1169 1168
f 522 521 1224
f 521 520 1224
f 520 533 1224
f 533 532 1224
f 532 531 1224
f 531 530 1224
f 530 529 1224
f 529 528 1224
f 528 527 1224
f 527 1215 1224
f 1224 534 526
f 525 1224 526
f 525 524 1224
f 524 523 1224
f 457 452 451
f 456 455 454
f 455 460 396
f 459 397 452
f 458 451 396
f 459 456 453
f 538 553 554
f 546 545 559
f 549 548 562
f 536 551 552
f 544 543 557
f 539 554 555
f 547 546 560
f 535 550 551
f 535 549 563
f 537 552 553
f 545 544 558
f 540 555 556
f 548 547 561
f 543 1233 1249
f 541 556 564
f 542 564 1258
f 1261 565 351
f 566 350 351
f 567 344 343
f 1264 568 343
f 576 569 574
f 569 570 574
f 570 573 574
f 574 575 577
f 577 572 571
f 572 578 571
f 571 576 577
f 2 4 1207
f 4 6 1207
f 6 8 1207
f 8 10 1207
f 10 12 1207
f 12 14 1207
f 14 16 1207
f 1207 596 18
f 18 20 1207
f 20 22 1207
f 22 24 1207
f 24 26 1207
f 26 28 1207
f 28 30 1207
f 580 582 581
f 582 584 583
f 584 586 585
f 586 588 587
f 588 590 589
f 590 592 591
f 592 594 593
f 596 598 597
f 598 600 599
f 600 602 601
f 602 604 603
f 604 606 605
f 606 608 607
f 610 580 579
f 608 610 609
f 613 614 612
f 613 615 616
f 617 618 616
f 619 620 618
f 621 622 620
f 1097 1091 1084
f 611 612 624
f 623 624 622
f 1090 1084 611
f 627 628 626
f 627 629 630
f 631 632 630
f 633 634 632
f 635 636 634
f 635 637 638
f 639 640 638
f 641 642 640
f 643 644 642
f 645 646 644
f 647 648 646
f 649 650 648
f 651 652 650
f 626 628 630
f 630 632 634
f 634 636 638
f 638 640 646
f 640 642 646
f 642 644 646
f 646 648 654
f 648 650 654
f 650 652 654
f 654 626 638
f 626 630 638
f 630 634 638
f 625 626 654
f 653 654 652
f 627 625 629
f 625 653 629
f 653 651 649
f 649 647 645
f 645 643 641
f 641 639 637
f 637 635 633
f 633 631 629
f 653 649 629
f 649 645 629
f 645 641 629
f 641 637 629
f 658 657 656
f 660 659 655
f 664 659 660
f 664 665 675
f 688 687 680
f 676 680 670
f 669 668 667
f 655 659 666
f 667 678 677
f 671 672 659
f 676 690 689
f 682 683 664
f 663 662 657
f 667 670 662
f 679 685 686
f 693 669 666
f 695 672 671
f 696 691 689
f 668 669 692
f 694 684 677
f 684 694 696
f 703 704 702
f 703 705 706
f 1130 1017 1022
f 1060 1055 1066
f 710 711 709
f 712 713 711
f 714 715 713
f 716 717 715
f 870 875 719
f 708 709 719
f 718 719 717
f 725 720 708
f 731 726 720
f 724 725 718
f 723 724 716
f 764 796 797
f 721 722 712
f 720 721 710
f 737 732 726
f 730 731 725
f 729 730 724
f 728 729 723
f 727 728 722
f 726 727 721
f 743 738 732
f 736 737 731
f 735 736 730
f 785 787 735
f 733 734 728
f 732 733 727
f 749 744 738
f 742 743 737
f 741 742 736
f 740 741 735
f 739 740 734
f 738 739 733
f 755 750 744
f 748 749 743
f 747 748 742
f 712 780 781
f 745 746 740
f 744 745 739
f 761 756 750
f 754 755 749
f 753 754 748
f 752 753 747
f 751 752 746
f 750 751 745
f 767 762 756
f 760 761 755
f 759 760 754
f 789 791 747
f 757 758 752
f 756 757 751
f 773 768 762
f 766 767 761
f 765 766 760
f 764 765 759
f 763 764 758
f 762 763 757
f 779 774 768
f 772 773 767
f 771 772 766
f 783 782 722
f 769 770 764
f 768 769 763
f 775 774 779
f 779 778 775
f 778 777 775
f 778 779 773
f 777 778 772
f 776 777 771
f 775 776 770
f 774 775 769
f 782 783 781
f 786 787 785
f 790 791 789
f 1059 1060 1061
f 798 799 797
f 781 783 723
f 798 796 764
f 752 792 793
f 740 788 789
f 794 792 752
f 728 784 785
f 790 788 740
f 786 784 728
f 799 798 770
f 782 780 712
f 795 794 758
f 797 799 771
f 791 790 746
f 787 786 734
f 793 795 759
f 801 803 802
f 808 807 805
f 813 812 809
f 816 1069 1067
f 817 820 821
f 816 819 820
f 820 823 824
f 819 822 823
f 823 826 827
f 822 825 826
f 816 814 1078
f 1078 1082 822
f 1082 828 825
f 825 822 1082
f 819 816 1078
f 825 828 829
f 815 1068 1071
f 801 815 818
f 811 827 829
f 813 829 828
f 811 808 824
f 808 806 821
f 804 818 821
f 800 814 815
f 863 830 864
f 830 833 864
f 853 833 836
f 856 858 854
f 1003 1004 855
f 855 856 841
f 1004 1005 859
f 1005 860 859
f 1143 865 832
f 847 1261 1259
f 840 839 835
f 848 842 836
f 833 838 843
f 838 833 830
f 844 850 849
f 850 848 843
f 838 845 849
f 837 844 845
f 1009 1008 839
f 1008 846 839
f 1048 1047 846
f 851 1010 1014
f 852 857 861
f 1123 832 999
f 999 998 1123
f 998 989 1123
f 989 988 860
f 988 993 994
f 988 994 860
f 1005 1002 860
f 1002 1123 989
f 854 858 857
f 853 852 1000
f 852 862 1001
f 1000 852 1001
f 997 995 991
f 862 997 991
f 1001 862 990
f 842 854 852
f 858 856 855
f 861 857 855
f 861 859 992
f 862 861 996
f 1000 999 832
f 860 994 992
f 988 991 995
f 868 869 865
f 864 865 831
f 867 866 869
f 867 868 864
f 866 867 853
f 865 869 866
f 876 881 875
f 875 874 717
f 874 873 715
f 882 884 872
f 872 871 711
f 871 870 709
f 876 886 891
f 881 880 874
f 874 880 879
f 873 879 878
f 872 878 877
f 877 876 870
f 885 884 882
f 885 883 715
f 884 885 873
f 715 883 882
f 886 892 897
f 881 891 890
f 880 890 889
f 889 888 878
f 878 888 887
f 877 887 886
f 892 898 903
f 897 896 890
f 890 896 895
f 938 939 919
f 888 894 893
f 893 892 886
f 898 904 909
f 897 903 902
f 896 902 901
f 901 900 894
f 900 899 893
f 899 898 892
f 904 910 915
f 909 908 902
f 902 908 907
f 939 937 913
f 900 906 905
f 905 904 898
f 916 921 915
f 909 915 914
f 908 914 913
f 913 912 906
f 912 911 905
f 905 911 910
f 916 922 927
f 915 921 920
f 920 919 913
f 936 938 918
f 918 917 911
f 911 917 916
f 922 940 945
f 921 927 926
f 920 926 925
f 925 924 918
f 918 924 923
f 917 923 922
f 931 930 928
f 935 934 932
f 939 938 936
f 913 937 936
f 900 932 934
f 935 933 901
f 934 935 907
f 901 933 932
f 928 930 894
f 931 929 889
f 930 931 895
f 889 929 928
f 946 951 945
f 927 945 944
f 944 943 925
f 943 942 924
f 942 941 923
f 923 941 940
f 946 952 957
f 951 950 944
f 944 950 949
f 986 987 973
f 942 948 947
f 947 946 940
f 958 963 957
f 957 956 950
f 950 956 955
f 955 954 948
f 954 953 947
f 953 952 946
f 958 964 969
f 963 962 956
f 956 962 961
f 987 985 967
f 954 960 959
f 959 958 952
f 964 970 975
f 969 968 962
f 962 968 967
f 967 966 960
f 960 966 965
f 965 964 958
f 970 971 974
f 971 972 974
f 972 973 974
f 975 974 968
f 968 974 973
f 966 984 986
f 972 971 965
f 971 970 964
f 977 979 978
f 981 983 982
f 987 986 984
f 967 985 984
f 954 980 982
f 983 981 955
f 982 983 961
f 955 981 980
f 976 978 948
f 949 979 977
f 978 979 949
f 943 977 976
f 991 988 989
f 996 992 993
f 998 999 1000
f 1001 990 989
f 1005 1004 1003
f 1009 1012 1013
f 1003 1263 1262
f 1014 1012 1015
f 1007 1006 1259
f 1010 1011 1013
f 841 1264 1263
f 1023 1028 1022
f 1124 1022 1021
f 704 706 1125
f 1125 1021 1020
f 1020 1019 702
f 1029 1034 1028
f 1028 1027 1021
f 1027 1026 1020
f 1020 1026 1025
f 1019 1025 1024
f 1018 1024 1023
f 1035 1040 1034
f 1034 1033 1027
f 1033 1032 1026
f 1026 1032 1031
f 1025 1031 1030
f 1024 1030 1029
f 1041 1046 1040
f 1034 1040 1039
f 1039 1038 1032
f 1038 1037 1031
f 1037 1036 1030
f 1030 1036 1035
f 1041 1042 1043
f 1043 1044 1041
f 1044 1045 1041
f 1046 1045 1039
f 1045 1044 1038
f 1038 1044 1043
f 1037 1043 1042
f 1036 1042 1041
f 1052 1051 1047
f 1053 1051 1052
f 1011 1049 1050
f 1050 1048 1008
f 1051 1053 1049
f 1053 1054 1050
f 1054 1052 1048
f 1063 1058 1059
f 1064 1057 1058
f 1056 1057 1064
f 1060 1149 1144
f 1066 1065 700
f 1065 1064 701
f 1149 1155 1150
f 1064 1063 703
f 1063 1062 705
f 1062 1061 707
f 1055 1056 1065
f 1061 1066 699
f 1067 1069 1070
f 818 1071 1070
f 817 1070 1069
f 814 1067 1068
f 1077 1074 1141
f 1075 1073 1131
f 1132 1072 1074
f 1142 1075 1076
f 1133 1141 1142
f 1073 1072 1132
f 1082 1078 1081
f 1078 1079 1080
f 1081 1078 1080
f 1100 1098 621
f 1088 1089 621
f 1087 1088 619
f 1086 1087 617
f 1085 1086 615
f 1084 1085 613
f 1097 1108 1102
f 1096 1097 1090
f 1095 1096 1089
f 1094 1095 1088
f 1093 1094 1087
f 1085 1092 1093
f 1091 1092 1085
f 1100 1101 1099
f 1099 1101 1090
f 1090 1101 1100
f 1098 1099 623
f 1108 1115 1109
f 1096 1107 1108
f 1095 1106 1107
f 1105 1106 1095
f 1104 1105 1094
f 1103 1104 1093
f 1102 1103 1092
f 1122 1116 1109
f 1107 1114 1115
f 1106 1113 1114
f 1112 1113 1106
f 1111 1112 1105
f 1110 1111 1104
f 1109 1110 1103
f 1117 1116 1118
f 1116 1122 1118
f 1122 1121 1118
f 1121 1120 1118
f 1121 1122 1115
f 1120 1121 1114
f 1119 1120 1113
f 1118 1119 1112
f 1117 1118 1111
f 1109 1116 1117
f 835 831 865
f 700 1128 1126
f 1019 1018 1129
f 705 707 1127
f 701 702 1128
f 1018 1017 1130
f 707 699 1126
f 1138 1137 1128
f 1127 1136 1135
f 1078 814 800
f 812 828 1082
f 810 1083 1081
f 809 1082 1083
f 807 1081 1080
f 803 805 1080
f 803 1079 1078
f 1126 1139 1136
f 1130 1140 1138
f 1137 1139 1126
f 1135 1140 1130
f 1059 1148 1149
f 1058 1147 1148
f 1146 1147 1058
f 1145 1146 1057
f 1055 1144 1145
f 1155 1161 1156
f 1148 1154 1155
f 1147 1153 1154
f 1152 1153 1147
f 1151 1152 1146
f 1150 1151 1145
f 1161 1167 1162
f 1154 1160 1161
f 1153 1159 1160
f 1158 1159 1153
f 1157 1158 1152
f 1156 1157 1151
f 1167 1173 1168
f 1160 1166 1167
f 1159 1165 1166
f 1164 1165 1159
f 1163 1164 1158
f 1162 1163 1157
f 1169 1168 1173
f 1173 1172 1169
f 1172 1171 1169
f 1166 1172 1173
f 1165 1171 1172
f 1170 1171 1165
f 1169 1170 1164
f 1168 1169 1163
f 1208 1209 1224
f 1209 1210 1224
f 1210 1211 1224
f 1211 1212 1224
f 1212 1213 1224
f 1213 1214 1224
f 1214 1223 1224
f 1224 1215 1216
f 1216 1217 1224
f 1217 1218 1224
f 1218 1219 1224
f 1219 1220 1224
f 1220 1221 1224
f 1221 1222 1224
f 1131 1132 1137
f 1136 1133 1134
f 1135 1134 1076
f 1132 1077 1139
f 1076 1131 1138
f 1139 1077 1133
f 1246 1245 1228
f 1237 1253 1252
f 1240 1256 1255
f 1244 1243 1226
f 1235 1251 1250
f 1247 1246 1229
f 1238 1254 1253
f 1243 1242 1225
f 1225 1242 1256
f 1245 1244 1227
f 1236 1252 1251
f 1248 1247 1230
f 1239 1255 1254
f 1234 1250 1249
f 1257 1248 1231
f 1258 1257 1232
f 1261 851 1016
f 1260 1259 1016
f 1262 1263 1006
f 1264 847 1006
f 1266 1265 1270
f 1265 1272 1270
f 1272 1267 1273
f 1267 1274 1268
f 1273 1267 1268
f 1273 1271 1270
f 1270 1269 1266
f 584 582 1207
f 582 580 1207
f 580 610 1207
f 610 608 1207
f 608 606 1207
f 606 604 1207
f 604 602 1207
f 602 600 1207
f 600 598 1207
f 598 596 1207
f 1207 594 592
f 590 1207 592
f 590 588 1207
f 588 586 1207
v -9.8195896 2.6474388 1.0023363
v -10.1662083 2.6474388 1.0023363
v -9.8195896 2.6204102 1.1382179
v -10.1662083 2.6204102 1.1382179
v -9.8195896 2.5434394 1.2534130
v -10.1662083 2.5434394 1.2534130
v -9.8195896 2.4282444 1.3303837
v -10.1662083 2.4282444 1.3303837
v -9.8195896 2.2923627 1.3574122
v -10.1662083 2.2923627 1.3574122
v -9.8195896 2.1564810 1.3303837
v -10.1662083 2.1564810 1.3303837
v -9.8195896 2.0412860 1.2534130
v -10.1662083 2.0412860 1.2534130
v -9.8195896 1.9643153 1.1382179
v -10.1662083 1.9643153 1.1382179
v -9.8195896 1.9372867 1.0023363
v -10.1662083 1.9372867 1.0023363
v -9.8195896 1.9643152 0.8664547
v -10.1662083 1.9643153 0.8664547
v -9.8195896 2.0412860 0.7512597
v -10.1662083 2.0412860 0.7512597
v -9.8195896 2.1564810 0.6742889
v -10.1662083 2.1564810 0.6742889
v -9.8195896 2.2923627 0.6472603
v -10.1662083 2.2923627 0.6472603
v -9.8195896 2.4282444 0.6742889
v -10.1662083 2.4282444 0.6742889
v -9.8195896 2.5434394 0.7512597
v -10.1662083 2.5434394 0.7512597
v -9.8195896 2.6204102 0.8664547
v -10.1662083 2.6204102 0.8664547
v -9.7579689 2.5872774 1.0023363
v -9.7579689 2.5648284 1.1151953
v -9.7579689 2.5008988 1.2108724
v -9.7579689 2.4052217 1.2748020
v -9.7579689 2.2923627 1.2972510
v -9.7579689 2.1795037 1.2748020
v -9.7579689 2.0838265 1.2108724
v -9.7579689 2.0198970 1.1151953
v -9.7579689 1.9974480 1.0023363
v -9.7579689 2.0198970 0.8894774
v -9.7579689 2.0838263 0.7938001
v -9.7579689 2.1795037 0.7298706
v -9.7579689 2.2923627 0.7074215
v -9.7579689 2.4052217 0.7298706
v -9.7579689 2.5008988 0.7938001
v -9.7579689 2.5648284 0.8894774
v -9.7579689 2.4709916 1.0023363
v -9.7579689 2.4573941 1.0706946
v -9.7579689 2.4186723 1.1286459
v -9.7579689 2.3607209 1.1673678
v -9.7579689 2.2923627 1.1809652
v -9.7579689 2.2240043 1.1673678
v -9.7579689 2.1660531 1.1286459
v -9.7579689 2.1273310 1.0706946
v -9.7579689 2.1137338 1.0023363
v -9.7579689 2.1273310 0.9339780
v -9.7579689 2.1660531 0.8760266
v -9.7579689 2.2240043 0.8373047
v -9.7579689 2.2923627 0.8237074
v -9.7579689 2.3607211 0.8373047
v -9.7579689 2.4186723 0.8760266
v -9.7579689 2.4573944 0.9339781
v -9.8148451 2.4235146 1.0023363
v -9.8148451 2.4135311 1.0525259
v -9.8148451 2.3851011 1.0950747
v -9.8148451 2.3425524 1.1235048
v -9.8148451 2.2923627 1.1334881
v -9.8148451 2.2421730 1.1235048
v -9.8148451 2.1996243 1.0950747
v -9.8148451 2.1711941 1.0525259
v -9.8148451 2.1612108 1.0023363
v -9.8148451 2.1711941 0.9521466
v -9.8148451 2.1996243 0.9095979
v -9.8148451 2.2421730 0.8811678
v -9.8148451 2.2923627 0.8711845
v -9.8148451 2.3425524 0.8811678
v -9.8148451 2.3851011 0.9095979
v -9.8148451 2.4135313 0.9521467
v -10.2345591 2.5877991 1.0023363
v -10.2345591 2.5653102 1.1153948
v -10.2345591 2.5012677 1.2112412
v -10.2345591 2.4054213 1.2752838
v -10.2345591 2.2923627 1.2977726
v -10.2345591 2.1793041 1.2752838
v -10.2345591 2.0834577 1.2112412
v -10.2345591 2.0194151 1.1153948
v -10.2345591 1.9969263 1.0023363
v -10.2345591 2.0194151 0.8892778
v -10.2345591 2.0834577 0.7934313
v -10.2345591 2.1793041 0.7293887
v -10.2345591 2.2923627 0.7068999
v -10.2345591 2.4054213 0.7293887
v -10.2345591 2.5012679 0.7934313
v -10.2345591 2.5653102 0.8892778
f 1276 1277 1275
f 1278 1279 1277
f 1280 1281 1279
f 1282 1283 1281
f 1284 1285 1283
f 1286 1287 1285
f 1288 1289 1287
f 1290 1291 1289
f 1292 1293 1291
f 1294 1295 1293
f 1296 1297 1295
f 1298 1299 1297
f 1300 1301 1299
f 1302 1303 1301
f 1286 1359 1360
f 1306 1275 1305
f 1304 1305 1303
f 1293 1315 1291
f 1318 1333 1317
f 1297 1319 1318
f 1281 1311 1310
f 1305 1321 1303
f 1289 1313 1287
f 1293 1317 1316
f 1279 1308 1277
f 1299 1320 1319
f 1285 1311 1283
f 1275 1322 1305
f 1277 1307 1275
f 1291 1314 1289
f 1297 1317 1295
f 1279 1310 1309
f 1303 1320 1301
f 1287 1312 1285
f 1323 1340 1339
f 1316 1331 1315
f 1313 1330 1329
f 1312 1327 1311
f 1307 1338 1322
f 1310 1325 1309
f 1321 1336 1320
f 1307 1324 1323
f 1319 1334 1318
f 1317 1332 1316
f 1314 1331 1330
f 1312 1329 1328
f 1311 1326 1310
f 1322 1337 1321
f 1308 1325 1324
f 1319 1336 1335
f 1350 1352 1354
f 1335 1350 1334
f 1333 1348 1332
f 1331 1346 1330
f 1329 1344 1328
f 1327 1342 1326
f 1338 1353 1337
f 1325 1340 1324
f 1336 1351 1335
f 1334 1349 1333
f 1332 1347 1331
f 1330 1345 1329
f 1327 1344 1343
f 1323 1354 1338
f 1326 1341 1325
f 1337 1352 1336
f 1365 1361 1357
f 1306 1355 1276
f 1276 1356 1278
f 1290 1363 1292
f 1296 1366 1298
f 1280 1358 1282
f 1304 1368 1369
f 1286 1361 1288
f 1294 1363 1364
f 1298 1367 1300
f 1284 1358 1359
f 1306 1369 1370
f 1288 1362 1290
f 1294 1365 1296
f 1280 1356 1357
f 1302 1367 1368
f 1276 1278 1277
f 1278 1280 1279
f 1280 1282 1281
f 1282 1284 1283
f 1284 1286 1285
f 1286 1288 1287
f 1288 1290 1289
f 1290 1292 1291
f 1292 1294 1293
f 1294 1296 1295
f 1296 1298 1297
f 1298 1300 1299
f 1300 1302 1301
f 1302 1304 1303
f 1286 1284 1359
f 1306 1276 1275
f 1304 1306 1305
f 1293 1316 1315
f 1318 1334 1333
f 1297 1299 1319
f 1281 1283 1311
f 1305 1322 1321
f 1289 1314 1313
f 1293 1295 1317
f 1279 1309 1308
f 1299 1301 1320
f 1285 1312 1311
f 1275 1307 1322
f 1277 1308 1307
f 1291 1315 1314
f 1297 1318 1317
f 1279 1281 1310
f 1303 1321 1320
f 1287 1313 1312
f 1323 1324 1340
f 1316 1332 1331
f 1313 1314 1330
f 1312 1328 1327
f 1307 1323 1338
f 1310 1326 1325
f 1321 1337 1336
f 1307 1308 1324
f 1319 1335 1334
f 1317 1333 1332
f 1314 1315 1331
f 1312 1313 1329
f 1311 1327 1326
f 1322 1338 1337
f 1308 1309 1325
f 1319 1320 1336
f 1354 1339 1340
f 1340 1341 1342
f 1342 1343 1344
f 1344 1345 1346
f 1346 1347 1348
f 1348 1349 1350
f 1350 1351 1352
f 1352 1353 1354
f 1354 1340 1342
f 1342 1344 1354
f 1344 1346 1354
f 1346 1348 1354
f 1348 1350 1354
f 1335 1351 1350
f 1333 1349 1348
f 1331 1347 1346
f 1329 1345 1344
f 1327 1343 1342
f 1338 1354 1353
f 1325 1341 1340
f 1336 1352 1351
f 1334 1350 1349
f 1332 1348 1347
f 1330 1346 1345
f 1327 1328 1344
f 1323 1339 1354
f 1326 1342 1341
f 1337 1353 1352
f 1357 1356 1355
f 1355 1370 1369
f 1369 1368 1367
f 1367 1366 1365
f 1365 1364 1363
f 1363 1362 1361
f 1361 1360 1359
f 1359 1358 1357
f 1357 1355 1369
f 1369 1367 1357
f 1367 1365 1357
f 1365 1363 1361
f 1361 1359 1357
f 1306 1370 1355
f 1276 1355 1356
f 1290 1362 1363
f 1296 1365 1366
f 1280 1357 1358
f 1304 1302 1368
f 1286 1360 1361
f 1294 1292 1363
f 1298 1366 1367
f 1284 1282 1358
f 1306 1304 1369
f 1288 1361 1362
f 1294 1364 1365
f 1280 1278 1356
f 1302 1300 1367
v -9.8195896 2.6474388 0.2233987
v -10.1662083 2.6474388 0.2233987
v -9.8195896 2.6204102 0.3592804
v -10.1662083 2.6204102 0.3592804
v -9.8195896 2.5434394 0.4744753
v -10.1662083 2.5434394 0.4744753
v -9.8195896 2.4282444 0.5514461
v -10.1662083 2.4282444 0.5514461
v -9.8195896 2.2923627 0.5784746
v -10.1662083 2.2923627 0.5784746
v -9.8195896 2.1564810 0.5514461
v -10.1662083 2.1564810 0.5514461
v -9.8195896 2.0412860 0.4744753
v -10.1662083 2.0412860 0.4744753
v -9.8195896 1.9643153 0.3592804
v -10.1662083 1.9643153 0.3592804
v -9.8195896 1.9372867 0.2233987
v -10.1662083 1.9372867 0.2233987
v -9.8195896 1.9643152 0.0875171
v -10.1662083 1.9643153 0.0875171
v -9.8195896 2.0412860 -0.0276779
v -10.1662083 2.0412860 -0.0276779
v -9.8195896 2.1564810 -0.1046488
v -10.1662083 2.1564810 -0.1046488
v -9.8195896 2.2923627 -0.1316773
v -10.1662083 2.2923627 -0.1316773
v -9.8195896 2.4282444 -0.1046487
v -10.1662083 2.4282444 -0.1046487
v -9.8195896 2.5434394 -0.0276779
v -10.1662083 2.5434394 -0.0276779
v -9.8195896 2.6204102 0.0875171
v -10.1662083 2.6204102 0.0875171
v -9.7579689 2.5872774 0.2233987
v -9.7579689 2.5648284 0.3362576
v -9.7579689 2.5008988 0.4319349
v -9.7579689 2.4052217 0.4958643
v -9.7579689 2.2923627 0.5183134
v -9.7579689 2.1795037 0.4958643
v -9.7579689 2.0838265 0.4319349
v -9.7579689 2.0198970 0.3362577
v -9.7579689 1.9974480 0.2233987
v -9.7579689 2.0198970 0.1105398
v -9.7579689 2.0838263 0.0148625
v -9.7579689 2.1795037 -0.0490670
v -9.7579689 2.2923627 -0.0715160
v -9.7579689 2.4052217 -0.0490670
v -9.7579689 2.5008988 0.0148625
v -9.7579689 2.5648284 0.1105398
v -9.7579689 2.4709916 0.2233987
v -9.7579689 2.4573941 0.2917570
v -9.7579689 2.4186723 0.3497084
v -9.7579689 2.3607209 0.3884302
v -9.7579689 2.2923627 0.4020275
v -9.7579689 2.2240043 0.3884302
v -9.7579689 2.1660531 0.3497084
v -9.7579689 2.1273310 0.2917570
v -9.7579689 2.1137338 0.2233987
v -9.7579689 2.1273310 0.1550404
v -9.7579689 2.1660531 0.0970890
v -9.7579689 2.2240043 0.0583671
v -9.7579689 2.2923627 0.0447698
v -9.7579689 2.3607211 0.0583671
v -9.7579689 2.4186723 0.0970890
v -9.7579689 2.4573944 0.1550405
v -9.8148451 2.4235146 0.2233987
v -9.8148451 2.4135311 0.2735883
v -9.8148451 2.3851011 0.3161370
v -9.8148451 2.3425524 0.3445672
v -9.8148451 2.2923627 0.3545505
v -9.8148451 2.2421730 0.3445672
v -9.8148451 2.1996243 0.3161370
v -9.8148451 2.1711941 0.2735883
v -9.8148451 2.1612108 0.2233987
v -9.8148451 2.1711941 0.1732091
v -9.8148451 2.1996243 0.1306604
v -9.8148451 2.2421730 0.1022302
v -9.8148451 2.2923627 0.0922468
v -9.8148451 2.3425524 0.1022302
v -9.8148451 2.3851011 0.1306604
v -9.8148451 2.4135313 0.1732091
v -10.2345591 2.5877991 0.2233987
v -10.2345591 2.5653102 0.3364573
v -10.2345591 2.5012677 0.4323037
v -10.2345591 2.4054213 0.4963462
v -10.2345591 2.2923627 0.5188350
v -10.2345591 2.1793041 0.4963462
v -10.2345591 2.0834577 0.4323037
v -10.2345591 2.0194151 0.3364573
v -10.2345591 1.9969263 0.2233987
v -10.2345591 2.0194151 0.1103401
v -10.2345591 2.0834577 0.0144937
v -10.2345591 2.1793041 -0.0495489
v -10.2345591 2.2923627 -0.0720377
v -10.2345591 2.4054213 -0.0495489
v -10.2345591 2.5012679 0.0144937
v -10.2345591 2.5653102 0.1103402
f 1372 1373 1371
f 1374 1375 1373
f 1376 1377 1375
f 1378 1379 1377
f 1380 1381 1379
f 1382 1383 1381
f 1384 1385 1383
f 1386 1387 1385
f 1388 1389 1387
f 1390 1391 1389
f 1392 1393 1391
f 1394 1395 1393
f 1396 1397 1395
f 1398 1399 1397
f 1382 1455 1456
f 1402 1371 1401
f 1400 1401 1399
f 1389 1411 1387
f 1414 1429 1413
f 1393 1415 1414
f 1377 1407 1406
f 1401 1417 1399
f 1385 1409 1383
f 1389 1413 1412
f 1375 1404 1373
f 1395 1416 1415
f 1381 1407 1379
f 1371 1418 1401
f 1373 1403 1371
f 1387 1410 1385
f 1393 1413 1391
f 1375 1406 1405
f 1399 1416 1397
f 1383 1408 1381
f 1419 1436 1435
f 1412 1427 1411
f 1409 1426 1425
f 1408 1423 1407
f 1403 1434 1418
f 1406 1421 1405
f 1417 1432 1416
f 1403 1420 1419
f 1415 1430 1414
f 1413 1428 1412
f 1410 1427 1426
f 1408 1425 1424
f 1407 1422 1406
f 1418 1433 1417
f 1404 1421 1420
f 1415 1432 1431
f 1446 1448 1450
f 1431 1446 1430
f 1429 1444 1428
f 1427 1442 1426
f 1425 1440 1424
f 1423 1438 1422
f 1434 1449 1433
f 1421 1436 1420
f 1432 1447 1431
f 1430 1445 1429
f 1428 1443 1427
f 1426 1441 1425
f 1423 1440 1439
f 1419 1450 1434
f 1422 1437 1421
f 1433 1448 1432
f 1461 1457 1453
f 1402 1451 1372
f 1372 1452 1374
f 1386 1459 1388
f 1392 1462 1394
f 1376 1454 1378
f 1400 1464 1465
f 1382 1457 1384
f 1390 1459 1460
f 1394 1463 1396
f 1380 1454 1455
f 1402 1465 1466
f 1384 1458 1386
f 1390 1461 1392
f 1376 1452 1453
f 1398 1463 1464
f 1372 1374 1373
f 1374 1376 1375
f 1376 1378 1377
f 1378 1380 1379
f 1380 1382 1381
f 1382 1384 1383
f 1384 1386 1385
f 1386 1388 1387
f 1388 1390 1389
f 1390 1392 1391
f 1392 1394 1393
f 1394 1396 1395
f 1396 1398 1397
f 1398 1400 1399
f 1382 1380 1455
f 1402 1372 1371
f 1400 1402 1401
f 1389 1412 1411
f 1414 1430 1429
f 1393 1395 1415
f 1377 1379 1407
f 1401 1418 1417
f 1385 1410 1409
f 1389 1391 1413
f 1375 1405 1404
f 1395 1397 1416
f 1381 1408 1407
f 1371 1403 1418
f 1373 1404 1403
f 1387 1411 1410
f 1393 1414 1413
f 1375 1377 1406
f 1399 1417 1416
f 1383 1409 1408
f 1419 1420 1436
f 1412 1428 1427
f 1409 1410 1426
f 1408 1424 1423
f 1403 1419 1434
f 1406 1422 1421
f 1417 1433 1432
f 1403 1404 1420
f 1415 1431 1430
f 1413 1429 1428
f 1410 1411 1427
f 1408 1409 1425
f 1407 1423 1422
f 1418 1434 1433
f 1404 1405 1421
f 1415 1416 1432
f 1450 1435 1436
f 1436 1437 1438
f 1438 1439 1440
f 1440 1441 1442
f 1442 1443 1444
f 1444 1445 1446
f 1446 1447 1448
f 1448 1449 1450
f 1450 1436 1438
f 1438 1440 1450
f 1440 1442 1450
f 1442 1444 1450
f 1444 1446 1450
f 1431 1447 1446
f 1429 1445 1444
f 1427 1443 1442
f 1425 1441 1440
f 1423 1439 1438
f 1434 1450 1449
f 1421 1437 1436
f 1432 1448 1447
f 1430 1446 1445
f 1428 1444 1443
f 1426 1442 1441
f 1423 1424 1440
f 1419 1435 1450
f 1422 1438 1437
f 1433 1449 1448
f 1453 1452 1451
f 1451 1466 1465
f 1465 1464 1463
f 1463 1462 1461
f 1461 1460 1459
f 1459 1458 1457
f 1457 1456 1455
f 1455 1454 1453
f 1453 1451 1465
f 1465 1463 1453
f 1463 1461 1453
f 1461 1459 1457
f 1457 1455 1453
f 1402 1466 1451
f 1372 1451 1452
f 1386 1458 1459
f 1392 1461 1462
f 1376 1453 1454
f 1400 1398 1464
f 1382 1456 1457
f 1390 1388 1459
f 1394 1462 1463
f 1380 1378 1454
f 1402 1400 1465
f 1384 1457 1458
f 1390 1460 1461
f 1376 1374 1452
f 1398 1396 1463
v -9.8195896 2.6474388 -0.5882229
v -10.1662083 2.6474388 -0.5882229
v -9.8195896 2.6204102 -0.4523412
v -10.1662083 2.6204102 -0.4523412
v -9.8195896 2.5434394 -0.3371463
v -10.1662083 2.5434394 -0.3371463
v -9.8195896 2.4282444 -0.2601755
v -10.1662083 2.4282444 -0.2601755
v -9.8195896 2.2923627 -0.2331469
v -10.1662083 2.2923627 -0.2331469
v -9.8195896 2.1564810 -0.2601755
v -10.1662083 2.1564810 -0.2601755
v -9.8195896 2.0412860 -0.3371463
v -10.1662083 2.0412860 -0.3371463
v -9.8195896 1.9643153 -0.4523412
v -10.1662083 1.9643153 -0.4523412
v -9.8195896 1.9372867 -0.5882229
v -10.1662083 1.9372867 -0.5882229
v -9.8195896 1.9643152 -0.7241045
v -10.1662083 1.9643153 -0.7241045
v -9.8195896 2.0412860 -0.8392995
v -10.1662083 2.0412860 -0.8392995
v -9.8195896 2.1564810 -0.9162704
v -10.1662083 2.1564810 -0.9162704
v -9.8195896 2.2923627 -0.9432989
v -10.1662083 2.2923627 -0.9432989
v -9.8195896 2.4282444 -0.9162703
v -10.1662083 2.4282444 -0.9162703
v -9.8195896 2.5434394 -0.8392994
v -10.1662083 2.5434394 -0.8392994
v -9.8195896 2.6204102 -0.7241045
v -10.1662083 2.6204102 -0.7241045
v -9.7579689 2.5872774 -0.5882229
v -9.7579689 2.5648284 -0.4753639
v -9.7579689 2.5008988 -0.3796867
v -9.7579689 2.4052217 -0.3157573
v -9.7579689 2.2923627 -0.2933082
v -9.7579689 2.1795037 -0.3157573
v -9.7579689 2.0838265 -0.3796867
v -9.7579689 2.0198970 -0.4753639
v -9.7579689 1.9974480 -0.5882229
v -9.7579689 2.0198970 -0.7010818
v -9.7579689 2.0838263 -0.7967591
v -9.7579689 2.1795037 -0.8606886
v -9.7579689 2.2923627 -0.8831376
v -9.7579689 2.4052217 -0.8606886
v -9.7579689 2.5008988 -0.7967591
v -9.7579689 2.5648284 -0.7010818
v -9.7579689 2.4709916 -0.5882229
v -9.7579689 2.4573941 -0.5198646
v -9.7579689 2.4186723 -0.4619132
v -9.7579689 2.3607209 -0.4231914
v -9.7579689 2.2923627 -0.4095941
v -9.7579689 2.2240043 -0.4231914
v -9.7579689 2.1660531 -0.4619132
v -9.7579689 2.1273310 -0.5198646
v -9.7579689 2.1137338 -0.5882229
v -9.7579689 2.1273310 -0.6565812
v -9.7579689 2.1660531 -0.7145326
v -9.7579689 2.2240043 -0.7532545
v -9.7579689 2.2923627 -0.7668518
v -9.7579689 2.3607211 -0.7532544
v -9.7579689 2.4186723 -0.7145326
v -9.7579689 2.4573944 -0.6565812
v -9.8148451 2.4235146 -0.5882229
v -9.8148451 2.4135311 -0.5380332
v -9.8148451 2.3851011 -0.4954846
v -9.8148451 2.3425524 -0.4670544
v -9.8148451 2.2923627 -0.4570711
v -9.8148451 2.2421730 -0.4670544
v -9.8148451 2.1996243 -0.4954846
v -9.8148451 2.1711941 -0.5380332
v -9.8148451 2.1612108 -0.5882229
v -9.8148451 2.1711941 -0.6384125
v -9.8148451 2.1996243 -0.6809613
v -9.8148451 2.2421730 -0.7093914
v -9.8148451 2.2923627 -0.7193748
v -9.8148451 2.3425524 -0.7093914
v -9.8148451 2.3851011 -0.6809613
v -9.8148451 2.4135313 -0.6384125
v -10.2345591 2.5877991 -0.5882229
v -10.2345591 2.5653102 -0.4751643
v -10.2345591 2.5012677 -0.3793179
v -10.2345591 2.4054213 -0.3152753
v -10.2345591 2.2923627 -0.2927866
v -10.2345591 2.1793041 -0.3152753
v -10.2345591 2.0834577 -0.3793179
v -10.2345591 2.0194151 -0.4751643
v -10.2345591 1.9969263 -0.5882229
v -10.2345591 2.0194151 -0.7012814
v -10.2345591 2.0834577 -0.7971279
v -10.2345591 2.1793041 -0.8611705
v -10.2345591 2.2923627 -0.8836592
v -10.2345591 2.4054213 -0.8611705
v -10.2345591 2.5012679 -0.7971279
v -10.2345591 2.5653102 -0.7012814
f 1468 1469 1467
f 1470 1471 1469
f 1472 1473 1471
f 1474 1475 1473
f 1476 1477 1475
f 1478 1479 1477
f 1480 1481 1479
f 1482 1483 1481
f 1484 1485 1483
f 1486 1487 1485
f 1488 1489 1487
f 1490 1491 1489
f 1492 1493 1491
f 1494 1495 1493
f 1478 1551 1552
f 1498 1467 1497
f 1496 1497 1495
f 1485 1507 1483
f 1510 1525 1509
f 1489 1511 1510
f 1473 1503 1502
f 1497 1513 1495
f 1481 1505 1479
f 1485 1509 1508
f 1471 1500 1469
f 1491 1512 1511
f 1477 1503 1475
f 1467 1514 1497
f 1469 1499 1467
f 1483 1506 1481
f 1489 1509 1487
f 1471 1502 1501
f 1495 1512 1493
f 1479 1504 1477
f 1515 1532 1531
f 1508 1523 1507
f 1505 1522 1521
f 1504 1519 1503
f 1499 1530 1514
f 1502 1517 1501
f 1513 1528 1512
f 1499 1516 1515
f 1511 1526 1510
f 1509 1524 1508
f 1506 1523 1522
f 1504 1521 1520
f 1503 1518 1502
f 1514 1529 1513
f 1500 1517 1516
f 1511 1528 1527
f 1542 1544 1546
f 1527 1542 1526
f 1525 1540 1524
f 1523 1538 1522
f 1521 1536 1520
f 1519 1534 1518
f 1530 1545 1529
f 1517 1532 1516
f 1528 1543 1527
f 1526 1541 1525
f 1524 1539 1523
f 1522 1537 1521
f 1519 1536 1535
f 1515 1546 1530
f 1518 1533 1517
f 1529 1544 1528
f 1557 1553 1549
f 1498 1547 1468
f 1468 1548 1470
f 1482 1555 1484
f 1488 1558 1490
f 1472 1550 1474
f 1496 1560 1561
f 1478 1553 1480
f 1486 1555 1556
f 1490 1559 1492
f 1476 1550 1551
f 1498 1561 1562
f 1480 1554 1482
f 1486 1557 1488
f 1472 1548 1549
f 1494 1559 1560
f 1468 1470 1469
f 1470 1472 1471
f 1472 1474 1473
f 1474 1476 1475
f 1476 1478 1477
f 1478 1480 1479
f 1480 1482 1481
f 1482 1484 1483
f 1484 1486 1485
f 1486 1488 1487
f 1488 1490 1489
f 1490 1492 1491
f 1492 1494 1493
f 1494 1496 1495
f 1478 1476 1551
f 1498 1468 1467
f 1496 1498 1497
f 1485 1508 1507
f 1510 1526 1525
f 1489 1491 1511
f 1473 1475 1503
f 1497 1514 1513
f 1481 1506 1505
f 1485 1487 1509
f 1471 1501 1500
f 1491 1493 1512
f 1477 1504 1503
f 1467 1499 1514
f 1469 1500 1499
f 1483 1507 1506
f 1489 1510 1509
f 1471 1473 1502
f 1495 1513 1512
f 1479 1505 1504
f 1515 1516 1532
f 1508 1524 1523
f 1505 1506 1522
f 1504 1520 1519
f 1499 1515 1530
f 1502 1518 1517
f 1513 1529 1528
f 1499 1500 1516
f 1511 1527 1526
f 1509 1525 1524
f 1506 1507 1523
f 1504 1505 1521
f 1503 1519 1518
f 1514 1530 1529
f 1500 1501 1517
f 1511 1512 1528
f 1546 1531 1532
f 1532 1533 1534
f 1534 1535 1536
f 1536 1537 1538
f 1538 1539 1540
f 1540 1541 1542
f 1542 1543 1544
f 1544 1545 1546
f 1546 1532 1534
f 1534 1536 1546
f 1536 1538 1546
f 1538 1540 1546
f 1540 1542 1546
f 1527 1543 1542
f 1525 1541 1540
f 1523 1539 1538
f 1521 1537 1536
f 1519 1535 1534
f 1530 1546 1545
f 1517 1533 1532
f 1528 1544 1543
f 1526 1542 1541
f 1524 1540 1539
f 1522 1538 1537
f 1519 1520 1536
f 1515 1531 1546
f 1518 1534 1533
f 1529 1545 1544
f 1549 1548 1547
f 1547 1562 1561
f 1561 1560 1559
f 1559 1558 1557
f 1557 1556 1555
f 1555 1554 1553
f 1553 1552 1551
f 1551 1550 1549
f 1549 1547 1561
f 1561 1559 1549
f 1559 1557 1549
f 1557 1555 1553
f 1553 1551 1549
f 1498 1562 1547
f 1468 1547 1548
f 1482 1554 1555
f 1488 1557 1558
f 1472 1549 1550
f 1496 1494 1560
f 1478 1552 1553
f 1486 1484 1555
f 1490 1558 1559
f 1476 1474 1550
f 1498 1496 1561
f 1480 1553 1554
f 1486 1556 1557
f 1472 1470 1548
f 1494 1492 1559
v -12.2347946 2.6474388 1.0023363
v -11.8881760 2.6474388 1.0023363
v -12.2347946 2.6204102 0.8664545
v -11.8881760 2.6204102 0.8664546
v -12.2347946 2.5434394 0.7512596
v -11.8881760 2.5434394 0.7512596
v -12.2347946 2.4282444 0.6742888
v -11.8881760 2.4282444 0.6742889
v -12.2347946 2.2923627 0.6472602
v -11.8881760 2.2923627 0.6472603
v -12.2347946 2.1564810 0.6742888
v -11.8881760 2.1564810 0.6742889
v -12.2347946 2.0412860 0.7512596
v -11.8881760 2.0412860 0.7512596
v -12.2347946 1.9643153 0.8664545
v -11.8881760 1.9643153 0.8664545
v -12.2347946 1.9372867 1.0023361
v -11.8881760 1.9372867 1.0023363
v -12.2347946 1.9643152 1.1382178
v -11.8881760 1.9643153 1.1382179
v -12.2347946 2.0412860 1.2534128
v -11.8881760 2.0412860 1.2534128
v -12.2347946 2.1564810 1.3303837
v -11.8881760 2.1564810 1.3303837
v -12.2347946 2.2923627 1.3574122
v -11.8881760 2.2923627 1.3574122
v -12.2347946 2.4282444 1.3303837
v -11.8881760 2.4282444 1.3303837
v -12.2347946 2.5434394 1.2534128
v -11.8881760 2.5434394 1.2534128
v -12.2347946 2.6204102 1.1382178
v -11.8881760 2.6204102 1.1382178
v -12.2964153 2.5872774 1.0023363
v -12.2964153 2.5648284 0.8894773
v -12.2964153 2.5008988 0.7938001
v -12.2964153 2.4052217 0.7298706
v -12.2964153 2.2923627 0.7074215
v -12.2964153 2.1795037 0.7298706
v -12.2964153 2.0838265 0.7938001
v -12.2964153 2.0198970 0.8894773
v -12.2964153 1.9974480 1.0023361
v -12.2964153 2.0198970 1.1151952
v -12.2964153 2.0838263 1.2108724
v -12.2964153 2.1795037 1.2748019
v -12.2964153 2.2923627 1.2972509
v -12.2964153 2.4052217 1.2748019
v -12.2964153 2.5008988 1.2108724
v -12.2964153 2.5648284 1.1151950
v -12.2964153 2.4709916 1.0023363
v -12.2964153 2.4573941 0.9339779
v -12.2964153 2.4186723 0.8760265
v -12.2964153 2.3607209 0.8373047
v -12.2964153 2.2923627 0.8237073
v -12.2964153 2.2240043 0.8373047
v -12.2964153 2.1660531 0.8760265
v -12.2964153 2.1273310 0.9339779
v -12.2964153 2.1137338 1.0023361
v -12.2964153 2.1273310 1.0706944
v -12.2964153 2.1660531 1.1286459
v -12.2964153 2.2240043 1.1673678
v -12.2964153 2.2923627 1.1809651
v -12.2964153 2.3607211 1.1673677
v -12.2964153 2.4186723 1.1286459
v -12.2964153 2.4573944 1.0706944
v -12.2395391 2.4235146 1.0023363
v -12.2395391 2.4135311 0.9521466
v -12.2395391 2.3851011 0.9095979
v -12.2395391 2.3425524 0.8811677
v -12.2395391 2.2923627 0.8711844
v -12.2395391 2.2421730 0.8811677
v -12.2395391 2.1996243 0.9095979
v -12.2395391 2.1711941 0.9521466
v -12.2395391 2.1612108 1.0023363
v -12.2395391 2.1711941 1.0525259
v -12.2395391 2.1996243 1.0950745
v -12.2395391 2.2421730 1.1235048
v -12.2395391 2.2923627 1.1334881
v -12.2395391 2.3425524 1.1235048
v -12.2395391 2.3851011 1.0950745
v -12.2395391 2.4135313 1.0525258
v -11.8198252 2.5877991 1.0023363
v -11.8198252 2.5653102 0.8892777
v -11.8198252 2.5012677 0.7934313
v -11.8198252 2.4054213 0.7293887
v -11.8198252 2.2923627 0.7068999
v -11.8198252 2.1793041 0.7293887
v -11.8198252 2.0834577 0.7934313
v -11.8198252 2.0194151 0.8892777
v -11.8198252 1.9969263 1.0023363
v -11.8198252 2.0194151 1.1153948
v -11.8198252 2.0834577 1.2112412
v -11.8198252 2.1793041 1.2752839
v -11.8198252 2.2923627 1.2977726
v -11.8198252 2.4054213 1.2752839
v -11.8198252 2.5012679 1.2112412
v -11.8198252 2.5653102 1.1153947
f 1564 1565 1563
f 1566 1567 1565
f 1568 1569 1567
f 1570 1571 1569
f 1572 1573 1571
f 1574 1575 1573
f 1576 1577 1575
f 1578 1579 1577
f 1580 1581 1579
f 1582 1583 1581
f 1584 1585 1583
f 1586 1587 1585
f 1588 1589 1587
f 1590 1591 1589
f 1574 1647 1648
f 1594 1563 1593
f 1592 1593 1591
f 1581 1603 1579
f 1606 1621 1605
f 1585 1607 1606
f 1569 1599 1598
f 1593 1609 1591
f 1577 1601 1575
f 1581 1605 1604
f 1567 1596 1565
f 1587 1608 1607
f 1573 1599 1571
f 1563 1610 1593
f 1565 1595 1563
f 1579 1602 1577
f 1585 1605 1583
f 1567 1598 1597
f 1591 1608 1589
f 1575 1600 1573
f 1611 1628 1627
f 1604 1619 1603
f 1601 1618 1617
f 1600 1615 1599
f 1595 1626 1610
f 1598 1613 1597
f 1609 1624 1608
f 1595 1612 1611
f 1607 1622 1606
f 1605 1620 1604
f 1602 1619 1618
f 1600 1617 1616
f 1599 1614 1598
f 1610 1625 1609
f 1596 1613 1612
f 1607 1624 1623
f 1638 1640 1642
f 1623 1638 1622
f 1621 1636 1620
f 1619 1634 1618
f 1617 1632 1616
f 1615 1630 1614
f 1626 1641 1625
f 1613 1628 1612
f 1624 1639 1623
f 1622 1637 1621
f 1620 1635 1619
f 1618 1633 1617
f 1615 1632 1631
f 1611 1642 1626
f 1614 1629 1613
f 1625 1640 1624
f 1653 1649 1645
f 1594 1643 1564
f 1564 1644 1566
f 1578 1651 1580
f 1584 1654 1586
f 1568 1646 1570
f 1592 1656 1657
f 1574 1649 1576
f 1582 1651 1652
f 1586 1655 1588
f 1572 1646 1647
f 1594 1657 1658
f 1576 1650 1578
f 1582 1653 1584
f 1568 1644 1645
f 1590 1655 1656
f 1564 1566 1565
f 1566 1568 1567
f 1568 1570 1569
f 1570 1572 1571
f 1572 1574 1573
f 1574 1576 1575
f 1576 1578 1577
f 1578 1580 1579
f 1580 1582 1581
f 1582 1584 1583
f 1584 1586 1585
f 1586 1588 1587
f 1588 1590 1589
f 1590 1592 1591
f 1574 1572 1647
f 1594 1564 1563
f 1592 1594 1593
f 1581 1604 1603
f 1606 1622 1621
f 1585 1587 1607
f 1569 1571 1599
f 1593 1610 1609
f 1577 1602 1601
f 1581 1583 1605
f 1567 1597 1596
f 1587 1589 1608
f 1573 1600 1599
f 1563 1595 1610
f 1565 1596 1595
f 1579 1603 1602
f 1585 1606 1605
f 1567 1569 1598
f 1591 1609 1608
f 1575 1601 1600
f 1611 1612 1628
f 1604 1620 1619
f 1601 1602 1618
f 1600 1616 1615
f 1595 1611 1626
f 1598 1614 1613
f 1609 1625 1624
f 1595 1596 1612
f 1607 1623 1622
f 1605 1621 1620
f 1602 1603 1619
f 1600 1601 1617
f 1599 1615 1614
f 1610 1626 1625
f 1596 1597 1613
f 1607 1608 1624
f 1642 1627 1628
f 1628 1629 1630
f 1630 1631 1632
f 1632 1633 1634
f 1634 1635 1636
f 1636 1637 1638
f 1638 1639 1640
f 1640 1641 1642
f 1642 1628 1630
f 1630 1632 1642
f 1632 1634 1642
f 1634 1636 1642
f 1636 1638 1642
f 1623 1639 1638
f 1621 1637 1636
f 1619 1635 1634
f 1617 1633 1632
f 1615 1631 1630
f 1626 1642 1641
f 1613 1629 1628
f 1624 1640 1639
f 1622 1638 1637
f 1620 1636 1635
f 1618 1634 1633
f 1615 1616 1632
f 1611 1627 1642
f 1614 1630 1629
f 1625 1641 1640
f 1645 1644 1643
f 1643 1658 1657
f 1657 1656 1655
f 1655 1654 1653
f 1653 1652 1651
f 1651 1650 1649
f 1649 1648 1647
f 1647 1646 1645
f 1645 1643 1657
f 1657 1655 1645
f 1655 1653 1645
f 1653 1651 1649
f 1649 1647 1645
f 1594 1658 1643
f 1564 1643 1644
f 1578 1650 1651
f 1584 1653 1654
f 1568 1645 1646
f 1592 1590 1656
f 1574 1648 1649
f 1582 1580 1651
f 1586 1654 1655
f 1572 1570 1646
f 1594 1592 1657
f 1576 1649 1650
f 1582 1652 1653
f 1568 1566 1644
f 1590 1588 1655
v -12.2347946 2.6474388 -0.5860377
v -11.8881760 2.6474388 -0.5860377
v -12.2347946 2.6204102 -0.7219194
v -11.8881760 2.6204102 -0.7219194
v -12.2347946 2.5434394 -0.8371143
v -11.8881760 2.5434394 -0.8371143
v -12.2347946 2.4282444 -0.9140851
v -11.8881760 2.4282444 -0.9140851
v -12.2347946 2.2923627 -0.9411137
v -11.8881760 2.2923627 -0.9411137
v -12.2347946 2.1564810 -0.9140851
v -11.8881760 2.1564810 -0.9140851
v -12.2347946 2.0412860 -0.8371143
v -11.8881760 2.0412860 -0.8371143
v -12.2347946 1.9643153 -0.7219194
v -11.8881760 1.9643153 -0.7219194
v -12.2347946 1.9372867 -0.5860378
v -11.8881760 1.9372867 -0.5860377
v -12.2347946 1.9643152 -0.4501561
v -11.8881760 1.9643153 -0.4501561
v -12.2347946 2.0412860 -0.3349611
v -11.8881760 2.0412860 -0.3349611
v -12.2347946 2.1564810 -0.2579903
v -11.8881760 2.1564810 -0.2579902
v -12.2347946 2.2923627 -0.2309617
v -11.8881760 2.2923627 -0.2309617
v -12.2347946 2.4282444 -0.2579903
v -11.8881760 2.4282444 -0.2579903
v -12.2347946 2.5434394 -0.3349612
v -11.8881760 2.5434394 -0.3349611
v -12.2347946 2.6204102 -0.4501562
v -11.8881760 2.6204102 -0.4501561
v -12.2964153 2.5872774 -0.5860378
v -12.2964153 2.5648284 -0.6988967
v -12.2964153 2.5008988 -0.7945739
v -12.2964153 2.4052217 -0.8585034
v -12.2964153 2.2923627 -0.8809525
v -12.2964153 2.1795037 -0.8585034
v -12.2964153 2.0838265 -0.7945739
v -12.2964153 2.0198970 -0.6988967
v -12.2964153 1.9974480 -0.5860378
v -12.2964153 2.0198970 -0.4731788
v -12.2964153 2.0838263 -0.3775016
v -12.2964153 2.1795037 -0.3135721
v -12.2964153 2.2923627 -0.2911230
v -12.2964153 2.4052217 -0.3135721
v -12.2964153 2.5008988 -0.3775016
v -12.2964153 2.5648284 -0.4731789
v -12.2964153 2.4709916 -0.5860378
v -12.2964153 2.4573941 -0.6543961
v -12.2964153 2.4186723 -0.7123474
v -12.2964153 2.3607209 -0.7510693
v -12.2964153 2.2923627 -0.7646666
v -12.2964153 2.2240043 -0.7510693
v -12.2964153 2.1660531 -0.7123474
v -12.2964153 2.1273310 -0.6543961
v -12.2964153 2.1137338 -0.5860378
v -12.2964153 2.1273310 -0.5176795
v -12.2964153 2.1660531 -0.4597281
v -12.2964153 2.2240043 -0.4210062
v -12.2964153 2.2923627 -0.4074089
v -12.2964153 2.3607211 -0.4210062
v -12.2964153 2.4186723 -0.4597281
v -12.2964153 2.4573944 -0.5176795
v -12.2395391 2.4235146 -0.5860378
v -12.2395391 2.4135311 -0.6362274
v -12.2395391 2.3851011 -0.6787761
v -12.2395391 2.3425524 -0.7072062
v -12.2395391 2.2923627 -0.7171896
v -12.2395391 2.2421730 -0.7072062
v -12.2395391 2.1996243 -0.6787761
v -12.2395391 2.1711941 -0.6362274
v -12.2395391 2.1612108 -0.5860378
v -12.2395391 2.1711941 -0.5358481
v -12.2395391 2.1996243 -0.4932994
v -12.2395391 2.2421730 -0.4648692
v -12.2395391 2.2923627 -0.4548859
v -12.2395391 2.3425524 -0.4648693
v -12.2395391 2.3851011 -0.4932994
v -12.2395391 2.4135313 -0.5358481
v -11.8198252 2.5877991 -0.5860376
v -11.8198252 2.5653102 -0.6990963
v -11.8198252 2.5012677 -0.7949427
v -11.8198252 2.4054213 -0.8589852
v -11.8198252 2.2923627 -0.8814740
v -11.8198252 2.1793041 -0.8589852
v -11.8198252 2.0834577 -0.7949427
v -11.8198252 2.0194151 -0.6990963
v -11.8198252 1.9969263 -0.5860377
v -11.8198252 2.0194151 -0.4729791
v -11.8198252 2.0834577 -0.3771327
v -11.8198252 2.1793041 -0.3130901
v -11.8198252 2.2923627 -0.2906013
v -11.8198252 2.4054213 -0.3130901
v -11.8198252 2.5012679 -0.3771327
v -11.8198252 2.5653102 -0.4729792
f 1660 1661 1659
f 1662 1663 1661
f 1664 1665 1663
f 1666 1667 1665
f 1668 1669 1667
f 1670 1671 1669
f 1672 1673 1671
f 1674 1675 1673
f 1676 1677 1675
f 1678 1679 1677
f 1680 1681 1679
f 1682 1683 1681
f 1684 1685 1683
f 1686 1687 1685
f 1670 1743 1744
f 1690 1659 1689
f 1688 1689 1687
f 1677 1699 1675
f 1702 1717 1701
f 1681 1703 1702
f 1665 1695 1694
f 1689 1705 1687
f 1673 1697 1671
f 1677 1701 1700
f 1663 1692 1661
f 1683 1704 1703
f 1669 1695 1667
f 1659 1706 1689
f 1661 1691 1659
f 1675 1698 1673
f 1681 1701 1679
f 1663 1694 1693
f 1687 1704 1685
f 1671 1696 1669
f 1707 1724 1723
f 1700 1715 1699
f 1697 1714 1713
f 1696 1711 1695
f 1691 1722 1706
f 1694 1709 1693
f 1705 1720 1704
f 1691 1708 1707
f 1703 1718 1702
f 1701 1716 1700
f 1698 1715 1714
f 1696 1713 1712
f 1695 1710 1694
f 1706 1721 1705
f 1692 1709 1708
f 1703 1720 1719
f 1734 1736 1738
f 1719 1734 1718
f 1717 1732 1716
f 1715 1730 1714
f 1713 1728 1712
f 1711 1726 1710
f 1722 1737 1721
f 1709 1724 1708
f 1720 1735 1719
f 1718 1733 1717
f 1716 1731 1715
f 1714 1729 1713
f 1711 1728 1727
f 1707 1738 1722
f 1710 1725 1709
f 1721 1736 1720
f 1749 1745 1741
f 1690 1739 1660
f 1660 1740 1662
f 1674 1747 1676
f 1680 1750 1682
f 1664 1742 1666
f 1688 1752 1753
f 1670 1745 1672
f 1678 1747 1748
f 1682 1751 1684
f 1668 1742 1743
f 1690 1753 1754
f 1672 1746 1674
f 1678 1749 1680
f 1664 1740 1741
f 1686 1751 1752
f 1660 1662 1661
f 1662 1664 1663
f 1664 1666 1665
f 1666 1668 1667
f 1668 1670 1669
f 1670 1672 1671
f 1672 1674 1673
f 1674 1676 1675
f 1676 1678 1677
f 1678 1680 1679
f 1680 1682 1681
f 1682 1684 1683
f 1684 1686 1685
f 1686 1688 1687
f 1670 1668 1743
f 1690 1660 1659
f 1688 1690 1689
f 1677 1700 1699
f 1702 1718 1717
f 1681 1683 1703
f 1665 1667 1695
f 1689 1706 1705
f 1673 1698 1697
f 1677 1679 1701
f 1663 1693 1692
f 1683 1685 1704
f 1669 1696 1695
f 1659 1691 1706
f 1661 1692 1691
f 1675 1699 1698
f 1681 1702 1701
f 1663 1665 1694
f 1687 1705 1704
f 1671 1697 1696
f 1707 1708 1724
f 1700 1716 1715
f 1697 1698 1714
f 1696 1712 1711
f 1691 1707 1722
f 1694 1710 1709
f 1705 1721 1720
f 1691 1692 1708
f 1703 1719 1718
f 1701 1717 1716
f 1698 1699 1715
f 1696 1697 1713
f 1695 1711 1710
f 1706 1722 1721
f 1692 1693 1709
f 1703 1704 1720
f 1738 1723 1724
f 1724 1725 1726
f 1726 1727 1728
f 1728 1729 1730
f 1730 1731 1732
f 1732 1733 1734
f 1734 1735 1736
f 1736 1737 1738
f 1738 1724 1726
f 1726 1728 1738
f 1728 1730 1738
f 1730 1732 1738
f 1732 1734 1738
f 1719 1735 1734
f 1717 1733 1732
f 1715 1731 1730
f 1713 1729 1728
f 1711 1727 1726
f 1722 1738 1737
f 1709 1725 1724
f 1720 1736 1735
f 1718 1734 1733
f 1716 1732 1731
f 1714 1730 1729
f 1711 1712 1728
f 1707 1723 1738
f 1710 1726 1725
f 1721 1737 1736
f 1741 1740 1739
f 1739 1754 1753
f 1753 1752 1751
f 1751 1750 1749
f 1749 1748 1747
f 1747 1746 1745
f 1745 1744 1743
f 1743 1742 1741
f 1741 1739 1753
f 1753 1751 1741
f 1751 1749 1741
f 1749 1747 1745
f 1745 1743 1741
f 1690 1754 1739
f 1660 1739 1740
f 1674 1746 1747
f 1680 1749 1750
f 1664 1741 1742
f 1688 1686 1752
f 1670 1744 1745
f 1678 1676 1747
f 1682 1750 1751
f 1668 1666 1742
f 1690 1688 1753
f 1672 1745 1746
f 1678 1748 1749
f 1664 1662 1740
f 1686 1684 1751
v -12.2347946 2.6474388 0.1896947
v -11.8881760 2.6474388 0.1896948
v -12.2347946 2.6204102 0.0538130
v -11.8881760 2.6204102 0.0538131
v -12.2347946 2.5434394 -0.0613819
v -11.8881760 2.5434394 -0.0613819
v -12.2347946 2.4282444 -0.1383527
v -11.8881760 2.4282444 -0.1383526
v -12.2347946 2.2923627 -0.1653813
v -11.8881760 2.2923627 -0.1653812
v -12.2347946 2.1564810 -0.1383527
v -11.8881760 2.1564810 -0.1383526
v -12.2347946 2.0412860 -0.0613819
v -11.8881760 2.0412860 -0.0613819
v -12.2347946 1.9643153 0.0538130
v -11.8881760 1.9643153 0.0538131
v -12.2347946 1.9372867 0.1896947
v -11.8881760 1.9372867 0.1896947
v -12.2347946 1.9643152 0.3255764
v -11.8881760 1.9643153 0.3255764
v -12.2347946 2.0412860 0.4407713
v -11.8881760 2.0412860 0.4407714
v -12.2347946 2.1564810 0.5177422
v -11.8881760 2.1564810 0.5177422
v -12.2347946 2.2923627 0.5447707
v -11.8881760 2.2923627 0.5447708
v -12.2347946 2.4282444 0.5177422
v -11.8881760 2.4282444 0.5177422
v -12.2347946 2.5434394 0.4407713
v -11.8881760 2.5434394 0.4407713
v -12.2347946 2.6204102 0.3255763
v -11.8881760 2.6204102 0.3255763
v -12.2964153 2.5872774 0.1896947
v -12.2964153 2.5648284 0.0768357
v -12.2964153 2.5008988 -0.0188415
v -12.2964153 2.4052217 -0.0827709
v -12.2964153 2.2923627 -0.1052200
v -12.2964153 2.1795037 -0.0827709
v -12.2964153 2.0838265 -0.0188415
v -12.2964153 2.0198970 0.0768357
v -12.2964153 1.9974480 0.1896947
v -12.2964153 2.0198970 0.3025537
v -12.2964153 2.0838263 0.3982309
v -12.2964153 2.1795037 0.4621604
v -12.2964153 2.2923627 0.4846094
v -12.2964153 2.4052217 0.4621604
v -12.2964153 2.5008988 0.3982309
v -12.2964153 2.5648284 0.3025536
v -12.2964153 2.4709916 0.1896947
v -12.2964153 2.4573941 0.1213364
v -12.2964153 2.4186723 0.0633850
v -12.2964153 2.3607209 0.0246632
v -12.2964153 2.2923627 0.0110659
v -12.2964153 2.2240043 0.0246632
v -12.2964153 2.1660531 0.0633850
v -12.2964153 2.1273310 0.1213364
v -12.2964153 2.1137338 0.1896947
v -12.2964153 2.1273310 0.2580530
v -12.2964153 2.1660531 0.3160044
v -12.2964153 2.2240043 0.3547263
v -12.2964153 2.2923627 0.3683236
v -12.2964153 2.3607211 0.3547263
v -12.2964153 2.4186723 0.3160044
v -12.2964153 2.4573944 0.2580529
v -12.2395391 2.4235146 0.1896947
v -12.2395391 2.4135311 0.1395051
v -12.2395391 2.3851011 0.0969564
v -12.2395391 2.3425524 0.0685262
v -12.2395391 2.2923627 0.0585429
v -12.2395391 2.2421730 0.0685262
v -12.2395391 2.1996243 0.0969564
v -12.2395391 2.1711941 0.1395051
v -12.2395391 2.1612108 0.1896947
v -12.2395391 2.1711941 0.2398843
v -12.2395391 2.1996243 0.2824331
v -12.2395391 2.2421730 0.3108632
v -12.2395391 2.2923627 0.3208466
v -12.2395391 2.3425524 0.3108632
v -12.2395391 2.3851011 0.2824331
v -12.2395391 2.4135313 0.2398843
v -11.8198252 2.5877991 0.1896948
v -11.8198252 2.5653102 0.0766362
v -11.8198252 2.5012677 -0.0192102
v -11.8198252 2.4054213 -0.0832528
v -11.8198252 2.2923627 -0.1057416
v -11.8198252 2.1793041 -0.0832528
v -11.8198252 2.0834577 -0.0192102
v -11.8198252 2.0194151 0.0766362
v -11.8198252 1.9969263 0.1896947
v -11.8198252 2.0194151 0.3027533
v -11.8198252 2.0834577 0.3985998
v -11.8198252 2.1793041 0.4626424
v -11.8198252 2.2923627 0.4851311
v -11.8198252 2.4054213 0.4626424
v -11.8198252 2.5012679 0.3985998
v -11.8198252 2.5653102 0.3027532
f 1756 1757 1755
f 1758 1759 1757
f 1760 1761 1759
f 1762 1763 1761
f 1764 1765 1763
f 1766 1767 1765
f 1768 1769 1767
f 1770 1771 1769
f 1772 1773 1771
f 1774 1775 1773
f 1776 1777 1775
f 1778 1779 1777
f 1780 1781 1779
f 1782 1783 1781
f 1766 1839 1840
f 1786 1755 1785
f 1784 1785 1783
f 1773 1795 1771
f 1798 1813 1797
f 1777 1799 1798
f 1761 1791 1790
f 1785 1801 1783
f 1769 1793 1767
f 1773 1797 1796
f 1759 1788 1757
f 1779 1800 1799
f 1765 1791 1763
f 1755 1802 1785
f 1757 1787 1755
f 1771 1794 1769
f 1777 1797 1775
f 1759 1790 1789
f 1783 1800 1781
f 1767 1792 1765
f 1803 1820 1819
f 1796 1811 1795
f 1793 1810 1809
f 1792 1807 1791
f 1787 1818 1802
f 1790 1805 1789
f 1801 1816 1800
f 1787 1804 1803
f 1799 1814 1798
f 1797 1812 1796
f 1794 1811 1810
f 1792 1809 1808
f 1791 1806 1790
f 1802 1817 1801
f 1788 1805 1804
f 1799 1816 1815
f 1830 1832 1834
f 1815 1830 1814
f 1813 1828 1812
f 1811 1826 1810
f 1809 1824 1808
f 1807 1822 1806
f 1818 1833 1817
f 1805 1820 1804
f 1816 1831 1815
f 1814 1829 1813
f 1812 1827 1811
f 1810 1825 1809
f 1807 1824 1823
f 1803 1834 1818
f 1806 1821 1805
f 1817 1832 1816
f 1845 1841 1837
f 1786 1835 1756
f 1756 1836 1758
f 1770 1843 1772
f 1776 1846 1778
f 1760 1838 1762
f 1784 1848 1849
f 1766 1841 1768
f 1774 1843 1844
f 1778 1847 1780
f 1764 1838 1839
f 1786 1849 1850
f 1768 1842 1770
f 1774 1845 1776
f 1760 1836 1837
f 1782 1847 1848
f 1756 1758 1757
f 1758 1760 1759
f 1760 1762 1761
f 1762 1764 1763
f 1764 1766 1765
f 1766 1768 1767
f 1768 1770 1769
f 1770 1772 1771
f 1772 1774 1773
f 1774 1776 1775
f 1776 1778 1777
f 1778 1780 1779
f 1780 1782 1781
f 1782 1784 1783
f 1766 1764 1839
f 1786 1756 1755
f 1784 1786 1785
f 1773 1796 1795
f 1798 1814 1813
f 1777 1779 1799
f 1761 1763 1791
f 1785 1802 1801
f 1769 1794 1793
f 1773 1775 1797
f 1759 1789 1788
f 1779 1781 1800
f 1765 1792 1791
f 1755 1787 1802
f 1757 1788 1787
f 1771 1795 1794
f 1777 1798 1797
f 1759 1761 1790
f 1783 1801 1800
f 1767 1793 1792
f 1803 1804 1820
f 1796 1812 1811
f 1793 1794 1810
f 1792 1808 1807
f 1787 1803 1818
f 1790 1806 1805
f 1801 1817 1816
f 1787 1788 1804
f 1799 1815 1814
f 1797 1813 1812
f 1794 1795 1811
f 1792 1793 1809
f 1791 1807 1806
f 1802 1818 1817
f 1788 1789 1805
f 1799 1800 1816
f 1834 1819 1820
f 1820 1821 1822
f 1822 1823 1824
f 1824 1825 1826
f 1826 1827 1828
f 1828 1829 1830
f 1830 1831 1832
f 1832 1833 1834
f 1834 1820 1822
f 1822 1824 1834
f 1824 1826 1834
f 1826 1828 1834
f 1828 1830 1834
f 1815 1831 1830
f 1813 1829 1828
f 1811 1827 1826
f 1809 1825 1824
f 1807 1823 1822
f 1818 1834 1833
f 1805 1821 1820
f 1816 1832 1831
f 1814 1830 1829
f 1812 1828 1827
f 1810 1826 1825
f 1807 1808 1824
f 1803 1819 1834
f 1806 1822 1821
f 1817 1833 1832
f 1837 1836 1835
f 1835 1850 1849
f 1849 1848 1847
f 1847 1846 1845
f 1845 1844 1843
f 1843 1842 1841
f 1841 1840 1839
f 1839 1838 1837
f 1837 1835 1849
f 1849 1847 1837
f 1847 1845 1837
f 1845 1843 1841
f 1841 1839 1837
f 1786 1850 1835
f 1756 1835 1836
f 1770 1842 1843
f 1776 1845 1846
f 1760 1837 1838
f 1784 1782 1848
f 1766 1840 1841
f 1774 1772 1843
f 1778 1846 1847
f 1764 1762 1838
f 1786 1784 1849
f 1768 1841 1842
f 1774 1844 1845
f 1760 1758 1836
f 1782 1780 1847
